Address Title,Address Code,Address Line 1,Postal Code,City,State,Origin Address
10117747,Sree Sai Roller Flour Mill Pvt Ltd.,"Unit-2, Plot No.48, IDA Phase-2, TSIIC, Industrial Area, Patancheru, Hyderabad. Telangana",502319,HYDERABAD,TELANGANA,TRUE
10181769,DHARMESH FOOD PROCESS PVT LTD,BHAVNAGAR,364001,BHAVNAGAR,GUJARAT,TRUE
10241002,"AKSHAT AGRO MILLING COMPANY PVT LTD, NIMRANI",INDUSTRIAL AREA AB ROAD NIMRANI KHARGONE KHANDWA EAST NIMAR Madhya Pradesh ,451001,NIMRANI,MADHYA PRADESH,TRUE
10303208,Bikanervala Foods Private Limited,"Plot No. 34-37, Industrial Park, Muppireddpally Village, Manoharabad, Medak, Telangana, ",502336,HYDERABAD,TELANGANA,TRUE
10324919,GREENFIZZ BEVERAGES PRIVATE LIMITED,"MOUJA - AJABNAGAR, P.O. MOLLA SIMLA, P.S., SINGUR, DIST - HOOGHLY, HOOGHLY, WEST BENGAL",712223,HOOGHLY,WEST BENGAL,TRUE
10333601,Zion Aqua,"VILLAGE SARABERIYA,PIRGACHA, PS : DUTTAPUKUR, P.O : KADAMBAGACHI, NORTH TWENTY FOUR PARGANAS, WEST BENGAL",700124,BARASAT,WEST BENGAL,TRUE
10348434,JAIPUR 10348434,JAIPUR,,JAIPUR,RAJASTHAN,TRUE
2.00E+09,Nancy Trading Link,"Block No,-58/1 OR 59/1, OCTRIO free zone,Bhandara road,Wardhman nagar,Nagpur,Maharashtra-,      ",440008,NAGPUR,MAHARASHTRA,TRUE
20.0183762,PARVATI ENTERPRISES,YAMUNANAGAR,,YAMUNANAGAR,HARYANA,TRUE
2000163322,XCEL INDIA,"Block 14, Sector 116 , Noida UP ",201305,NOIDA,UTTAR PRADESH,TRUE
2000163380,Mohit Enterprises,"Near Denso LTD, Village Tilpta karanwas, Greater Noida",201308,NOIDA,UTTAR PRADESH,TRUE
2000163586,SHIV LOK PURI 363/369 KANKERKHERA,SHIV LOK PURI 363/369 KANKERKHERA,250001,KANKERKHERA,UTTAR PRADESH,TRUE
2000163720,Coslogenex solutions,"22, Kapil Vihar Colony, Banna Devi, G. T. Road, Aligarh,",202001,Aligarh,UTTAR PRADESH,TRUE
2000163724,ASHISH MARKETING,"Plot No. C-65, Road No. 1 C, V.K.i  Area , Jaipur ",302013,JAIPUR,RAJASTHAN,TRUE
2000163901,PANTRY CART EBUSINESS,"705, MAIN ROAD HERLE KOLHAPUR  ",416005,KOLHAPUR,MAHARASHTRA,TRUE
2000164237,AGRAWAL SALT TRADING CO. direct,"A-6, SHREE SAHJANAND KUTIR LAGHU,UDHYOG VASAHAT,, B/H PETROL PUMP, MUJMAH,VADODARA, Vadodara, Gujarat",390020,VADODARA,GUJARAT,TRUE
2000164697,Gurukripa Agency,"National Highway No.6, Murtizapur Road, Sisa, Akola Taluka, Akola, Maharashtra",444001,AKOLA,MAHARASHTRA,TRUE
2000164698,Laxmi Venkatesh kirana Stores,"Mr. Sudhakar Madhurrao Labhshetwar H No 208 Main Road Narsi Phata TQ Naigaon Dist Nanded, Maharashtra",431709,NANDED,MAHARASHTRA,TRUE
2000164714,M/S ROHIT TRADER HALDWANI,"Nr Dainik Jagran Press, Devalchaur, Rampur Road, Haldwani",263139,HALDWANI,UTTARAKHAND,TRUE
2000165178,VYAS TRADING COMPANY,"Talawali Chanda Opp, Panchvati Colony Dewas Naka Indore Indore , Madhya Pradesh",453771,INDORE,MADHYA PRADESH,TRUE
2000165273,Modi Distributors,"Mpdo finance, Prem nagar road , near Mallikarjun hHotel , Balaghat",481001,BALAGHAT,MADHYA PRADESH,TRUE
2000165357,R S ENTERPRISES hub,"Raghunathpur Panchayat,Raghunathpur, Motihari,Purbi Champaran, Bihar,Champaran",845305,Champaran,BIHAR,TRUE
2000165513,JAYNATH DISTRIBUTORS PVT LTD.,"Near Mudi Darwaja, Rajkot Highway, Sayla, District Surendra Nagar",363430,SURENDRANAGAR,GUJARAT,TRUE
2000165535,VASAI,"RAJLABDHI MARKETING ; WN NO. B-3, YUNUS ESTATE, KHANDIPADA ROAD, NR ZILLA PARISHAD SCHOOL,  KAMAN, VASAI ",401208,VASAI,MAHARASHTRA,TRUE
2000165728,Gurukripa Agency Bhopal,"C-9 GROUND FLOOR SHUBH BUSINESS ZONE, RASLAKHEDI ROAD, BHANPUR BHOPAL (MP) ",462001,BHOPAL,MADHYA PRADESH,TRUE
2000166167,Unity Traders Jabalpur MP,"Unity Traders Plot No. 264 , Bye Pass Road , Katangi Crossing, Jabalpur MP ",482003,JABALPUR,MADHYA PRADESH,TRUE
2000166850,ARSHABEN HASHMUKHLAL SHAH,2- GAJRA HOUSE NAROLI ROAD SILVASSA Dadra&NagarHaveli ,396230,SILVASSA,DADRA AND NAGAR HAVELI (UT),TRUE
2000167124,SIDDHI ENTERPRISE,"B-310,SIGNATURE 2,SARKHEJ SANAND HIGHWAY, SANAND CHOWKDI, AHMEDABAD    ",800007,AHMEDABAD,GUJARAT,TRUE
2000167496,"Nowgam, Kashmir","Nowgam, Kashmir",,Nowgam,JAMMU & KASHMIR,TRUE
2000167539,SHYAM SUNDAR & CO PVT LTD,"52/4 ,Strand Road ,Posta,",700007,KOLKATA,WEST BENGAL,TRUE
2000167637,OOMI ENTERPRISES,"AKSHYA MITTAL INDUSTRIAL PREMISES, CO. OP SOC LTD. BLDG NO. 5, C WING. GALA NO. 100, ANDHERI KURLA ROAD",400059,MUMBAI,MAHARASHTRA,TRUE
2000167719,MEGASTAR FOODS LTD,"Megastar Foods Ltd, Kurali-Ropar Road, Village Solkhian, Rupnagar, Punjab",140108,RUPNAGAR,PUNJAB,TRUE
2000167877,QUALITY DISTRIBUTORS hub disp,"BASUDEVPUR,Purba Medinipur, West Bengal-",721632,Medinipur,WEST BENGAL,TRUE
2000167942,Om Sai Enterprises,"PARKING NO 1, INFRONT OF DASHMESH TRANSPORT, TRANSPORT OFFICE GWALIOR(M.P)",474010,GWALIOR,MADHYA PRADESH,TRUE
2000168067,OM TRADERS,"PROPERTY NO. 398, NAYA BANS AND ENTRANCE FROM 535-536,LAHORI GATE, NAYA BAZAR, Central Delhi, Delhi",110006,DELHI,DELHI,TRUE
2000168133,MAA AMBEY ENTERPRISES hub,"BANJARIYA SAHU TOLA MOTIHARI,CHAMPARAN BIHAR,Champaran",845305,Champaran,BIHAR,TRUE
2000168193,RAM SWAROOP ARUN KUMAR PRIVATE LIMITED,ARATH BAZAR DEHRADUN,248001,DEHRADUN,UTTARAKHAND,TRUE
2000168510,SINGHBHUM,"CITY GROCER, DOMUHANI ROAD KAGALNAGAR, East Singhbhum, Jharkhand Singhbhum ",831011,SINGHBHUM,JHARKHAND,TRUE
2000168525,M/S PARNEESH ENTERPRISES,Nehrain Anoop Kumar S/O Shri Ram Raj Sharma  Post Office Nehrain VPO Nehrain Tehsil Amb Himachal Pradesh Una ,177211,UNA (HP),HIMACHAL PRADESH,TRUE
2000168564,DURGAPUR,"Bardhaman, West Bengal",713304,Asansol,WEST BENGAL,TRUE
2000169009,MUSTAFA TRADERS,"SHOP NO 15, 217, RAVIWAR PETH MARKET YARD, SATARA, MAHARASHTRA",415002,SATARA,MAHARASHTRA,TRUE
2000169091,Laxmi Protein Pvt ltd,"Unit 1, Mahalaxmi Pulse Mill, behind Kumar Shada,Station Road, Vasad",388306,Vasad,GUJARAT,TRUE
2000169258,LAKHOTIA SALES CORPORATION,"PLOT NO 72, CHIKHALI LAYOUT,  KALAMANA ROAD, NAGAR ",440008,NAGPUR,MAHARASHTRA,TRUE
2000169401,RD BROTHERS,SURAT,NA,SURAT,GUJARAT,TRUE
2000169454,SHIV SHAMBHU TRADERS,"KRISHAN NAGAR, A-4/3, LAL,QUATER ROAD, Jheel Khuranja,New Delhi, East Delhi, Delhi",110051,DELHI,DELHI,TRUE
2000169469,RAJESH BALDEV GOPWANI,AHMEDABAD,,AHMEDABAD,GUJARAT,TRUE
2000169572,KHAN ENTERPRISES,"B-255, GAUTAMPURI, PHASE-2, BADARPUR,  SOUT,DELHI,",110044,DELHI,DELHI,TRUE
2000169576,SANSKAR ENTERPRISES,"PLOT NO 466, EMPRESS MILL COLONY, SHREE NAGAR, NAGPUR, MAHARASHTRA  ",440015,NAGPUR,MAHARASHTRA,TRUE
2000169590,LOCAL SEWA TRADING,"2, 123, Fatehpur chandela, Fatehpur  Pincode chandela, Faridabad, Faridabad, Haryana",122001,GURGAON,HARYANA,TRUE
2000169690,SHREE SHREE SHAM TRADERS,"G T ROAD, MANDI GURDASPUR,",143521,PATIALA,PUNJAB,TRUE
2000169723,KISHORI LAL PAWAN KUMAR,"Old Grain Market, Ambala, Ambala, Haryana",134003,AMBALA,HARYANA,TRUE
2000170031,LUDHIANA,"Yudhveer Trading Co, Shop No 4 Parkash Kochar Market , Rahon Road, Ludhiana ",141007,LUDHIANA,PUNJAB,TRUE
2000170049,NOVAMARS ENTERPRISE LLP,BURDWAN,,BURDWAN,WEST BENGAL,TRUE
2000170090,UPASHNA TRADERS,Delhi-Delhi,110083,DELHI,DELHI,TRUE
2000170102,V. RAMESHCHANDRA & CO.,"B-2, GALA NO.54, ANMOL TEXTILE MARKET,RAHNAL, Thane, Maharashtra,",462026,THANE,MAHARASHTRA,TRUE
2000170153,POOJA AGENCY,"Prakash Complex,Near Vyas Talab,Bilaspur Road Bhanpuri Raipur Chhattisgarh",492009,RAIPUR,CHHATISGARH,TRUE
2000170213,USHAID AHMAD,"RRD COLLEGE, BESEMENT,352 BUTTS GUNJ, IQBAL P",,SITAPUR,MADHYA PRADESH,TRUE
2000170232,M/S Sri Satyanarayana swamy agencies,"6-116/7/A, Uthkoor, Luxetipet ",504215,Luxetipet,TELANGANA,TRUE
2000170243,Subansiri enterprises,"GROUND, OPP COURT FIELD, NH-52, WARD NO 4, DHEMAJI, ASSAM",787057,DHEMAJI,ASSAM,TRUE
2000170374,SUJIT KUMAR,"WARD NO - 19, HOLDING NO - 211C , GADDI MOHALLA , GIRIDHI, 815301, JHARKHAND",,GIRIDH,JHARKHAND,TRUE
2000170428,DURGA TRADERS,"GROUND FLOOR, 17/1809-A, RIGHT SIDE, WEST PATEL NAGAR, NEAR BLOCK 19, Central Delhi, Delhi, 110008",,DELHI,DELHI,TRUE
2000170435,SHREE NAKODA ENTERPRISES (RAJ),"D-172, INDRA COLONY, NEWAI TONK, RAJASTHAN ",304021,TONK,RAJASTHAN,TRUE
2000170486,Shree Radhey Associate,"HO 04 SHREE RAM SHARNAM COLONY SHAPURA THANE KE PASS E8 EXTENTION BAWDIYA KALAN, TRILANGA",462026,BHOPAL,MADHYA PRADESH,TRUE
2000170493,J P TRADERS,"SHRIRAM GENERAL INSURANCE COMPANY, NEAR CANNT CHAURAHA, KASYA ROAD, BETIA HATA, GORAKHPUR, UTTAR PRADESH, ",273001,Gorakhpur,UTTAR PRADESH,TRUE
2000170512,SRI NOOKA LAKSHMI NARAYANAMMA ENTERPRISES,"16-4-46/1, NOOKAMBICA STREET, GAVARAPALEM , ANAKAPALLI",534007,Anakapalli,ANDHRA PRADESH,TRUE
2000170541,RADHEYSHYAM BRIJKISHORE,"WARD NO 1, DARRI ROAD, Korba, Chhattisgarh --- Korba Bilaspur Chhattisgarh ",495677,BILASPUR,CHHATISGARH,TRUE
2000170720,SUNIL TRADING COMPANY,ANAJ MANDI LEHRAGAGA SANGRUR PUNJAB ,148031,Sangrur,PUNJAB,TRUE
2000170801,SHIV TRADING COMPANY,"KH NO 172, 182, INDRA PARK, OPP. RAM MANDIR, NAJAFGARH, West Delhi, Delhi, ",110043,DELHI,DELHI,TRUE
2000170884,"GATA NO.734, BABRALA ROAD","GATA NO.734, BABRALA ROAD, BAHJOI Sambhal, Uttar Pradesh, Moradabad",244001,Moradabad,UTTAR PRADESH,TRUE
2000171036,MOGA,"AMAN TRADING COMPANY, SHO NO 89, GURU NANAK MARKET, MOGA, 142001 ",142001,MOGA,PUNJAB,TRUE
2000171068,EAN ENTERPRISES,"C/0 Rishi Rosh Kataria 01, Near literacy India school New palam vihar,Pincode Bajghera Chrterpuri Gurgaon HR, Gurugram, Haryana, 122017",,GURGAON,HARYANA,TRUE
2000171145,RAJEEV KUMAR,"GHAZIABAD,",,GHAZIABAD,UTTAR PRADESH,TRUE
2000171177,Lajpat Rai Mohan Lal,"Sohan Lal Manoj Kumar, Old Grain,Market, Malerkotla, Sangrur",148023,Malerkotla,PUNJAB,TRUE
2000171264,Shree Agrawal Trading Co.,"PL. 50 TO 53 AND 100 TO 103 , NEW HARIDHAM SOC. , UDHNA, Surat, Surat Municipal Corporation, Gujarat,",394221,SURAT,GUJARAT,TRUE
2000171267,KRIYANSH MARKETING,"KRIYANSH MARKETING, NEW SHAKTI SOCIETY, OPP- RAMDEV BHEL, SHAYAM DAIRY, SANT KABIR ROAD",360003,RAJKOT,GUJARAT,TRUE
2000171585,Parag Vijaykumar Vora,TEMBHURNI,413208,SOLAPUR,MAHARASHTRA,TRUE
2000171782,SHIVAY ENTERPRISES,WARD NO 15 NEAR SADHU SHRI GRADEN RATAHRA REWA MADHYA PRADESH,486001,REWA,MADHYA PRADESH,TRUE
2000171998,PADMASHREE TRADING,BILAL TRADERS RAJ GALLI GELORAI BEED MH,431127,BEED,MAHARASHTRA,TRUE
2000172092,NK TRADING CO,"B-3,gaushala road,hoshiarpur,punjab,",146001,HOSHIARPUR,PUNJAB,TRUE
2000172188,Ms Santosh Traders,"H-45, Scheme No. 10 Manasa Road,Neemuch, Neemuch, Madhya Pradesh,Neemuch",458441,NEEMUCH,MADHYA PRADESH,TRUE
2000172246,Jamuna Ji Enterprises,"JYOTI COMPLEX,KILA PARISHAR DATIA,MADHYA PRADESH",475661,DATIA,MADHYA PRADESH,TRUE
2000172296,Deepak Enteprises,B-106 Kana Vihar Gandi Path West Bhura Patel Marg Jaipur,302021,JAIPUR,RAJASTHAN,TRUE
2000172328,Talwar Enterprises,"Maheshpura, Rampur Road, P. O. C. B. Ganj",243502,BAREILY,UTTAR PRADESH,TRUE
2000172395,M/S BANASRI DAS PRAMOD KUMAR JAIN,"Delivery Address 12/15, NAGLA BALCHAND, NUNHAI, AGRA-282001",282001,AGRA,UTTAR PRADESH,TRUE
2000172451,PRAMOD AGENCY,"1,Beside lic office,khajuraho, Madhya pradesh",471606,khajuraho,MADHYA PRADESH,TRUE
2000172469,Ravi Enterprise,151/2 Swnhoe Lane Kolkata ,700042,KOLKATA,WEST BENGAL,TRUE
2000172495,Shree Odhavram Agency,"SHOP NO.4, OM SHREE PRATHMESH CHS LTD, NEW AYRE ROAD, DOMBIVALI EAST, THANE ",421201,THANE,MAHARASHTRA,TRUE
2000172559,M/S Rajendra Kirana,M/S Rajendra Kirana Ujjain,456224,UJJAIN,MADHYA PRADESH,TRUE
2000172632,Chandru Traders,"Swastik Trading Company, Nirmal State Behind Subhas Colony Chhindwara",480001,CHINDWARA,MADHYA PRADESH,TRUE
2000172696,"SHREEJI TRADERS, FARIDABAD","E-1512, 27 FEET ROAD NEAR SHIV MANDIR DABUA COLONY Faridabad, Haryana",121001,FARIDABAD,HARYANA,TRUE
2000172735,FORTUNE SALES PVT.LTD,"1216, FORTUNE SALES PRIVATE LIMITED,NEEM WALA CHOWK, IQBAL GANJ,Ludhiana, Punjab",141008,LUDHIANA,PUNJAB,TRUE
2000172785,Shiv Traders,"GALI NO.-1, BALAJEE COMPLEX, BEHIND KAMDHENU COMPLEX, Saharanpur, Uttar Pradesh",247001,SAHARANPUR,UTTAR PRADESH,TRUE
2000172839,GOPAL TRADING COMPANY,"PLOT NO- 11B, GANPATI ENCLAVE, NAJAFGARH, South West Delhi, Delhi, 110043",,DELHI,DELHI,TRUE
2000172857,Manish Enterprises,"Manish Enterprises-- Waidhan-Shahdol,Singrauli",486886,Shahdol,MADHYA PRADESH,TRUE
2000172860,ANAND PRAKASH ENTERPRISES,"DHANI RAM BAZAR,SAMANA,PATIALA,PUNJAB,",147101,GURDASPUR,PUNJAB,TRUE
2000172985,DIPTI TRADERS,"PLOT NO.6, MARKET YARD, SATARA, MAHARASHTRA",415001,SATARA,MAHARASHTRA,TRUE
2000173013,M/S AMAN ENTERPRISES,"01, GALLA MANDI BY PASS ROAD, INDUSTRIAL AREA, CHHATARPUR(MP)",471001,CHATTARPUR,MADHYA PRADESH,TRUE
2000173057,LAKSHYA TRADE LINKS,"BORIYAKALA, JAI SHADARAM MARKET BORIYAKA RAIPUR CHHATTISGARH Raipur",492001,RAIPUR,CHHATISGARH,TRUE
2000173073,INDIRA ENTERPRISES,"INDIRA ENTERPRISES ,Balaghat ",481001,BALAGHAT,MADHYA PRADESH,TRUE
2000173096,MAYUR TRADERS,MAYUR TRADERS ,487221,Hoshangabad,MADHYA PRADESH,TRUE
2000173102,M/S SUMIT TRADERS,"Near Samradhi hospital, Bharthana chauraha , Etawah 	",206253,ETAWAH,UTTAR PRADESH,TRUE
2000173178,RAJEEV RANJAN SINGH,VARANASI,,VARANASI,UTTAR PRADESH,TRUE
2000173852,KEDARNATH FOOD INC,"KUVADVA-WAKANERROADOPP.FISHFA AGRI WORLDRSN159/1/1PLOT NO1-2,VILLAGE -SANOSARATA.DIST-RAJKOT",360023,RAJKOT,GUJARAT,TRUE
2000174089,Madhu enterprise,"Ground Floor, Kh No. 333, Street No. 2, Block J, Khadda Colony, Swaroop Nagar, Delhi, North West Delhi, Delhi, 110042",110042,DELHI,DELHI,TRUE
2000174090,M/S METRO CASH AND CARRY INDAI PVT. LTD.,MEERUT,,MEERUT,UTTAR PRADESH,TRUE
2000174096,GOEL TRADER,"G.F, C-5, SANGAM VIHAR, DELHI, South Delhi, Delhi, ",110062,DELHI,DELHI,TRUE
2000174103,METRO CASH AND CARRY INDIA PVT LTD Sarkhej,"Plot No : 54 & 95, SP Ring Road,Village Sarkhej and Okaf,Ahmedabad",382210,AHMEDABAD,GUJARAT,TRUE
2000174141,METRO CASH AND CARRY INDIA PVT LTD SURAT,"VIP Road, Block no 188 survey no 143,Shagun Villa, VIP Road,ALTHANA, Surat",395017,SURAT,GUJARAT,TRUE
2000174233,FS ENTERPRISES,NEAR BADLI MASJID PADALI GUJJAR ROORKEE HARIDWAR ,247667,HARIDWAR,UTTARAKHAND,TRUE
2000174627,Zirakpur,Zirakpur,140603,Zirakpur,PUNJAB,TRUE
2000174631,METRO CASH & CARRY INDIA PRIVAT Kolkata,"Kolkata Metro,",,KOLKATA,WEST BENGAL,TRUE
2000174795,M/S.JIWAN LAL DEV RAJ,"NEW GRAIN MARKET SANGRUR,PUNJAB-",148001,Sangrur,PUNJAB,TRUE
2000174988,RMC FOODS AND FATS (INDIA) PVT LTD,PUNE,,PUNE,MAHARASHTRA,TRUE
2000175006,SAGAR SALES AGENCIES,"98, Tilak Marg, Neemuch  98,Naya Bazar Neemuch Godown-H No 18 Bunglow No,46,CRPF ROAD ",458441,NEEMUCH,MADHYA PRADESH,TRUE
2000175076,HANUMAN TRADERS HUB,"89, NECHUA JALALPUR,Gopalganj,",841428,Gopalganj,BIHAR,TRUE
2000175115,SAHARA AGENCIES,"403, SAI KAMAL APARTMENT, DARJI ALI, VASAI WEST, PALGHAR, MAHARASHTRA",401201,PALGHAR,MAHARASHTRA,TRUE
2000175164,Arpit Traders,"WARD NO - 18 NEW, STATE BANK ROAD, MANENDRAGARH, Korea, Chhattisgarh, ",497442,MANENDRAGARH,CHHATISGARH,TRUE
2000175279,PURUSHOTTAM SUPER BAZAR,"SUBPRABHAT SANKUL, 1 BUTY LAYOUT, DHARMAPETH EXTENSION, SHIVAJI NAGAR, NAGPUR, MAHARASHTRA",440010,NAGPUR,MAHARASHTRA,TRUE
2000175380,NILESH JAGATNARAYAN AWASTHI,AHMEDABAD,,AHMEDABAD,GUJARAT,TRUE
2000175468,Atul Kumar Arun Kumar,"aspuriya Line,Ram Nagar, Nainital, Uttarakhand, ",244714,NAINITAL,UTTARAKHAND,TRUE
2000175485,MEHTA FMCG,"JUNI UNANI KANDORI,NADIPA,JAMNAGAR",361001,JAMNAGAR,GUJARAT,TRUE
2000175487,BIKANER NAMKEEN BHANDAR,"NEAR TULSI CHOWK , GANGAPUR, AMBIKAPUR SURGUJA",497001,SURGUJA,CHHATISGARH,TRUE
2000175492,SRIRAM DISTRIBUTOR,"M/S GANGURDE'S WAREHOUSING COMPLEX,GAT NO.-108,JAWULKE,DINDORI,TAL - DINDORI,DIST - NASHIK ",422202,NASIK,MAHARASHTRA,TRUE
2000175494,BH SILCHAR,"NEAR VIVEKANANDA KENDRIYA VIDYALAYA, RAMNAGAR, SILCHAR, ASSAM Vivekananda Kendra Vidyalaya, Ram N Karimganj Road Cachar Assam   ",788003,SILCHAR,ASSAM,TRUE
2000175569,ANUJKUMAR ANILBHAI PATEL,KHEDA,,KHEDA,GUJARAT,TRUE
2000175676,M A PRAKASH   STORE,"21/2, 9TH BHARATHIYAR ROAD SADASHIVA TEMPLE ROAD BENGALORE URBAN, BANGALORE",560033,BANGALORE,KARNATAKA,TRUE
2000175699,YAGNESH RAJESHBHAI SOJITRA,RAJKOT,,RAJKOT,GUJARAT,TRUE
2000175744,Gaurav Enterprises,"Basement, House No. 17, Road No.24, Punjabi Bagh Extension,West Delhi, Delhi, ",110026,DELHI,DELHI,TRUE
2000175749,USHA TRADING CO.-HUB,"19, GANDHI CHOWK,DEESA,Banaskantha,Gujarat -",385535,Banasanktha,GUJARAT,TRUE
2000175753,UNITY TRADERS,"264-266, KATANGI BYAPASS SQUARE,PADWARKALA,Jabalpur",482002,JABALPUR,MADHYA PRADESH,TRUE
2000175764,BHAGWATI SALES & DISTRIBUTORS,JALPAIGURI,,JALPAIGURI,WEST BENGAL,TRUE
2000175765,SHRI KANHAIYA TRADERS,"PLOT NO-107/53 ,AT-NACHHIPUR ,PO-BHATTAPATNA,BALIANTA ,BHUBANESWAR ",752115,BHUBANESHWAR,ODISHA,TRUE
2000175778,THA.RAMNIKLAL VITTHALDAS,"SUTARWADA,PORBANDAR",360575,PORBANDAR,GUJARAT,TRUE
2000175782,ARYA TRADING COMPANY,"M/S ARYA,TRADING COMPANY,OLD GRAIN MARKET, NABHA ,PATIALA, PUNJAB, 147201",147201,LUDHIANA,PUNJAB,TRUE
2000176043,Chakeshvari Sales,"25 Shiv Nagar society, 8/1138, Mahavirnagar, Himmatnagar Sabarkantha, Gujrat",383001,HIMMATNAGAR,GUJARAT,TRUE
2000176070,ASHISH SURESH MANDHANE,"H.NO. 137, MAIN ROAD, DHASAI, MURBAD, THANE,",421402,THANE,MAHARASHTRA,TRUE
2000176135,BHARAT TRADING CO,"A 372, SHOP NO 2, LILAVATI BUILDING, AMBAMATA ROAD, PALGHAR, ",401404,PALGHAR,MAHARASHTRA,TRUE
2000176875,TECHNOSKILL INCORPORATE,"HH8,CIVIL TOWNSHIP,ROURKELA, ",769004,ROURKELA,ODISHA,TRUE
2000176881,HRIDAY CONSULTANCY LLP,"Raheja Tesla, Unit No-320,Plot GEN-2/1, MIDC, Near Maruti Suzuki Showroom, Juinagar, Navi Mumbai",400705,NAVI MUMBAI,MAHARASHTRA,TRUE
2000177510,A.G TRADERS," HANSLI BAZAR, DHAB WASTI RAM, GATE HAKIMA, AMRITSAR",143001,AMRITSAR,PUNJAB,TRUE
2000177567,MOHAMMADKASIM MOHAMMADARIFALI,ANAND,,ANAND,GUJARAT,TRUE
2000177588,SHREE BALAJI ENTERPRISES,SOLAN,173212,SOLAN,HIMACHAL PRADESH,TRUE
2000177614,SUMIT TRADERS,"SHOP NO 1-19,20, NEW WHOLESALE KIRANA MARKET, BALAPUR ROAD, AKOLA, MAHARASHTRA",444001,AKOLA,MAHARASHTRA,TRUE
2000177724,NISANIA TRADERS,NISANIA TRADERS Bilaspur (CGH),495001,BILASPUR,CHHATISGARH,TRUE
2000177732,S.S.D TRADERS,"MATHPARA, POWER HOUSE ROAD , RAJNANDGAON , CHHATTISGARH,  ",491441,RAJNANDGAON,CHHATISGARH,TRUE
2000177773,"NH 965 D,WADHE ,BASAPPACHIWADI SATARA-","NH 965 D,WADHE ,BASAPPACHIWADI SATARA-",415011,SATARA,MAHARASHTRA,TRUE
2000177834,RAJVI ENTERPRISE,BHAVNAGAR,,BHAVNAGAR,GUJARAT,TRUE
2000177910,RAVI TULSIDAS SHAH,"D-1/ Gala No 10, Ground Floor, Parasnath Comp",,THANE,MAHARASHTRA,TRUE
2000178133,M/S MANGALA ENTERPRISES,"57,57/3,  Mancherial Road, Near Head Post Office,  Mancherial, Telangana ",504208,Mancherial,TELANGANA,TRUE
2000178171,S.K. TRADERS,DAL DALIAN CHOWK NEAR GUR MANDI PATIALA PUNJAB ,147001,PATIALA,PUNJAB,TRUE
2000178220,SARA MARKETING,"19/1,KALPANA FABRIK COMPOUND,NR RANIPUR CHURCH,OPP COZY HOTEL,NAROL,AHMEDABAD,GUJARAT",,AHMEDABAD,GUJARAT,TRUE
2000178284,SM MARKETING,"Bgalagunte Police Station,No;388,5th Cross,6th Main,MEI Layout,Bagalagunte,Bangalore",560073,BANGALORE,KARNATAKA,TRUE
2000178286,SHIKHAR ENTERPRISES,GANDHI GANJ CHINDWARA MADHYAPRADESH,480001,CHINDWARA,MADHYA PRADESH,TRUE
2000178403,Nutraoil Pvt. Ltd.,"Delivery Address 14/17, Naya Ganj, Ghaziabad",201001,GHAZIABAD,UTTAR PRADESH,TRUE
2000178433,Anand Sales,"JAMNAGAR ROAD ,RAJKOT,",360001,RAJKOT,GUJARAT,TRUE
2000178451,Amrit Kirana,"73, Maharishi Dayanand Marg, Ratlam, Madhya Pradesh ",457001,RATLAM,MADHYA PRADESH,TRUE
2000178536,NARAYAN SALES AGENCY,"3RD FLOOR, 105, RAMESHWAR APPARTMENT, 7 JAGGANATH, PLOT, DR YAGNIK ROAD, RAJKOT",360001,RAJKOT,GUJARAT,TRUE
2000178663,CHANDRA TRADERS,"NEAR SHIV OIL MILL BAJPAI WARD, GONDIAMaharashtra,",441601,GONDIA,MAHARASHTRA,TRUE
2000178672,Priyampada Bhanu,"654, kood, fagol, salipur, cuttack, odisha",754221,CUTTACK,ODISHA,TRUE
2000178681,VHD DISTRIBUTORS LLP,"12/4, DIL PASAND COLONY, 12 RACE COURSE ROAD, OPP.YASHWANT CLUB,Indore, Madhya Pradesh",452003,INDORE,MADHYA PRADESH,TRUE
2000178769,Fakir Chand Hazari Lal,"64A/84A Meerganj Prayagraj, UP",211003,Prayagraj,UTTAR PRADESH,TRUE
2000178818,Front Hand Associates,"c-72, nyay nagar ex, near delight hotel,gurunnak nagar, Khajrana, Indore MP",452016,INDORE,MADHYA PRADESH,TRUE
2000178828,Khubram munalal,"52/10, SHAKKARPATTI KANPUR, Kanpur Nagar UP",208001,KANPUR,UTTAR PRADESH,TRUE
2000178845,Tilak Raj Ramesh Pall,"MAIN BAZAR , MAIN BAZAR, VPO MAJITHA, AMRITSAR, PUNJAB,",143601,AMRITSAR,PUNJAB,TRUE
2000178864,ATUL KUMAR GAGN DEEP TRADING CO.,"Sec-17, Shop No-133, Kurukheshtra",136118,Kurukheshtra,HARYANA,TRUE
2000178895,MAHESH SHIVHARE AND SONS,"TAHSEEL ROAD ,MAUDAHA",210507,Maudaha,UTTAR PRADESH,TRUE
2000178922,A. K. ENTERPRISE,"PLOT NO. 88 CHAKRADHAR SOCIETY UGAT - PALANPUR ROAD, SURAT",,SURAT,GUJARAT,TRUE
2000178925,Dhanpat Rai Ram Bilas,"DHANPAT RAI RAM BILAS, NEAR GHANTA GHAR,JANTA BAZAR, JIND, Jind, Haryana",126102,JIND (HARYANA),HARYANA,TRUE
2000178943,M S ENTERPRISES,"Badarpur, New Delhi, New Delhi, Delhi,",110044,DELHI,DELHI,TRUE
2000178955,SACHIN ENTERPRISES,"L-112A, RANGPURI ROAD, OPP-SHIV MARUTI COMPLEX, MAHIPALPUR, NEW DELHI",110037,DELHI,DELHI,TRUE
2000178983,KEDIA TRADING COMPANY,JANATA MARKET GOLE BAZAR KHARAGPUR MIDNAPORE,721301,KOLKATA,WEST BENGAL,TRUE
2000178984,P K KARYANA STORE,"NEAR DEGREE COLLEGE, MOHALLA PANDITA POONCH, Rajouri, Jammu and Kashmir",185101,POONCH,JAMMU & KASHMIR,TRUE
2000179032,Shree Ram Distributers,"58, Patel Nagar, Hamidia Road, Bhopal, Madhya Pradesh,",462001,BHOPAL,MADHYA PRADESH,TRUE
2000179037,MAHAJAN TRADING CO.,"VILL KHAZAN,P.O.SADWAN,TEHSIL NURPUR,KHAZAN,KANGRA,HIMACHAL PRADESH",176202,Kangra,HIMACHAL PRADESH,TRUE
2000179086,ABHAY SALES-HUB,"BEHIND COLLEGE MAUGANJ REWA,MADHYA PRADESH , 486331",486331,REWA,MADHYA PRADESH,TRUE
2000179096,FATHAY CHAND & SONS,"10/12, MARWARIGANJ, BAREILLY",243001,BAREILY,UTTAR PRADESH,TRUE
2000179099,SOSYO HAJOORI BEVERAGES PVT LT,"RAJKOT WAREHOUSE, SURVEY NO 109/P-12,,SOKHDA",,RAJKOT,GUJARAT,TRUE
2000179127,Balaji Marketing,"FLOOR 1,4, PLOT 292A, RATAN SAGAR, JAISHANKAR YAGNIK ROAD, MUMBAI, MAHARASHTRA",,MUMBAI,MAHARASHTRA,TRUE
2000179133,BHAVESH AGENCY,RAJKOT,,RAJKOT,GUJARAT,TRUE
2000179177,Hetvik Enterprises,"Sai Park,Satpur Gaon,next to Shivaji Maharaj Market,Satpur,Nashik",422007,NASIK,MAHARASHTRA,TRUE
2000179194,V.K. GARG TRADERS,"GROUND FLOOR, KHATA NO. 76/103,M/S V.K. GARG TRADERS, AMLOH ROAD OPP. RELIANCE SMART BAZAR BADINPUR, KHANNA,LUDHIANA,PUNJAB",141401,LUDHIANA,PUNJAB,TRUE
2000179202,M/S Bordiya Traders,"13, Photi Bawdi Shukrawariya, Jaora, Ratlam, Madhya Pradesh",457226,RATLAM,MADHYA PRADESH,TRUE
2000179203,MS  Lala Meghraj  Garg And Sons,"B-23-2145/1, OLD NO. 658, INDUSTRIAL AREA-A, NEAR SHIV CHOWH, G.T, ROAD, LUDHIANA, PUNJAB.",141003,LUDHIANA,PUNJAB,TRUE
2000179227,GOYAL ENTERPRISES,"UNCHA GAON GATE, MAIN BAZAR,Pincode BALLABGARH, Faridabad, Haryana,",121001,FARIDABAD,HARYANA,TRUE
2000179240,LAKHOTIA TRADING,"Uttar Madarihat,Rangali Bazar,Madarihat,Alipurduar,West Bengal",735220,Alipurduar,WEST BENGAL,TRUE
2000179252,AYEKART FINTESH PVT. LTD.,"REHRA MAFI , MDHPUR BALRAMPUR",271604,BALRAMPUR,UTTAR PRADESH,TRUE
2000179350,SUNRISE ENTERPRISES,"GANDHI GUNJ, 891, PANDEY CHOWK, PURVI NIWARGUNJ, JABALPUR, Jabalpur, Madhya Pradesh",482002,JABALPUR,MADHYA PRADESH,TRUE
2000179388,LAXMI CORPORATION,"ANADEULA,KHATA NO-241/109 ,PLOT NO-621,BALIAPAL ,BAGADA ,ANADEULA ,BALESWAR ,ODISHA",756083,BALESWAR,ODISHA,TRUE
2000179398,M/S SHREE BALA JI ES-HUB(expiry),"Parking No -06, Near Goyal Dharam Katha, Transport Nagar, Gwalior",,GWALIOR,MADHYA PRADESH,TRUE
2000179460,PIHU TRADERS,RZ-498 GALI NO.9 DADA CHATTRI WALA MARG PALAM COLONY RAJ NAGAR PART-1 PALAM VILLAGE WEST DELHI N.D.,110077,DELHI,DELHI,TRUE
2000179465,Mahadev Traders,"House No 49, Jagnath Budhwari, Opp.TB Hospital, NAGPUR",440008,NAGPUR,MAHARASHTRA,TRUE
2000179509,Trishul Agency,"Plot no.-627,Near Water Tank,Chikhli Lay Out, Mini Mata Nagpur,Maharashtra",440035,NAGPUR,MAHARASHTRA,TRUE
2000179517,Garg Traders,"KH.NO 867,RIGHT SIDE,NEAR CANARA BANK,SANT NAGAR BURARI, North West Delhi, Delhi,",110009,DELHI,DELHI,TRUE
2000179520,GANESHI LAL HET RAM,"BAWARI BAZAR, 1989, KATLA BAZAR,MOTI CHOWK, REWARI, Rewari,Haryana,",123401,REWARI,HARYANA,TRUE
2000179521,AAR KAY ENTERPRISES,"625/08, jacubpura, near sadar bazar, GURGAON - 122001",121001,Fatehpur,HARYANA,TRUE
2000179603,RAVI STORE,"GALI NO. 1 , HOUSE NO 5, SHIV ENCLAVEPART 3, ISMAILPUR, FARIDABAD",,FARIDABAD,HARYANA,TRUE
2000179605,MANOJ KUMAR,MORADABAD,,Moradabad,UTTAR PRADESH,TRUE
2000179606,BRAHMADEV GENERAL STORE,"DI KESHIARY, KESHIARY, KESHIARY, KESHIARY, Paschim Medinipur, West Bengal",721133,KOLKATA,WEST BENGAL,TRUE
2000179611,KHANDELWAL TRADING COMPANY,"SHOP NO-2266, JAWAHAR COLONY, NIT FARIDABAD, Faridabad, Haryana",121001,FARIDABAD,HARYANA,TRUE
2000179612,INDRAWATI,MEERUT,,MEERUT,UTTAR PRADESH,TRUE
2000179626,JK Trading,"PLOT NO-2711, GOPALPUR, CUTTACK, ODISHA-",753011,CUTTACK,ODISHA,TRUE
2000179629,V R SALES,UDAIPUR,,UDAIPUR,RAJASTHAN,TRUE
2000179660,Nancy Trade Link,"Block No,-58/1 OR 59/1, OCTRIO free zone,Bhandara road,Wardhman nagar,Nagpur,Maharashtra-",440008,NAGPUR,MAHARASHTRA,TRUE
2000179694,SKY TRADING,"BASEMENT NO 1/2, GANESH NIWAS, MG ROAD, OPP SABRI HOTEL, GOEGAON WEST, MUMBAI",400104,MUMBAI,MAHARASHTRA,TRUE
2000179699,VANMALIDAS KOTHARI AND SONS,"NEAR BAZAR PETH, 653, AT - BORLIPANCHTAN, POST - BORLIPANCHTAN, RAIGAD, MAHARASHTRA",402403,RAIGAD,MAHARASHTRA,TRUE
2000179706,PRAGATI GENERAL STORES,"DAHANU ROAD PALGHAR THANE	",401802,THANE,MAHARASHTRA,TRUE
2000179708,Agrawal Kirana Store,"19K, AGRAWAL KIRANA STORES, MAIN ROAD, AZAD WARD, GOTEGOAN, Narsinghpur, Madhya Pradesh",485001,NARSINGHPUR,MADHYA PRADESH,TRUE
2000179757,SAI AGENCIES,"OFFICE NO4 RAHATNI, S NO 108/3/1, SHUKWANI DISCOVER, BUILDING A SHOP 1/2/3, PIMPRI, Pune Maharashtra, Pune Pune",411017,PUNE,MAHARASHTRA,TRUE
2000179775,SUSHIL RAMESHCHAND SURANA,"1, OLD MONDHA, BEED, Beed, Maharashtra",431122,BEED,MAHARASHTRA,TRUE
2000179814,MUKESH KUMAR PRASHNANI,"BALAGHAT,",,BALAGHAT,MADHYA PRADESH,TRUE
2000179816,Shivshakti kirana&agency,"186, AT MHASA, POST MHASA, TALUKA MURBAD, THANE, MAHARASHTRA",421401,THANE,MAHARASHTRA,TRUE
2000179824,Kotumal Hasanand," KOTUMAL HASANAND, BIHARI CHOWK, SATNA, Madhya Pradesh",485001,SATNA,MADHYA PRADESH,TRUE
2000179847,MAHAVEER TRADERS,"NEW MONDHA, AMBAJOGAI, DIST - BEED, MAHARASHTRA, 431517",,BEED,MAHARASHTRA,TRUE
2000179853,GARG TRADING CO,"5 ROHTAK ROAD GUR MANDI, SONIPAT,HARYANA- ",131001,SONIPAT,HARYANA,TRUE
2000179869,RADHIKA TRADING OVERSEAS PVT LTD,JANTA DHABA NEW DELHI,,DELHI,DELHI,TRUE
2000179873,Delhi METRO CASH & CARRY INDIA PVT LTD,Hiran Kudna Mundka Delhi  ,,DELHI,DELHI,TRUE
2000179875,KANHAYA LAL DHARAM PARKASH,"MAIN BAZAR HASSANPUR, PALWAL, HARYANA-",121107,PALWAL,HARYANA,TRUE
2000180397,BHANU PRATAP GANGWAR,BAREILLY,,BAREILY,UTTAR PRADESH,TRUE
2000180407,D.K. Associates,"EMI GROUND FLOOR, PLOT AGM 20 & 20/1, WARD NO 10, GALLA MANDI, RUDRAPUR, Udham Singh Nagar, Uttarakhand",263153,RUDRAPUR,UTTARAKHAND,TRUE
2000180447,AYUSH JAIN,"Ward No 09, Warehouse Road Parasia, Lions Eye",,CHINDWARA,MADHYA PRADESH,TRUE
2000180451,VIJAY TRADERS,"Nr. HOSPITAL CHOWK, TANUI DEVI, HAMIRPUR, HIMACHAL PRADESH",,HAMIRPUR,HIMACHAL PRADESH,TRUE
2000180490,G K TRADERS,MEERUT,,MEERUT,UTTAR PRADESH,TRUE
2000180539,Rohit Naresh Anganani,Amravati,,AMRAVATI,MAHARASHTRA,TRUE
2000180567,BHAGIRATH GOPILAL,GUNJ LINE RAJNANDGAON CHHATTISGARH,491441,RAJNANDGAON,CHHATISGARH,TRUE
2000180588,BHARAT ENTERPRISES,GURGAON,,GURGAON,HARYANA,TRUE
2000180594,GOEL TRADING CO,"GURDASPUR, PUNJAB 143519",,GURDASPUR,PUNJAB,TRUE
2000180650,RAJSHRIBEN ROHITKUMAR PATEL,KACHCHH,,KACHCHH,GUJARAT,TRUE
2000180702,SHAAD ENTERPRISES,"GROUND HOUSE NO 789/790, MASKASATH, ITWARI, NAGPUR, MAHARASHTRA ",,NAGPUR,MAHARASHTRA,TRUE
2000180720,Z K ENTERPRISES,"HOUSE NO 1830, ROOM NO 03, AT POST TAL MHASLA, Raigad, Maharashtra",402105,RAIGAD,MAHARASHTRA,TRUE
2000180764,BADRINATH FARMS PRIVATE LIMITED,RAM NAGAR NEW DELHI,110032,DELHI,DELHI,TRUE
2000180794,PURE N FRESH TRADING COMPANY,Gurgaon-Gurgaon,122001,GURGAON,HARYANA,TRUE
2000180836,TULSI TRADERS,"HOUSE NO.132/2 WARD NO 3, MAIM RAOD TAR BAZAR KATOL, NAGPUR.",441302,NAGPUR,MAHARASHTRA,TRUE
2000180862,SOURAV LAKHOTIA,ALIPURDUAR,,Alipurduar,WEST BENGAL,TRUE
2000180976,SHASHWAT SALES AGENCY,"3, 301, Giriraj Apartment,Street Number 3/4, Jagannath chowk,New College Wadi, Rajkot -  ",360005,RAJKOT,GUJARAT,TRUE
2000181006,RAJIV KUMAR SANJIV KUMAR,Ambala-YamunaNagar,135001,AMBALA,HARYANA,TRUE
2000181013,J. C. TRADERS,GIDC BHOLAV BHARUCH,,BHARUCH,GUJARAT,TRUE
2000181056,BHAGYODAY TRADING CO,"SHOP NO 49 50, OLD MARKET YARD,OPP S B I BANK, PALANPUR, Banaskantha,Gujarat   ",385001,Banasanktha,GUJARAT,TRUE
2000181068,AMBICA MARKETING,PATAN,,PATAN,GUJARAT,TRUE
2000181102,SHREE NAINA COMMERCIAL COMPANY,"BEHLOLPUR ROAD, SAMRALA (LUDHIANA, PUNJAB)",,LUDHIANA,PUNJAB,TRUE
2000181184,KANUSH VENTURE PRIVATE LIMITED,AYODHYA,,AYODHYA,UTTAR PRADESH,TRUE
2000181225,BANKEY  LAL MOHAN LAL,GANGAPUR BARIELLY,,BAREILY,UTTAR PRADESH,TRUE
2000181245,METRO CASH AND CARRY INDIA PRIVATE LIMITED,Tonachikuppe village kasaba hobli neelamangala taluka neelamangala bangaloure rural ,562123,BANGALORE,KARNATAKA,TRUE
2000181371,SHREE SHYAM TRADERS,"s H.NO. 16,LUCKNOW ROAD,SECTOR-04,TIMARPUR,NEW DELHI,DELHI",110054,DELHI,DELHI,TRUE
2000181397,VAIJANATH SHRIRANG JADHAV,HINGOLI,431513,Hingoli,MAHARASHTRA,TRUE
2000181409,BHARATIYAM DISTRIBUTION PRIVAT,ALLAHABAD,211019,ALLAHABAD,UTTAR PRADESH,TRUE
2000182104,Shiv Trading Co.,"""Aprt A Vibhag, A K Rd Surat Gujrat"" C S No1615 1641 R S No8 Shop No 1To6 Surat Surat Gujarat - ",395008,SURAT,GUJARAT,TRUE
2000182317,HARIOM  TRADING COMPANY,Rohtak-Jhajjar,124103,ROHTAK,HARYANA,TRUE
2000182369,MAYA MARKETING,"GROUND FLOOR, B - 3,LALJIMAMA MARKET YARD VADGAM,THE KHETIWADI PRODUCE MARKET COMMITTEE,VARVADIYA ROAD,VADGAM, Banaskantha, Gujarat,Banaskantha",385410,Banasanktha,GUJARAT,TRUE
2000182383,SHREE JEE ENTERPRISES,JALAN MARKET SAHEBGANJ GORAKHPUR UTTAR PRADESH ,273005,Gorakhpur,UTTAR PRADESH,TRUE
2000182444,RADHIKA INDUSTRIES,FATEHPUR - 332301,332301,Fatehpur,HARYANA,TRUE
2000182457,KIRTAR U BHATI,BARMER,,BARMER,RAJASTHAN,TRUE
2000182483,SURESH KUMAR & BROTHERS,"30/39 OPP OSWAL WOLLEN MILLS, GT ROAD, SHERPUR CHOWNK, LUDHIANA",,LUDHIANA,PUNJAB,TRUE
2000182751,VIDHI ENTERPRISES,RASIWALA MARKET CHARKHI DADRI,127306,DADRI,UTTAR PRADESH,TRUE
2000182767,VRAV SALESMART PRIVATE LIMITED,MATHURA,,MATHURA,UTTAR PRADESH,TRUE
2000182815,THE BHAT & CO,SRINAGAR,,SRINAGAR,JAMMU & KASHMIR,TRUE
2000182823,Jind,RAKBA NO 100 VARG VISHKARMA COLONY Jind,126102,JIND (HARYANA),HARYANA,TRUE
2000182870,SURESH KUMAR TARWEY,GIRIDIH ,,GIRIDH,JHARKHAND,TRUE
2000183013,Gohana," old anaj mandi, gohana ",131301,SONIPAT,HARYANA,TRUE
2000183019,GUJARAT ENTERPRISE,384002 Mahesana,384002,MEHSANA,GUJARAT,TRUE
2000183020,Coslogenex solutions Ghaziabad,"Khasra No. 100, Vill Dhargal Main Meerut Road Prangana, Ghaziabad ",201001,GHAZIABAD,UTTAR PRADESH,TRUE
2000183060,N4B MEDIA & TRADE PRIVATE LIMITED,NEW DELHI,110077,DELHI,DELHI,TRUE
2000183075,RAJESH AGENCIES,"1, NSB ROAD BHAMTIJPURA, WARDHA  ",442001,WARDHA,MADHYA PRADESH,TRUE
2000183154,UMAPATI SALES AGENCY,GANDHINAGAR,,GANDHINAGAR,GUJARAT,TRUE
2000183229,PRAKASH SHYAMSUNDER SAGRE,CHANDRAPUR,,CHANDRAPUR,MAHARASHTRA,TRUE
2000183300,JAIN KHUBILAL SHOBHALAL HUF,VAPI,396195,VAPI,GUJARAT,TRUE
2000183318,BADRIPRASAD MAGANLAL AGRAWAL,BADRIPRASAD MAGANLAL AGRAWAL,385001,Banasanktha,GUJARAT,TRUE
2000183394,LAL CHAND MADAN LAL,Karnal-Panipat,132103,PANIPAT,HARYANA,TRUE
2000183410,NEMICHAND SHANTILAL AND CO.,Sabarkantha SABARKANTHA,,SABARKANTHA,GUJARAT,TRUE
2000183488,BHASAR VASANT LAL,BHINDI BAZAR DHANDHUKA AHMEDABAD,382460,DHANDHUKA,GUJARAT,TRUE
2000183504,Avadh Garg,"Muzaffarnagar,",251001,Muzaffarnagar,UTTAR PRADESH,TRUE
2000183539,MONICA AGRAWAL,ALLAHABAD,,ALLAHABAD,UTTAR PRADESH,TRUE
2000183561,JAGDISH MUNDRA,UDAIPUR,,UDAIPUR,RAJASTHAN,TRUE
2000183583,ram kumar,"MOHALI,",140603,MOHALI,PUNJAB,TRUE
2000183597,ATIYAH ENTERPRISES,WHITE HOUSE CHS LTD NR. HDFC BANK CROSS ROAD ENGLISH ACADEMY BHAYANDAR,401107,THANE,MAHARASHTRA,TRUE
2000183610,SUDHIR KUMAR,PURULIA 23133  WEST BENGAL,,PURULIA,WEST BENGAL,TRUE
2000183613,SHREE Y B AGRO FOODS PRIVATE LIMITED,DELHI,,DELHI,DELHI,TRUE
2000183615,RADHA GOPINATH OIL MILL,"43, JOYGOPALPUR ROADRANAGHAT, Nadia --- --- Nadia Nadia West Benga",741201,KOLKATA,WEST BENGAL,TRUE
2000183678,PRAMOD KUMAR," DELHI-DELHI,",110042,DELHI,DELHI,TRUE
2000183750,RAJ KUMAR TANEJA,Hissar-Hisar,125001,HISAR,HARYANA,TRUE
2000183762,Sugandha,Yamunanagar,,YAMUNANAGAR,HARYANA,TRUE
2000183772,AKARSH TRADERS PRIVATE LIMITED,New Delhi,110043,DELHI,DELHI,TRUE
2000183788,YASH GUPTA,DELHI,,DELHI,DELHI,TRUE
2000183797,PRADEEP KUMAR GARG,Bhiwani,,BHIWANI,HARYANA,TRUE
2000183835,BALAJI ENTERPRISE,"E-6, E-7 Milkat No. 2642-2643,Shri Radhakrishna Estate, B/h.Parichay Hotel, N.H.8,, Aslali Ahmedabad",382427,AHMEDABAD,GUJARAT,TRUE
2000183836,SURESH SHAW,"SOUTH 24 PARGANAS,",,South 24 Parganas,WEST BENGAL,TRUE
2000183847,M/S A K ENTERPRISES,"MOHOBEWALA, INDUSTRIAL ESTATE,MOHOBEWALA, Dehradun",248002,DEHRADUN,UTTARAKHAND,TRUE
2000183883,YOGINDER KUMAR,LUDHIANA,,LUDHIANA,PUNJAB,TRUE
2000183979,N V DUGAD & SONS,PUNE,,PUNE,MAHARASHTRA,TRUE
2000184003,NITIN MANGLA,HISSAR,,HISAR,HARYANA,TRUE
2000184005,SAHIL GOYAL,"PANIPAT,",,PANIPAT,HARYANA,TRUE
2000184038,SANJEEV KUMAR (LUDHIANA),LUDHIANA,141001,LUDHIANA,PUNJAB,TRUE
2000184118,LALITA GUPTA,Jhajjar,,JHAJJAR,HARYANA,TRUE
2000184133,SHRI RAM TRADERS,HARIDWAR,,HARIDWAR,UTTARAKHAND,TRUE
2000184146,NIKESH DHOOT,JODHPUR,,JODHPUR,RAJASTHAN,TRUE
2000184161,Siya Ram Enterprises,Karnal-Karnal,132001,KARNAL,HARYANA,TRUE
2000184283,SOMYA AGENCIES,"DELHI,110083",110083,DELHI,DELHI,TRUE
2000184315,LOKNATH COLOURS-HUB,Uttar Dinajpur West Bengal ,733130,North Dinajpur,WEST BENGAL,TRUE
2000184334,JAI MAA LAXMI ENTERPRISES,"HOUSE NO 226 BLOCK D4,Sultanpuri New Delhi North West Delhi",110086,DELHI,DELHI,TRUE
2000184347,AWDHESH PRASAD AGRAWAL,AWDHESH PRASAD AGRAWAL,,JHAJJAR,HARYANA,TRUE
2000184372,PATRAM & SONS,CHOPTA BAZAR HISSAR,125033,HISAR,HARYANA,TRUE
2000184393,MAHESHWARI SALES CORPORATION,TENEMENT NO 10022 34 AND 10022 35CITY SURVEY NO 1061A RAMA BHAVAN BHAILAL PATEL ROAD Chipwad VALSAD --- Valsad Valsad,396001,Valsad,GUJARAT,TRUE
2000184407,ANUPAM KUNDU,"Kolkata	KOLKATA,",,KOLKATA,WEST BENGAL,TRUE
2000184452,MANGAT RAM AND SONS,OLD ANAJ MANDI ROHTAK,,ROHTAK,HARYANA,TRUE
2000184462,SHYAMA PADA DAS,SOUTH 24 PARGANA,,South 24 Parganas,WEST BENGAL,TRUE
2000184499,JSS - GURGAON,NEAR ABA RAM MOHAN MANDIR PATEL NAGAR GURGAON,122001,GURGAON,HARYANA,TRUE
2000184500,JAYSINGH DAGA,COOCHBEHAR,,Alipurduar,WEST BENGAL,TRUE
2000184531,OM SHANTI AGENCY,NEAR RAMPUR ARTS HOTAGI ROAD SOLAPUR,413224,SOLAPUR,MAHARASHTRA,TRUE
2000184546,SARTHAK MARKETING,MAIN ARKED BEDHARI SHAHDOL ,484774,Shahdol,MADHYA PRADESH,TRUE
2000184607,SEVEN DAYS FOODS PRIVATE LIMITED,SILIGURI,,SILIGURI,WEST BENGAL,TRUE
2000184656,M/S GOYAL ENTERPRISES,PANIPAT ASSANDH ROAD 132113,,KARNAL,HARYANA,TRUE
2000184694,RATANMANI HERBALS,9 B 2 INDUSTRIAL AREA LAXMIBAINAGAR Indore Indore,452007,INDORE,MADHYA PRADESH,TRUE
2000184819,SAURABH MANGLA,Delhi,110035,DELHI,DELHI,TRUE
2000184858,AADI SALES,"WARD NO.05 GANDHI CHOWK, AMANGANJ PANNA, MADHYA PRADESH PANNA CHHATARPUR - 488441 ",488441,CHATTARPUR,MADHYA PRADESH,TRUE
2000184875,SUNSHINE ENTERPRISES,NEW DELHI,110027,DELHI,DELHI,TRUE
2000184902,GORI SHANKAR,PHALODI,,PHALODI,RAJASTHAN,TRUE
2000184938,MOMIN AYUBBHAI NABIBHAI,AHMEDABAD,,AHMEDABAD,GUJARAT,TRUE
2000184959,GOVERDHANDAS NOTANI,CHHINDWARA,,CHHINDWARA,MADHYA PRADESH,TRUE
2000184982,GULSHAN KUMAR,Fatehabad ,,FATEHABAD,HARYANA,TRUE
2000185059,Rukhe Taj,Kolkata,,KOLKATA,WEST BENGAL,TRUE
2000185076,M/S GOOD LUCK AGENCIES,KHASRA NO 798 OPP SANT NIRANKARIBHAWAN ROORKEE ROAD BAMANHERI Muzaffarnagar --- Muzaffarnagar Muzaffarnaga Uttar Pradesh - ,251001,Muzaffarnagar,UTTAR PRADESH,TRUE
2000185082,GUDYS FOOD PRIVATE LIMITED,ALLAHABAD,,ALLAHABAD,UTTAR PRADESH,TRUE
2000185132,VINEET SANTOKHRAJ GUPTA,AHMEDABAD,,AHMEDABAD,GUJARAT,TRUE
2000185145,SONU MANOHARLAL ATHVANI,VADODARA,,VADODARA,GUJARAT,TRUE
2000185158,RAMAKANT SACHAN,JHANSI,,JHANSI,UTTAR PRADESH,TRUE
2000185180,SHREE GANESH TRADING COMPANY,Shivam Society 5 Jafrabad GodhraPanchmahals Gujarat  --- Panchmahals Godhra Gujarat - ,389001,Godhra,GUJARAT,TRUE
2000185185,RANA SAHIL MAQSUDDIN,ANAND,,ANAND,GUJARAT,TRUE
2000185192,RAJYAGURU MAHI MILANBHAI,BHAVNAGAR,,BHAVNAGAR,GUJARAT,TRUE
2000185198,SOUMEN GHOSH,"Krishnanagar Nadia West Bengal, Nadia, 741103 ",741103,NADIA,WEST BENGAL,TRUE
2000185210,YASHKUMAR JIGNESHKUMAR MISTRY,GODHRA,,Godhra,GUJARAT,TRUE
2000185286,AARNA ENTERPRISES,PREM NAGAR NEAR PRATAP NURSERY DEHRADUN,248007,DEHRADUN,UTTARAKHAND,TRUE
2000185298,AAKASH TRADING COMPANY,ROHTAK,124103,ROHTAK,HARYANA,TRUE
2000185300,Arpitaben brijeshkumar patel,ANAND,,ANAND,GUJARAT,TRUE
2000185342,THE ROYAL'S ENTERPRISES,CHHIPTAHRI CHOTTI BAZAR BANDA ,210001,BANDA,UTTAR PRADESH,TRUE
2000185374,PRASHANT TRADERS,NAZAI BAZAR JHANSI LALITPUR ,284403,LALITPUR,UTTAR PRADESH,TRUE
2000185381,NATIONAL DISTRIBUTION COMPANY,DAHOD,,DAHOD,GUJARAT,TRUE
2000185387,KHUSHI ENTERPRISE,PORBANDAR,,PORBANDAR,GUJARAT,TRUE
2000185409,NEW RIYA ENTERPRISE,MIDNAPORE TAMLUK,,MIDNAPORE,WEST BENGAL,TRUE
2000185410,GANGA SINGH,UNNAO,,UNNAO,UTTAR PRADESH,TRUE
2000185417,M/S SATYAM TRADERS,GROUND 138 G T ROAD ISRI BAZAR GIRIDIH,825167,GIRIDH,JHARKHAND,TRUE
2000185449,M/S PRAKASH AGENCY,DOSTPUR ROAD SHAHZADPUR KABARPUR AMBEDKAR NAGAR FARIDABAD,224122,FARIDABAD,HARYANA,TRUE
2000185456,KAILAS BHAUSO DORGE,PUNE,,PUNE,MAHARASHTRA,TRUE
2000185717,R. P. & SONS,GIRLS COLLEGE MAKANIYA PURVA MAHOBA,210427,MAHOBA,UTTAR PRADESH,TRUE
2000185761,MARNE VINAYAK RAVINDRA,PUNE,,PUNE,MAHARASHTRA,TRUE
2000185985,PADSHALA JAYDIPBHAI BHARATBHAI,AHMEDABAD,,AHMEDABAD,GUJARAT,TRUE
2000186086,SHREE SAMARTH SALES,"GROUND FLOOR SHOP NO. 5, 6, 7, SAI ENTERPRISES SURVEY NO 77 1B PANVEL NAVI MUMBAI RAJGAD MH. 410221",410221,MUMBAI,MAHARASHTRA,TRUE
2000186112,KRISTY BEVERAGES,GR PLOT NO 4 SHIVAY RESIDENCY SANIYA MOHINI ROAD KHAMBHASALA SURAT,394210,SURAT,GUJARAT,TRUE
2000186117,TRIVENI CAPS,A 1 109 SWADESHI COMPOUND KAVI NAGAR INDUSRTIAL AREA GHAZIABAD,201001,GHAZIABAD,UTTAR PRADESH,TRUE
2000186122,AJIT KUMAR BAKLIWAL,IMPHAL,795001,IMPHAL,MANIPUR,TRUE
2000186185,MAK ENTERPRISE,BLOCK NO 278 CHAL TAN CANAL ROAD NRG M PETROL PUMP DELADVA SURAT,394210,SURAT,GUJARAT,TRUE
2000186217,DEVASHISH KHIRIYA,SIROHI,,SIROHI,RAJASTHAN,TRUE
2000186295,BHAVYA DECOR,"615, BHAVYA DECORE, SHIV SHAKTI NAGAR ROAD, NEAR RDM PUBLIC SCHOOL  MEERUT",250002,MEERUT,UTTAR PRADESH,TRUE
2000186838,DULAL CHANDRA BANIK, Dinajpur,733134,Raiganj,WEST BENGAL,TRUE
2000186845,PRAGYA ENTERPRISES,"MOHALLA SHUKALPUR, INDRA CHOWK TO FAZALPUR GAJRAULA MORADABAD",244235,Moradabad,UTTAR PRADESH,TRUE
2000186891,MIHIR HARJIVANBHAI RAIYANI,SURAT,,SURAT,GUJARAT,TRUE
2000186959,TUSHAR ANILBHAI ASHWAR,SALAYA,,SALAYA,GUJARAT,TRUE
2000186971,SSDN GLOBAL TRADING PVT LTD,PREETAM AMIM MARG KALAWAD ROAD SHREE SAURASHTRA HIGH SCHOOL RAJKOT,,RAJKOT,GUJARAT,TRUE
2000187028,RRR ENTERPRISE,BHAVNAGAR,,BHAVNAGAR,GUJARAT,TRUE
2000187126,VEDANT TRADERS,"D-43/3, YAMUNA VIHAR ROAD, NORTHGHONDA, North East Delhi  --- Delhi Delhi Delhi - 110053 ",110053,DELHI,DELHI,TRUE
2000187202,MADAN LAL GUPTA,BHADRAK,,BHADRAK,ODISHA,TRUE
2000187402,SHRI RADHA RANI ENTERPRISE,PWD HOUSING SOCIETY M BLOCK KANPUR,208017,KANPUR,UTTAR PRADESH,TRUE
2000187403,SHRI BALAJI TRADER,"RAMPURA, JABAHAR NAGAR RAMPURA JALAUN JHANSI",285127,JABAHAR NAGAR,UTTAR PRADESH,TRUE
2000187504,PRACHI ENTERPRISES,PANCHAL VIHAR SHIV VIHAR NEW DELHI,110094,DELHI,DELHI,TRUE
2000187661,SANJAYDEEP ENTERPRISE,"0, PLOT NO 2, VASUNDHARAINDUSTRIAL PARK, LATHI ROAD, Amreli, Gujarat --- Amreli Amreli Gujarat - ",365601,Amreli,GUJARAT,TRUE
2000188143,VANI AGRO FOODS,LOKHAMANDI VIJAY NAGAR INDORE,452010,INDORE,MADHYA PRADESH,TRUE
2000188215,KRISHNA ENTERPRISE,"5TH FLOOR, 503, VASANT MALHAR, NR TOPLAND RESIDENCY RAIYA ROAD,5TH FLOOR, 503, VASANT MALHAR,  Rajkot, Gujarat, PIN-360007",360007,RAJKOT,GUJARAT,TRUE
2000188332,SHIV TRADERS.,"SHOP NO-7/1720, MOREGANJ,SAHARANPUR, Saharanpur, Uttar Pradesh,  --- Saharanpur Saharanpur Uttar Pradesh - ",247001,SAHARANPUR,UTTAR PRADESH,TRUE
2000189912,JANIMAL SABHNANI,UJJAIN,465333,UJJAIN,MADHYA PRADESH,TRUE
2000190006,SALAKKI AGRO,RAVIWAR PETH SOLAPUR,413005,SOLAPUR,MAHARASHTRA,TRUE
2000191925,RAJ TRADERS,GOPAL COLONY NEAR RAMPARK AJWA ROAD VADODARA,390019,VADODARA,GUJARAT,TRUE
2000192781,SINGH ENTERPRISES,"PL. 458 TRANSPORT NAGAR ROAD, BACK OF POLICE CHOWKI PATNA  ",800026,PATNA,BIHAR,TRUE
2000194797,SHRI SHAKTI BEVRAGES,GROUND FLOOR A-8 Limbodi Main Road Brij Nayani Nagar Indore Indore Madhya Pradesh 452001 - Indore Indore Madhya Pradesh -,452001,INDORE,MADHYA PRADESH,TRUE
2000196433,M/S CAPITAL DISTRIBUTOR,UJJAIN,456006,UJJAIN,MADHYA PRADESH,TRUE
2000196628,DHRUV ENTERPRISE,SHETH KHADKI JAMBUSAR BHARUCH,392150,Jambusar,GUJARAT,TRUE
2000198513,SIDHARAMA ENTERPRISES,"SWAMI NAGAR, DAHITANE ROAD SEPAN BHAI DUDH DAIRY SHELGI SOLAPUR",413002,SOLAPUR,MAHARASHTRA,TRUE
2010200758,Individual or Proprietor Subhash Chand Agrawal Sor,"At,Old G T Road,Kosi Kalan,281403 Mathura",281403,MATHURA,UTTAR PRADESH,TRUE
2010201083,J A MARKETING PRIVATE LIMITED,"Iindustrial Area Phase 2, Chandigarh Shed819-20  ",160002,CHANDIGARH (UT),CHANDIGARH,TRUE
2010300642,HONDA MOTORCYCLE AND SCOOTER INDIA PVT L,"HONDA MOTORCYCLE AND SCOOTER INDIA PVT L,SPL -2D , 2E ,2F ,2G ,Tapukara Industrial Area , Khushkhera , Bhiwandi , Alwar,Rajastan, ",301707,ALWAR,RAJASTHAN,TRUE
2015002987,Agarwal Hosiery,"Agarwal Hosiery, 80/80, Cooperganj, near Bansmandi Market, behind Old Humraj Complex, Kanpur, Uttar Pradesh -  ",208001,KANPUR,UTTAR PRADESH,TRUE
2015004716,M/S JUGDISH MARBLE CO,THANDI SADAK INFRONT OF LAXMI COLD Fatehgarh Uttar Pradesh,209625,Fatehgarh,UTTAR PRADESH,TRUE
2015005926,Individual or Proprietor,"LALITA CHANDAK GOOD HOME 106/94, Vijay Path The Tree house, Jaipur Mansarovar 302020 Jaipur-Jaipur",302020,JAIPUR,RAJASTHAN,TRUE
2015006509,ASHANA ENTERPRISES PRIVATE LIMITED,/ MEERUT / Meerut-Meerut,250103,MEERUT,UTTAR PRADESH,TRUE
2015006587,"SALONI JINDAL,","INDUSTRIAL BUILDING NO 1642 EXPORT HOUSE,SECTOR-82 ,MOHALI, SAS NAGAR,Punjab ",140306,MOHALI,PUNJAB,TRUE
2015011555,KAILASH BHAWAN,"AMRA, NEAR TUTLA BHAWANI GATE, Tilouthu, Rohtas, Bihar,",821312,Rohtas,BIHAR,TRUE
2045196114,REAL INSTANT FOODS,GERUPALYA VILLEGE KUMBALAGODU INDUSTRIAL AREA HOBLI BANGALORE,560074,BANGALORE,KARNATAKA,TRUE
204519664,Mishkat Agro Industries PVT.LTD,"R.S. NO 413 AT VILLAGE KHAROD DAHOD Gujarat , India  Contact Person ",389151,DAHOD,GUJARAT,TRUE
2055005417,SUMIT GUPTA POWER SOLUTIONS,"GROUND FLOOR, G-20 ,63/2 CITY CENTER, MALL ROAD,KanpurNagar pin code Kanpur Uttar Pradesh",208001,KANPUR,UTTAR PRADESH,TRUE
2055009909,RPG ENTERPRISE,"Ruda Transport Nagar, Opp Lalji Mulji Transport, Nr Sat Hanuman, Ruda Transport Road, Gondal,Rajkot",360320,GONDAL,GUJARAT,TRUE
2055010336,KUTCH,"Adani Renewable Energy Park, at Khavda, Kutch,Near Karam Shahi,(10 km before Vighakot),Kachchh:- 370510",370510,KUTCH,GUJARAT,TRUE
2065000821,TRIVENI ENTERPRISES,Sahapura ,303103,Sahapura,RAJASTHAN,TRUE
2065001557,Dipu Kumar, Dipu Kumar,,PATNA,BIHAR,TRUE
2065001589,Pankaj Kumar, Pankaj Kumar,,PATNA,BIHAR,TRUE
2065001603,Abhishek Kumar,Abhishek Kumar ,,PATNA,BIHAR,TRUE
2076,"FRESH STORE, RAMGANJ","H.N. 4249-4250, GULAB TOWER, OPP. HIDA KI MORI, POLICE STATION, SURAJ POLE, JAIPUR- 302003",302003,JAIPUR,RAJASTHAN,TRUE
2181,SAI PALACE-VASHI,SAI PALACE SECTOR-10A VASHI NAVI MUMBAI NEAR NNMC HOSPITAL,400703,NAVI MUMBAI,MAHARASHTRA,TRUE
2187,ROOPDARSHAN-KKHAIRNE,"ROOPDARSHAN RELIANCE FRESH LTD NERAR BRIDGE PALM BEACH RD SECTOR,11  SHOP NO3/12 NIVIMUMBAI KOPER KHARINE",400709,NAVI MUMBAI,MAHARASHTRA,TRUE
2193,"MONTVERT, PASHAN ROAD","R. F. LTD SURVEY NO. 128/2/A,MONT VERT -2 BILDG .C PASHAN SUS ROAD ,PASHAN PUNE. ",411021,PUNE,MAHARASHTRA,TRUE
2202,MANTRA MALL W'WADI,RELIANCE FRESH LTD. LINGFIELD PLAZA SALUNKE VIHAR NIBM ROAD PUNE,411040,PUNE,MAHARASHTRA,TRUE
2208,ORNET ARCADE,RELIANCE FRESH ORNATE ARCADE SHOP NO 1 TO 6 ORNATE ARCADEARA FLAT OPP AUDA GARDEN BODAKDEV OPP SIMANDHAR TOWER SOCIETY AHMEDABAD,380015,AHMEDABAD,GUJARAT,TRUE
2211,SURUCHI,"SURUCHI,VIKAS GRUH ROAD,NR ASHOKNAGAR BUS STOP,PALDI,AHMEDABAD.",380007,AHMEDABAD,GUJARAT,TRUE
2214,SHALVIK AVENUE,RELIANCE FRESH LTD. A-1 SHALVIK AVENUE OPP. UCO BANK NR.POLICE CHOKI NARAYANPURA AHMEDABAD,380013,AHMEDABAD,GUJARAT,TRUE
2225,FRESH STORE SECTOR-21,"RELIANCE FRESH, SECTOR-21,DISTRICT SHOPPING CENTRE,SHOP NO.11/12...GANDHINAGAR...GUJARAT...",382021,AHMEDABAD,GUJARAT,TRUE
2226,SCIENCE SQUARE,"SHOP 1-5, SCIENCE SQUARE COMPLEX, NEAR TAKSHILA COMPLEX, SCIENCE CITY ROAD, SOLA GAON, AHMEDABAD",380060,AHMEDABAD,GUJARAT,TRUE
2233,SHEKAR PLANET,"SHOP NO S1,S2 S-18 SEKHAR PLANET SCHEAM NO-54 OPP. BOMBAY HOSPITAL INDORE (MP) ",452001,INDORE,MADHYA PRADESH,TRUE
226010,RELIANCE CONSUMER PRODUCTS LIMITED - AGRA,"ELDECO CORPORATE CHAMBER 2, VIBHUTI KHAND, GOMATI NAGAR LUCKNOW - 226010",226010,AGRA,UTTAR PRADESH,TRUE
2268,GALAXY-SION,RELIANCE FRESH GALAXY SUPERMARKET 2/2  SINDHI SOCITY OPP OF GURU KRIPA HOTEL SION WEST,400022,MUMBAI,MAHARASHTRA,TRUE
2276,JAIBHARAT-NERUL,"NEW JAIBHARAT,PLOT NO.7 & 8,BESIDE ARMY COLANY,WOMEN HOSTEL BUILDING,SECTOR-5,NAVI MUMBAI",400706,NAVI MUMBAI,MAHARASHTRA,TRUE
2277,SMART MANGALA TOWERS-CBD BELAPUR,"MANGALA TOWER, SHOPNO.1 TO 7 PLOT NO.34,SECTOR-15. CBD BELAPUR NAVI MUMBAI",400706,NAVI MUMBAI,MAHARASHTRA,TRUE
2278,SPRING AVENUE-KALYAN,RELIANCE FRESH SPRING AVENUE NEAR KDMC OFFICE KHADAKPADA  KALYAN (W) ,421301,MUMBAI,MAHARASHTRA,TRUE
2404,"FRESH STORE ONYX, NAVRANGPURA","ONYX NR.IDBI BANK, OFF CG ROAD NAVARANGPURA, AHMEDABAD",380009,AHMEDABAD,GUJARAT,TRUE
2407,SANGATH MALL,"SANGATH MALL OPP.ENG.COLLEGE CHANDKHEDA GANDHINAGAR HIGHWAY SABARMATI., AHMEDABAD",380005,AHMEDABAD,GUJARAT,TRUE
2416,RRL NANDANVAN NAGPUR STORE,RRL NANDANVAN NAGPUR STORE RELIANCE RETAIL LIMITED  NANDANVAN CEMENT ROAD NAGPUR NEAR JAGNADE SQUARE NAGPUR RELIANCE FRESH PLOT NO 255 KADWE PR 440009 ,440009,NAGPUR,MAHARASHTRA,TRUE
252691793,KULJEET SINGH KOCHAR,"A30, 1ST FLOOR, ARAVLI SIENA KUCH, GUJARAT",370205,KACHCHH,GUJARAT,TRUE
258538658,ARVIND JAIN,Ward No 11 Mukam post Antri District-Dungarpur Rajasthan,314037,DUNGARPUR,RAJASTHAN,TRUE
2620,SWADESHI-CHUNABHATTI,"RELIANCE FRESH LIMITED, SWADESHI MILLS COMPOUND,TOWER NO.6 RELIANCE RETAIL, OPPOSITE JAIN TEMPLE, NEAR CHUNABHATTI CROSSING",400022,MUMBAI,MAHARASHTRA,TRUE
2669,RRL PHASE X MOHALI STORE,RRL PHASE X MOHALI STORE,160055,MOHALI,PUNJAB,TRUE
2672,"FRESH STORE DEV DARSHAN, KHARGHAR",SHOP NO:34 TO 47 SECTOR-19 DEVKRUPA CHS.KHARGHAR NAVI MUMBAI.,410210,NAVI MUMBAI,MAHARASHTRA,TRUE
2694,FRESH ROYAL RETREAT AUNDH RD,"INFRONT OF GANESH TEMPAL,DAPODI,AUNDH ROAD,KHADKI,PUNE.",411020,PUNE,MAHARASHTRA,TRUE
2715,FRESH STORE KANCHAN BAGH,"RELIANCE FRESH LIMITED 18 TRADE CENTRE, UG 20-27, KANCHAN BAGH,SOUTH TUKOGANJ, INDORE(M.P)",452001,INDORE,MADHYA PRADESH,TRUE
2726, MUNOT RESIDENCY-PANVEL,"RF MUNOT RESIDENCY, 34-35 THANE NAKA,NEAR GARDEN RESTAURANT, PANVEL 410206",410206,NAVI MUMBAI,MAHARASHTRA,TRUE
2774,PARTH EMPIRE- MANINAGAR,"5A TO 5C,6A TO 6F(GF),PARTH COMPLEX, NR,FIRE STATION,KRISHNA BAUG, MANINAGAR, AHMEDABAD.",380008,AHMEDABAD,GUJARAT,TRUE
2784,FRESH STORE GIRIKENDRA,"RELIANCE FRESH LTD. 'GIRIKENDRA' SHOP NO. 1 TO 19, GROUND FLOOR NR. HDFC BANK, OPP. BAPOD TALAV, AJWA-WAGODIA ROAD. VADODRA.",390019,VADODARA,GUJARAT,TRUE
2792,RELIANCE SIGNATURE TIRUPATI STORE,RELIANCE SIGNATURE STORE BHULABHAI DESAI ROAD OPP - MAHALAXMI MANDIR TARDEO MUMBAI CENTRAL,400026,MUMBAI,MAHARASHTRA,TRUE
2802,"FRESH STORE DAITYA MAGRI, FATEHPURA","PLOT NO. 21, DAITYA MANGARI FATEHPURA, UDAIPUR, RAJASTHAN - PIN NO - 313001",313001,UDAIPUR,RAJASTHAN,TRUE
2803,FRESH STORE TAK COMPLEX FATEHPURA SCHEME,"PLOT NO. 176A TAK COMPLEX,  FATEHPURA MAIN ROAD,  FATEHPURA SCHEME, UDAIPUR, RAJASTHAN - PIN NO - 313001",313001,UDAIPUR,RAJASTHAN,TRUE
2816,FRESH STORE SHYAM SHIKAR BAPUNAGAR,"RELIANCE FRESH, SHYAM SHIKHAR COMPLEX, INDIA COLONY CROSS ROAD, BAPUNAGAR, AHMEDABAD",380024,AHMEDABAD,GUJARAT,TRUE
2827,KHIRNI PHATAK,"PLOT NO. 271 A & 282 A  TARA NAGAR KHIRANI PHATAK ROAD  JHOTWARA, JAIPUR-302012",302012,JAIPUR,RAJASTHAN,TRUE
2832,FRESH STORE HIRAN MAGARI,"SHRI KRISHANA COMPLEX  SECTOR-3 HIRAN MANGARI  MAIN ROAD UDAIPUR, RAJASTHAN - PIN NO - 313001",313001,UDAIPUR,RAJASTHAN,TRUE
2848,FRESH STORE KSHITIJ NAVRANGPURA,"KSHITIJ COMPLEX,OPP.SWATI SOCIETY, NR.DARPAN SIX ROAD,NAVRANGPURA, AHMEDABAD.",380009,AHMEDABAD,GUJARAT,TRUE
2876,SMART STORE SHAHIBAUGH,"RELIANCE FRESH LIMITED MARUTI SAPHIRE, OPP. SHAHIBAUG POLICE CHOWKY NR. UNDERBRIDGE,SHAHIBAUG, AHMEDABAD - ",380004,AHMEDABAD,GUJARAT,TRUE
2888,RRL KALYANI NAGAR,PUNE STORE,411021,PUNE,MAHARASHTRA,TRUE
29000346,SATHVIK AGRO FOOD INDUSTRIES PVT LTD,KHASRA NO 124 4 INDORE BHOPAL HIGHWAY VILLAGE DALAPATPURA KILERAMA ASHTA 466116 ASHTA MP,466116,ASHTA,MADHYA PRADESH,TRUE
2925,SANGAREDDY,"RRL FARESH SANGAREDDY TELANGANA, H.NO 13 -15/A 29 (OLD)  4-8-89[NEW},SY.NOS 206/1 & 207/1, KALVAKUNTA SANGAREDDY TOWN MEDAK DIST",500038,SANGAREDDY,TELANGANA,TRUE
2926,FRESH STORE RAJDEEP TOWER VASAI WEST,"PADMASHREE CHS LTD,OPP ST. FRANSIS SCHOOL,VASAI-WEST ,",401202,MUMBAI,MAHARASHTRA,TRUE
2934,FRESH STORE NAGOTHANE,"RRL FRESH NAGOTHANE,SHOPS NOS 13 TO 15 AND 32 SHOPPING CENTRE,PETROCHEMICALS TOWNSHIP RELIANCE INDUSTRIES LTD,NAGOTHANE MANUFACTURING DIVISION",402125,RAIGAD,MAHARASHTRA,TRUE
2946,RRL  KARIMNAGAR,PLOT NO 74 AND H.NO 3-1-727/1;DR AMBEDKAR ROAD; KARIMNAGAR TOWN,505001,KARIMNAGAR,TELANGANA,TRUE
2950,RS SIDDIPET,"H NO 12-3-187 / 1-2-3-4,12-3-187/19 MEDAK ROAD, MURSHADGADDA SIDDIPET, TELANGANA, HYDERABAD – 502103",502103,SIDDIPET,TELANGANA,TRUE
2951,RRL ROSEDALE,"GROUND FLOOR, ROSEDALE PLAZA, ROSEDALE GARDEN COMPLEX, NEW TOWN, PO & PS RAJARHAT, NORTH 24 PARGANAS, WEST BENGAL, PIN NO - 700156",700156,KOLKATA,WEST BENGAL,TRUE
2954,"SMART POINT CRYSTAL TOWER, KAMOTHE","SHOP NO1,2,3  & 4,CRYSTAL TOWER, SECTOR 22, KOMOTHE NAVI MUMBAI-410209",410209,NAVI MUMBAI,MAHARASHTRA,TRUE
2963,SMART STORE VED ROAD SURAT,"RS VED ROAD,TOWN PLANNING SCHEME N0 24,TUNKI, OLD PLOT NO 10, FINAL PLOT NO 19, OPP PRANNATH HOSPITAL,VED ROAD, TALUKA SURAT,",-,SURAT,GUJARAT,TRUE
2964,SMART STORE UDHNA SURAT,"RS UDHNA,UDHNA JU, NR.UDHNA DARWAJA,OPP. RAJKUMAR THEATRE,SURAT",394210,SURAT,GUJARAT,TRUE
2984,MAITHLI VASHI,"RRL SUPER  MAITHLI VASHI,MAITHILI SIGNET,OPP. VASHI RAILWAY STATION,VASHI",400705,NAVI MUMBAI,MAHARASHTRA,TRUE
3004,PAL ROAD,PLOT NO. 4567 MAIN PAL ROAD NERA PREKSHA HOSPITAL & LOONI PANCHAT SAMITI JODHPUR -342003,342003,JODHPUR,RAJASTHAN,TRUE
3005,PAOTA,PLOT A.B.C.D MAIN PAOTA C ROAD JODHPUR -342006,342006,JODHPUR,RAJASTHAN,TRUE
3005063,NOVEL APPLIANCES PVT LMT,SHIROLI PULANCHI OFF. MAHARASHTRA TAL - HATKANANGLE KOLHAPUR,,KOLHAPUR,MAHARASHTRA,TRUE
3005073,ASIAN RADIO HOUSE,SANGLI,,SANGLI,MAHARASHTRA,TRUE
3005769,AJMER DIESELS & TRACTORS,AJMER DIESELS & TRACTORS,,UDAIPUR,RAJASTHAN,TRUE
3005973,VIKAS TENEJA,"AIRCONDITIONING,KHASRA NO 14/18 RIGHT SIDE,GROUND FLOOR AND 1ST FLOOR,250SQ. YDS,gali no 7,Rajiv gandhi road, Swaroop nagar,DELHI",,DELHI,DELHI,TRUE
3006,RATANADA,HOUSE NO 24 SHIV MANDIR RD INFRONT OF BALA SATI MATA GOVT HOSPITAL JODHPUR-342001,342001,JODHPUR,RAJASTHAN,TRUE
3008,MANDORE,PLOT NO. 23-24 LAL BUNGLOW-  MANDORE ROAD JODHPUR-342007,342007,JODHPUR,RAJASTHAN,TRUE
3008086,DEVI INTERNATIONAL,BANGLORE,,BANGALORE,KARNATAKA,TRUE
3015071,PARAS RAMESH CHANDRA DHRIV [HUF],BARODA,,BARABANKI,UTTAR PRADESH,TRUE
3017398,SANKALP SIDDH ENTERPRISE,RAJKOT,,RAJKOT,GUJARAT,TRUE
3028277,SYOAN BANERJEE,DURGAPUR WEST BANGAL,713217,KOLKATA,WEST BENGAL,TRUE
30312405,Infotek Software & Systems Pvt Ltd.,"Survey No. 312, Near Sonak Toyota Showroom,Village-Bavdhan Budruk, Taluka-Haveli, Dist.Pune ",411021,PUNE,MAHARASHTRA,TRUE
3035397,SANJEEV MEHTA,NEW DELHI,,DELHI,DELHI,TRUE
3036117,DIGITAL SYSCOM PRIVATE LIMTED,DIGITAL SYSCOM PRIVATE LIMTED,,AHMEDABAD,GUJARAT,TRUE
3038540,MEHAI ELECTRONICS,BALLABH GARDEN ROAD PATEL NAGAR,,BIKANER,RAJASTHAN,TRUE
3039525,T V PALACE,SURAT,,SURAT,GUJARAT,TRUE
3039692,RS TRADERS,RAMPUR,,RAMPUR,UTTAR PRADESH,TRUE
3039769,GRONEXT FUTURE PVT LTD,SURAT,,SURAT,GUJARAT,TRUE
3039809,RAKESH KUMAR AGARWAL,AGRA,,AGRA,UTTAR PRADESH,TRUE
3040724,AJMER DIESELS & TRACTORS.,BHILWARA,,BHILWARA,RAJASTHAN,TRUE
3041,RRL MADAN MAHAL,JABALPUR,482002,JABALPUR,MADHYA PRADESH,TRUE
3044969,TYAGI ELECTRONICS,"BEHIND HERO SHOWROOM, NEAR BHUJ KACHCHH",,KACHCHH,GUJARAT,TRUE
3046861,KHARVA SAMAJ BOAT ASSOCIATION,AMRELI,365540,JAFRABAD,GUJARAT,TRUE
3046863,"Sagar Bhuvan, Kharva Samaj",Taluka - Una,362510,GIR SOMNATH,GUJARAT,TRUE
3047752,RATHI DISTRIBUTORS,SOLAPUR,,SOLAPUR,MAHARASHTRA,TRUE
3048288,MODERN ELECTRONIC &APPLIANCES,PUNE,,PUNE,MAHARASHTRA,TRUE
3048985,AMBICA ELECTRONICS & FURNITURE HOUSE,"MAHAVEER CHOWK, NARNAUL HR.",123001,NARODA,GUJARAT,TRUE
3049004,Mahesh Adlakha,Faridabad,,FARIDABAD,HARYANA,TRUE
3049056,PRATIMA SALES,RANCHI,,RANCHI,JHARKHAND,TRUE
3049061,SUNOJA SONS,RANCHI,,RANCHI,JHARKHAND,TRUE
3049203,POTDAR TRACKTORS,INDORE,,INDORE,MADHYA PRADESH,TRUE
3049214,Osiya Enterprises,Osiya Enterprises,,INDORE,MADHYA PRADESH,TRUE
3049227,DAYANAND ANDANI,JABALPUR,,JABALPUR,MADHYA PRADESH,TRUE
3049299,ROHINI RAJENDRAKUMAR KHUL,KOLHAPUR,,KOLHAPUR,MAHARASHTRA,TRUE
3049305,RAM JODHRAM,DENBANI,,NAGPUR,MAHARASHTRA,TRUE
3049399,SATYAM ENTERPRISES,OIL CINEMA ROAD SUNDARGARH,770001,SUNDARGARH,ODISHA,TRUE
3049416,Anuj Agrawal, Anuj Agrawal,,JAIPUR,RAJASTHAN,TRUE
3049498,SHAILENDRA RAWAL,JHANDA GALI   SWARUPGANJ SIROHI,307023,SIROHI,RAJASTHAN,TRUE
3049576,Ajay Kumar Gupta,Shahjahanpur,,Shahjahanpur,UTTAR PRADESH,TRUE
3049584,KAVERI ENTERPRISES,"659C,COLONAL GANJALLAHABAD, UTTAR PRADESH, ALLAHABAD UP - 211002",211002,ALLAHABAD,UTTAR PRADESH,TRUE
3049585,Gurcharan Singh Sardar,FAZIABAD,,FAZIABAD,UTTAR PRADESH,TRUE
3049586,KANCHAN BANSAL,AGRA,,AGRA,UTTAR PRADESH,TRUE
3049597,M/S PARDESI MARKETING,LAJPAT NAGAR BIKANER,,BIKANER,RAJASTHAN,TRUE
3049610,M/S SHADAB ELECTRONIC,"LG GODOWN MAHARAJAAGRASEN NAGAR, LUCKNOW",,LUCKNOW,UTTAR PRADESH,TRUE
3049643,GURU MAA ENTERPRISES,RUDRAPUR,,RUDRAPUR,UTTARAKHAND,TRUE
3049722,MDOKLI ANSARI,ASNSOL,,DUMKA,JHARKHAND,TRUE
3049730,Touchstone Teleservices Private Limited Chhatisgar,"Touchstone Teleservices Private Limited,3Rd Floor, Priyanshu Tower, Ring Road No 1,Bhatagaon,Chhattisgarh,492001.Raipur.Chhatisgarh.",492001,RAIPUR,CHHATISGARH,TRUE
3050325,NITU SINGH,NA,834001,RANCHI,JHARKHAND,TRUE
3050611,PANKAJ ELECTRONICS,"PALIKA BAZAR, ROHTAK",124001,ROHTAK,HARYANA,TRUE
3052528,JAIMAL TRADERS PVT LTD,NAGPUR,,NAGPUR,MAHARASHTRA,TRUE
3052659,AMAN ELECTRONICS,WEST VINOD NAGAR DELHI,,DELHI,DELHI,TRUE
3053219,SUBODH JAIN,SUBODH JAIN ETAWAH,,ETAWAH,UTTAR PRADESH,TRUE
3053221,SINGHAL SONS ELECTRONICS AGENCY,MATHURA,,MATHURA,UTTAR PRADESH,TRUE
3053637,RAJESH TIKARYA,JABALPUR,,JABALPUR,MADHYA PRADESH,TRUE
3053638,LOKWANI  SALES PVT LTD,GWALIOR,,GWALIOR,MADHYA PRADESH,TRUE
3054952,AFIS APPLIANCES,ANAND,,ANAND,GUJARAT,TRUE
3055977,SANKET INDIA PVT. LTD.,ANAND,,ANAND,GUJARAT,TRUE
3056234,DHARMENDRA SINGH,Farrukhabad ,,Fatehgarh,UTTAR PRADESH,TRUE
3056236,SIDDHESH KUMAR TIWARI,KANPUR,,KANPUR,UTTAR PRADESH,TRUE
3056255,SIDDIQ YAKOOB,MANGALORE,,MANGALORE,KARNATAKA,TRUE
3057518,AMBITON MARKETING,AHMEDABAD,,AHMEDABAD,GUJARAT,TRUE
3057647,SANKET INDIA PVT LTD,SABARKANTHA,,SABARKANTHA,GUJARAT,TRUE
3057648,SANKET INDAI PVT LTD MEHSANA,MEHSANA,,MEHSANA,GUJARAT,TRUE
3057649,SANKET INDIAI PVT LTD,JUNAGADH,,JUNAGADH,GUJARAT,TRUE
3057650,SANKET INDAI PVT LTD,MORBI,,MORBI,GUJARAT,TRUE
3057917,VIJAY INCORPORATION,VIJAY INCORPORATION,,RAJKOT,GUJARAT,TRUE
3057957,METRO TV REFRIGERATION CO,PANCHMAHALS,,AHMEDABAD,GUJARAT,TRUE
3057958,UNNATI ASSOCIATES, UNNATI ASSOCIATES,,JAIPUR,RAJASTHAN,TRUE
3058427,RAJ KUMAR,SANGARUR NAYA BAZAR,148028,Sangrur,PUNJAB,TRUE
3058777,ASHOK KUMAR AGGARWAL,FEROZPUR,,FEROZPUR,PUNJAB,TRUE
3060,FRESH BALAJI ARCADE VADODARA,"RELEANCE FRESH, BALAJI ARCDE  NEAR, SANTOSHI NAGAR NIZAMPURA VADODARA",390002,VADODARA,GUJARAT,TRUE
3060062,BHUTANI ELECTRONICS,"APPROACH ROAD, UKLANA MANDI HISAR",125113,UKLANA,HARYANA,TRUE
3060441,TOUCHSTONE TELESERVICES PRIVET,BILASPUR,,BILASPUR,CHHATISGARH,TRUE
3060443,MANISH BUSINESS PRIVATE LIMITE,MANISH BUSINESS PRIVATE LIMITE,,GWALIOR,MADHYA PRADESH,TRUE
3060486,GOYAL ELECTRONICS, GOYAL ELECTRONICS,,JAGRAON,PUNJAB,TRUE
3060488,UMA,TALWARA,,TALWARA,PUNJAB,TRUE
3060489,ARORA ENTERPRISES,TALWARA,,TALWARA,PUNJAB,TRUE
3060523,PARRY MAHINERY STORE,RICCO INDUSTRIAL AREARANI BAZAR BIKANER,,BIKANER,RAJASTHAN,TRUE
3060850,VAIBHAV BRAJMOHAN BHUTADA,VAIBHAV BRAJMOHAN BHUTADA,,DHARWAD,KARNATAKA,TRUE
3060969,MATRIX DISTRIBUTOR PRIVATE LIM,MATRIX DISTRIBUTOR PRIVATE LIM,,THANE,MAHARASHTRA,TRUE
3061247,JABALPUR ENTERPRISES PRIVATE,JABALPUR ENTERPRISES PRIVATE ,,JABALPUR,MADHYA PRADESH,TRUE
3061265,SSM DISTRIBUTORS,THANE,,THANE,MAHARASHTRA,TRUE
3061672,ASHISH AGGARWAL,PRATAB ROAD MOGA,142001,MOGA,PUNJAB,TRUE
3061681,KANROO ENTERPRISES,MADINA MARKET BARAMULLA KASHMIR,,BARAMULLA,JAMMU & KASHMIR,TRUE
3061682,R M ELECTRONICS,"BARAMULLA 01, BUS STAND JAMMU & KASHMIR",193101,BARAMULLA,JAMMU & KASHMIR,TRUE
3061695,JAVID ELECTRIC WORLD,"NEW SABJI MANDI, PUNHANA HR.",122508,PUNHANA,HARYANA,TRUE
3061724,NIDHI HANSRAJ NANDWANI,CHANDRAPUR,,CHANDRAPUR,MAHARASHTRA,TRUE
3061903,HOME SOLUTIONS,MOGA,,MOGA,PUNJAB,TRUE
3061904,DEV KUMAR,SIRSA,,SIRSA,HARYANA,TRUE
3061906,EVEREST AGENCIES,INDU MAHAJAN,,JAMMU,JAMMU & KASHMIR,TRUE
3062036,BALAJI MARKETING INDORE,BHOPAL,,BHOPAL,MADHYA PRADESH,TRUE
3062373,MONDAL DISTRIBUTION PVT. LTD,MURSHIDABAD,742101,KOLKATA,WEST BENGAL,TRUE
3062584,SANTOSH KUMAR,DELHI,,DELHI,DELHI,TRUE
3062665,SAHIL ELECTRONICS,MAIN ROAD PUNDRI DIS. KAITHAL KURUKSHETRA ,136026,Kurukheshtra,HARYANA,TRUE
3062781,V I P MARKETING,BARELY,,BAREILY,UTTAR PRADESH,TRUE
3062864,GOLDFINCH PRODUCTS PRIVATE LIMITED,PATIALA,,PATIALA,PUNJAB,TRUE
3062891,MANPREET SINGH,CHANDIGARH,,CHANDIGARH (UT),CHANDIGARH,TRUE
3063108,Kumar Electronics.,SABARKANTHA,,SABARKANTHA,GUJARAT,TRUE
3063442,RAMA CORPORATION,VADODARA,,VADODARA,GUJARAT,TRUE
3063672,SANJEEV KUMAR,SANJEEV KUMAR,,KARNAL,HARYANA,TRUE
3063674,POONAM ELECTRICALS,JHANSI,,JHANSI,UTTAR PRADESH,TRUE
3063707,RAM ENTERPRISE,AMRELI ,,Amreli,GUJARAT,TRUE
3063860,DEEPAK KISHORE,RANCHI,,RANCHI,JHARKHAND,TRUE
3064557,BALAJI DISTRIBUTORS,BHOPAL,,BHOPAL,MADHYA PRADESH,TRUE
3067567,ALANKAR AGENCY,MANDSAUR,,MANDSAUR,MADHYA PRADESH,TRUE
3067584,SINGH SONS DISTRIBUTERS,PRIVATE LIMITED,,SURENDRANAGAR,GUJARAT,TRUE
3067704,SINGH SONS DISTRIBUTORS,SURENDRANAGAR,,SURENDRANAGAR,GUJARAT,TRUE
3067718,SHALIMAR SALES PRIVATE LIMITED,SHALIMAR SALES PRIVATE LIMITED,144001,JALANDHAR,PUNJAB,TRUE
3067766,VIKRAMRAJ BAJARANG PAWAR,KOLHAPUR,,KOLHAPUR,MAHARASHTRA,TRUE
3068463,KUMAR ELECTRONICS,SABARKANTA,,SABARKANTHA,GUJARAT,TRUE
3068569,RUPESH VYAS,TALAWAI CHANDRA OPP PANCHAWADI COLONY DEWAS NAKA,453771,INDORE,MADHYA PRADESH,TRUE
3068939,MANKIND PHARMA LIMITED,"MANKIND PHARMA LIMITED, 777/1 MEERUT ",250103,MEERUT,UTTAR PRADESH,TRUE
3068954,RAMESH PRATAPCHAND BAID,Wardha,,WARDHA,MADHYA PRADESH,TRUE
3068955,AMBALAL BHANJI GAMI,NAVI MUMBAI,,MUMBAI,MAHARASHTRA,TRUE
3069897,MOHIT THARACHAND LAKHWANI,NAGPUR,440008,NAGPUR,MAHARASHTRA,TRUE
3071314,SANGEETA SHARMA,"VL, CHEVRA NR, PETROL PUMP DELHI NEW DELHI",,DELHI,DELHI,TRUE
3071484,PADMA MARKETING,"Ground Floor, Gala no 1&2, Vijay Laxmi Compound,  G.P.H. Building No E, Parasnath Complex, Val Village, Bhiwandi, Thane, Maharastra ",421302,THANE,MAHARASHTRA,TRUE
3071685,DOSHI AGENCIES,KACHCHH,,KACHCHH,GUJARAT,TRUE
3071798,AVM MAHASHATI AGENCIES PRIVAT,JAMMU KASHMIR,180004,JAMMU,JAMMU & KASHMIR,TRUE
3071949,PITTIE AUTO CENTRE,BIKANER,,BIKANER,RAJASTHAN,TRUE
3072561,OVOT ELECTRONICS,PATPARGANJ INDUSTRIAL DELHI,,DELHI,DELHI,TRUE
3072798,POOJA TRADING CONPANY,SECTOR- 24 ROHINI 2ND FLOOR HOUSE NO- 53 DELHI,,DELHI,DELHI,TRUE
3073377,BALAJI MARKETING.,GOVINDPUR ROAD BHOPAL,,BHOPAL,MADHYA PRADESH,TRUE
3073689,RITESH KUMAR,DUGAR,834001,RANCHI,JHARKHAND,TRUE
3074573,RAMESH CORPORATION,AHMEDABAD,,AHMEDABAD,GUJARAT,TRUE
3074941,SHIKHA JAIN,SHIKHA JAIN,,CHATTARPUR,MADHYA PRADESH,TRUE
3075198,MANJU DEVI,Ballia,277001,BALLIA,UTTAR PRADESH,TRUE
3075212,KURIKKAL APPLIANCES DISTRIBUTI,Manjeri,,Manjeri,KERALA,TRUE
3075236,GOPI CHAND BANGA,REWA,,REWA,MADHYA PRADESH,TRUE
3075277,M/S BABA LOKNATH ENTERPRISE,Asansol-PurbaBardhaman,713203,Purba Bardhman,WEST BENGAL,TRUE
3075715,ASHIRWAD SALES,INFRONT OF MANJEET ENGENEERING SHOP RAIPUR ,,RAIPUR,CHHATISGARH,TRUE
3075829,C/O-R. Khimji Mirani and company,"C/O-R. Khimji Mirani and company,M. G. Road, Tapal Naka c Thane,Palghar",401206,PALGHAR,MAHARASHTRA,TRUE
3075986,AJIT KUMARJAIN,SITAPUR,,SITAPURA,RAJASTHAN,TRUE
3076020,SEION TRADE LINK,NAGPUR,,NAGPUR,MAHARASHTRA,TRUE
3076058,ANIL ENTERPRISES,SIDHI SHOP NO G6 NEAR BANK OF BARODA ,486661,SIDHI,MADHYA PRADESH,TRUE
3076843,VEER TRADING COMPANY PVT. LTD,VEER TRADING COMPANY PVT. LTD,,DELHI,DELHI,TRUE
3076926,SANJU GUPTA,SHREE AMOD SIDDHI ASSICIATES LUCKNOW,226012,LUCKNOW,UTTAR PRADESH,TRUE
3077916,SHIVAM SINGH CHAUHA,Shahjahanpur,,Fatehpur,HARYANA,TRUE
3077932,PECIFIC CHAIN PVT LTD,DELHI BASEMENT DWARKA NEW DELHI,110077,DELHI,DELHI,TRUE
3078137,M/S LIGHT AND POWER,M/S LIGHT AND POWER,,CUTTACK,ODISHA,TRUE
3078200,Jamuna Traders,"H NO-65 Kalyanpur Kalan, Panki Road , Kalyanpur, Kanpur Nagar",208017,KANPUR,UTTAR PRADESH,TRUE
3079008,HOME BAZAR,RAJENDRA PARK EXTN NANGLOL,110041,DELHI,DELHI,TRUE
3079009,SUYOG SUNIL KOTECHA,SOLAPUR,,SOLAPUR,MAHARASHTRA,TRUE
30800089,MATRIX DISTRIBUTOR PRIVATE LIMITED,THANE,,THANE,MAHARASHTRA,TRUE
3080062,SSM DISTRIBUTORS.,THANE,,THANE,MAHARASHTRA,TRUE
3080124,SAHIB ELECTRONICS,"SAHIB ELECTRONICS, OPP IOC PLANT, KUVADA ROAD, NAVAGAM, NAVAGAM, RAJKOT SAHIB PARMESHWAR PARK,OPP. SAFEX CO Rajkot.36000",,RAJKOT,GUJARAT,TRUE
3080472,RAJENDRA ENTERPRISES,RAJAMUNDARY,,RAJAHMUNDRY,ANDHRA PRADESH,TRUE
3080963,B.N. ENTERPRISES,NEW INDUSTRIAL ESTATEJAGATPUR CUTTACK,,CUTTACK,ODISHA,TRUE
3080964,PAULN FAMILYS TOUCHES STORES,GUWAHATI ,,GANGAVATI,KARNATAKA,TRUE
3081026,Karan Gupta,"Karan Gupta, MUKHTAR KHAN COMPLEX,KHOMANI CHOWK OPPOSITE SBI,KARGIL,LADAKH ",194103,LADAKH,JAMMU & KASHMIR,TRUE
3081504,RATILAL AMBAVI PATEL,PUNE,,PUNE,MAHARASHTRA,TRUE
3082655,MJK UTENSILS LLP,Thanjavur ,,Thanjavur,TAMIL NADU,TRUE
3083016,VARANASI,VARANASI,,VARANASI,UTTAR PRADESH,TRUE
3083556,PARAG GENERAL STORE,SHASHI-VIJAY BUILDING AKLUJ CHOWKAKLIJ ROAD /P- TEMBHURANI Solapur,413211,SOLAPUR,MAHARASHTRA,TRUE
3084042,SUNEJA SALES,RANCHI,,RANCHI,JHARKHAND,TRUE
3084196,A V ELECTRONICS,FIROZPUR HKL ROAD GURUHARSAHAI,,GURUHARSAHAI,PUNJAB,TRUE
3085412,VISHESH CHAWAL,AMRITSAR,,AMRITSAR,PUNJAB,TRUE
3085515,RAKESH ELECTRONICS,RAKESH ELECTRONICS,,DELHI,DELHI,TRUE
3085872,SANGITA ENTERPRISES,PATNA,,PATNA,BIHAR,TRUE
3086335,RAJESH  KINGRANI [HUF],INDORE,,INDORE,MADHYA PRADESH,TRUE
3086485,MUKUT ELECTRONICS,"PETHIYA ROAD, SITAMARHI ",843302,SITAMARHI,BIHAR,TRUE
3086501,PALI OIL PRODUCTS PRIVATE LIMITED,"Plot no-17,Maharaja Agrasen nagar,Sitapur Road Tadikhana, Lucknow",226020,LUCKNOW,UTTAR PRADESH,TRUE
3087462,RITESH GOYAL,NEW DELHI,,DELHI,DELHI,TRUE
3087524,VEMULA SUJATHA,HYDERABAD,,HYDERABAD,TELANGANA,TRUE
3087539,SARITA MANGAL,TONK,,TONK,RAJASTHAN,TRUE
3087707,SURENDRA KUMAR MAHNOT,"AMBIKAPUR, CHHATISGARH",497001,AMBIKAPUR,CHANDIGARH,TRUE
3087836,OUT OF THE BOX,"A-105 SOMYA PRIVLAGE , MAHAKALI SOCIETY TRILANGA, NEAR AURA MALL, BHOPAL",462016,BHOPAL,MADHYA PRADESH,TRUE
3088000,SHREE AMOD SIDDHI ASSOCIATE,"281/282/284 , Post-Behrampur,Belopur,Haraiya, Gorakhpur",273001,Gorakhpur,UTTAR PRADESH,TRUE
3088440,SOSYO HAJOORI BEVERAGES PVT LTD,"1587/3, G I PATEL NI KHARI VADTAL,NADIYAD ,KHEDA, GUJARAT",,KHEDA,GUJARAT,TRUE
3088444,Gondal SOSYO HAJOORI BEVERAGES PVT LTD,"V B ENTERPRISE, GROUND FLOOR SR NO 18P2 SUB-PLOT 7/2",,GONDAL,GUJARAT,TRUE
3088448,JAYNATH DISTRIBUTORS PVT LT,"Harnkui vistar near Sabiha hospital,Harankui Road,Botad ",364710,BOTAD,GUJARAT,TRUE
3088449,JAYNATH DISTRIBUTORS PVT,"Aniyali road near honda showroom,RANPUR",382245,RANPUR,GUJARAT,TRUE
3088501,JAYNATH DISTRIBUTORS PVT LD,"Fezane madina jigar ground, ovarbriz ke pash star PALAZA chandarpur, Wakaner",363621,Wakaner,GUJARAT,TRUE
3088621,DAHOD SOSYO HAJOORI BEVERAGES PVT LTD,"NEAR SHAH TILES, 1611/7, NEAR SHAH TILES, TAIYABI,COMPLEX, GODHRA RAOD, Dahod, Dahod, Gujarat",389151,DAHOD,GUJARAT,TRUE
3088857,VIDHATE KUNAL SURESH,"HETVIK ENTERPRISES SAI PARK, SATPUR GAON, NASIK",422007,NASIK,MAHARASHTRA,TRUE
3091294,Aggarwal Agencies,Gurgaon,122001,GURGAON,HARYANA,TRUE
3091360,Ganpati Traders,110095 Delhi,110095,DELHI,DELHI,TRUE
3091440,Ahmedabad,AHMEDABAD,,AHMEDABAD,GUJARAT,TRUE
3091679,Raipur 3091679,Raipur,,RAIPUR,CHHATISGARH,TRUE
3091738,BHUBANESWAR,BHUBANESWAR,,BHUBANESHWAR,ODISHA,TRUE
3091789,RAJKOT,RAJKOT,,RAJKOT,GUJARAT,TRUE
3091943,MUKESHKUMAR MANGALJIBHAI PUJARA,Royal Cattle Feed IndustriesJamwadi GID 2 Plot no 9 Gondal  --- Rajkot Gondal Gujarat - ,360311,RAJKOT,GUJARAT,TRUE
3091973,DELHI,DELHI,110027,DELHI,DELHI,TRUE
3092160,LUCKNOW,LUCKNOW,,LUCKNOW,UTTAR PRADESH,TRUE
3092291,MUMBAI,MUMBAI,400063,MUMBAI,MAHARASHTRA,TRUE
3092663,DAHOD,DAHOD,,DAHOD,GUJARAT,TRUE
3093330,KACHCHH,KACHCHH,,KACHCHH,GUJARAT,TRUE
3093337,"JUNAGADH,","JUNAGADH,",,JUNAGADH,GUJARAT,TRUE
3093636,JAMNAGAR,JAMNAGAR,,JAMNAGAR,GUJARAT,TRUE
3093646,VALSAD,VALSAD,,Valsad,GUJARAT,TRUE
3093647,VADODARA 3093647,VADODARA,,VADODARA,GUJARAT,TRUE
3093666,SALAYA,SALAYA,,SALAYA,GUJARAT,TRUE
3093929,BULANDSHAHAR,BULANDSHAHAR,,BULANDSHAHR,UTTAR PRADESH,TRUE
3093992,JAMMU," SHOP NO. 89-C, WARE HOUSE, JAMMU 181121",,JAMMU,JAMMU & KASHMIR,TRUE
3093995,BARAMULLA,BARAMULLA,,BARAMULLA,JAMMU & KASHMIR,TRUE
3094016,"GAUTAM BUDDHA NAGAR,","GAUTAM BUDDHA NAGAR,",201308,NOIDA,UTTAR PRADESH,TRUE
3094539,VAISHNAVI TRADING COMPANY,"0, SAF Main Road, Saf Gym, Sanjay ColonyMorena, Morena, Madhya Pradesh",476001,MORENA,MADHYA PRADESH,TRUE
3094551,OMKAR TRADERS,"126, Seva Nagar, Gwalior, Gwalior,Madhya Pradesh",474003,GWALIOR,MADHYA PRADESH,TRUE
3097,SMART MOTI BAGH JUNAGARH,"RELIANCE FRESH, OPP.RAJLAXMI PARK, MOTIBAUG ROAD, JUNAGADH(GUJARAT)",362001,JUNAGADH,GUJARAT,TRUE
3097434,PRISHANK DISTRIBUTORS,"C/O LK Corporates and Logistics Park,Block C Warehouse No. 70,New Dhamtari Road, Dumartarai Raipur,CG",492001,RAIPUR,CHHATISGARH,TRUE
3097510,SHRI KRISHNA TRADERS,"1,2,A1,A2, Singhal Estate, Porwal Family Trust BLDG,BH, Mittal Sales and Services Narol, Char Rasta, Narol, Ahmedabad, --- Ahmedabad Narol Gujarat - ",382405,AHMEDABAD,GUJARAT,TRUE
3097724,PATEL SALES AGENCIES,"NR.AJAY COMPLEX,JAYRAM PLOTSAMAT ROAD,B/H ST DEPOT,JASDAN ,RAJKOT",,RAJKOT,GUJARAT,TRUE
3100,FRESH STORE ANUSHAKTI NAGAR,"BEHIND DILWARA BLDG., ANUSHAKTI NAGAR, MUMBAI",400094,MUMBAI,MAHARASHTRA,TRUE
3100001776,CHAVI MEHTA,FARIDABAD,,FARIDABAD,HARYANA,TRUE
3100001803,BHUPINDER SINGH MULTANI,GURDASPUR,,GURDASPUR,PUNJAB,TRUE
3100001805,PUNJAB ENTERPRISES,SULTANPUR,,FARRUKHNAGAR,HARYANA,TRUE
3100001891,A1 ENTERPRISES,CUTTACK,,CUTTACK,ODISHA,TRUE
3100001900,AJAY JAIN,DELHI,,DELHI,DELHI,TRUE
3100002025,SIDDHANT KAILAS DHOL,Wardha,,WARDHA,MADHYA PRADESH,TRUE
3100002054,CHET RAM,CHET RAM ,,BIKANER,RAJASTHAN,TRUE
3100002200,MANOJ GARG,"BUS STAND, NIHAL SINGH WALA FARIDKOT",,FARIDKOT,PUNJAB,TRUE
3100002303,AMIT SINGHAL,DELHI,,DELHI,DELHI,TRUE
3100002446,GUPTA CORPORATION,GUPTA CORPORATION,,Champaran,BIHAR,TRUE
3100002513,SHUBH ENTERPRISES,GURDASPUR,,GURDASPUR,PUNJAB,TRUE
3100002691,GAYATRI ENTERPRISES,MEJA ROAD KHAS ALLAHABAD ,212302,ALLAHABAD,UTTAR PRADESH,TRUE
3100002693,M/S JYOTI SALES,CHAPPAR MOHALCHAPPAR MOHAL KanpurNagar 46/10 MANIRAM BAGIA Kanpur Uttar Pradesh,208001,KANPUR,UTTAR PRADESH,TRUE
3100002995,PUSHPAK AGENCY,CUTTACK,,CUTTACK,ODISHA,TRUE
3100003015,SHREE SATGURU ELECTRICALS,THANE,,THANE,MAHARASHTRA,TRUE
3100003067,DHARMENDRA ELECTRONICS,GALO NO 01 BIRJISIA MASJID BHOPAL,,BHOPAL,MADHYA PRADESH,TRUE
3100003113,NOBLE WATCH AND ELECTRICALS,PUNE,,PUNE,MAHARASHTRA,TRUE
3100003362,SATHYA AGENCIES PVT. LTD.,TIRUPATI,,TIRUPATI,ANDHRA PRADESH,TRUE
3100003613,SALONI JAIN,Rohtak,,ROHTAK,HARYANA,TRUE
3100003652,VANISWARI G,VANISWARI G,,TIRUPUR,TAMIL NADU,TRUE
3100003664,QADRI ETNERPRISES,BARAMULLA,,BARAMULLA,JAMMU & KASHMIR,TRUE
3100003693,CHOUDHARY DINESH,CHOUDHARY DINESH,,Visakhapatnam,ANDHRA PRADESH,TRUE
3100003694,S K AGENCIES,NAWADA ARABHOJIPUR,802301,BADLI,HARYANA,TRUE
3100003695,BLESSINGS MARKETNG,AMBALA  ,,AMBALA,HARYANA,TRUE
3100003844,GRONEXT FUTURE PRIVATE LIMITED,SURAT,,SURAT,GUJARAT,TRUE
3100003892,JUGAL KISHORE MAHESHWARI,SINGHBHUM,,SINGHBHUM,JHARKHAND,TRUE
3100003893,PradeepKumar,Bangalore,,BANGALORE,KARNATAKA,TRUE
3100003919,HIRO GHANSHAMDAS RAGHSNI,THANE,,THANE,MAHARASHTRA,TRUE
3100004016,SURAJ KUMAR GAUTAM,DELHI,,DELHI,DELHI,TRUE
3100004149,MANPREET DUA,VIKAS NAGAR GADARIAN PURVA,208024,KANPUR,UTTAR PRADESH,TRUE
3100004212,NAFIS AKHTER,NAFIS AKHTER,,Purnea,BIHAR,TRUE
3100004232,SIDANA BROTHERS,"KHATOUNI NO 512, HUNSAR, GIDDARBAHA, PUNGIDDARBAHA FARIDKOT",152101,FARIDKOT,PUNJAB,TRUE
3100004330,MAHABIR PRASAD MODI,MAHABIR PRASAD MODI ,,SINGHBHUM,JHARKHAND,TRUE
3100004462,PRIME ELECTRICALS,MOHALI,,MOHALI,PUNJAB,TRUE
3100004549,MAHAVEER ENTERPRISES,PHED COLONYBHATI NAGAUR,,NAGAUR,RAJASTHAN,TRUE
3100004564,PUNIT AGARWAL,JODHPUR,,JODHPUR,RAJASTHAN,TRUE
3100004581,PUNITH NALVADE,PUNITH NALVADE,,MANGALORE,KARNATAKA,TRUE
3100004586,PANKAJKANSAL,SUNAM,,SUNAM,PUNJAB,TRUE
3100004990,MALAIKOLUNTHAN SATHYAPRIYA,Tiruchirapalli,,Tiruchirapalli,TAMIL NADU,TRUE
3100005039,RAVI KUMAR BODDUPELLI,KARIMNAGAR,,KARIMNAGAR,TELANGANA,TRUE
3100005075,ASHWIN DISTRIBUTORS,BHAWAN MATA ROAD JAAT MOHALLA ROAD NEAR SHANI MANDIR NIMAR WARD KHANDWA - 450001,450001,KHANDWA,MADHYA PRADESH,TRUE
3100005401,ASHWANIKUMAR,UNA (HP),,UNA (HP),HIMACHAL PRADESH,TRUE
3100005425,AKASH ASISH PATRO,BRAHAMPUR,,BRAHAMPUR,ODISHA,TRUE
3100005528,S. K. MARKETING,SWAROOP NAGAR KANPUR UP,208002,KANPUR,UTTAR PRADESH,TRUE
3100007337,JAIHIND ELECTRONICS,JAIHIND ELECTRONICS ,,DHULE,MAHARASHTRA,TRUE
3100007381,REETA SINGH, REETA SINGH,,Deoria,UTTAR PRADESH,TRUE
3100007490,SISINTI SATYA NARAYAN PATRO,BRAHAMPUR,761001,BRAHAMPUR,ODISHA,TRUE
3100007577,SATISH BABU BOMMISETTY,SATISH BABU BOMMISETTY,,NELLORE,ANDHRA PRADESH,TRUE
3100007631,MAX ENTERPRISES,IBRAHIM COLONY PARRY PORANOWGAM BUDGAM JAMMU & KASHMIR,190015,JAMMU,JAMMU & KASHMIR,TRUE
3100008170,RAMESH KESHAVDAS MANVANI,AKOLA,,AKOLA,MAHARASHTRA,TRUE
3100008292,JAI CHAND CHANDER MOHAN,Dehradun,,DEHRADUN,UTTARAKHAND,TRUE
3100008641,CHIRAG CHOUDHARY,BILASPUR,,BILASPUR,CHHATISGARH,TRUE
3100008705,JAINAM SALES,GOPINALA MEHSANA 4/A SHIV COMPLEX MEHSANA GUJARAT ,3384002,MEHSANA,GUJARAT,TRUE
3100008867,DHEERAJ CHOUDHARY,BILASPUR,,BILASPUR,CHHATISGARH,TRUE
3100008891,KRISHNA TRADING COMPANY,SOHARI UNA HIMACHAL PRADESH,177039,UNA (HP),HIMACHAL PRADESH,TRUE
3100008935,M/S RANI ELECTRONICS,GONDA ROAD BAHRAICH NEAR DINESH AUTO SALES BAHRAICH UP.,271801,Bahraich,UTTAR PRADESH,TRUE
3100009278,VIKAS TANEJA,DELHI,,DELHI,DELHI,TRUE
3100009599,MAHESHWARI ELECTRONICS,FARIDKOT,,FARIDKOT,PUNJAB,TRUE
3100009631,MANOHAR NEBHANDAS KATHWANI,AMRAVAT,,AMRAVATI,MAHARASHTRA,TRUE
3100009671,MAHESHWARI ELECTRONIC,FARIDKOT,,FARIDKOT,PUNJAB,TRUE
3100009704,UNION ENTERPRISES,NIMBALKAR KI GOTH NAYA BAZAR GWALIOR ,474001,GWALIOR,MADHYA PRADESH,TRUE
3100009708,UTILITY ENGINEERS,"MSC GODDOWN COMPLEX, BALONGI,MOHALI,SAS NAGAR PUNJAB, MOHALI,PUNJAB,140301 ",140301,MOHALI,PUNJAB,TRUE
3100009727,EMBLAZE PLANNERS INDIA PVT LTD,MAHIBULLAPUR LUCKNOW NEAR POLICE CHAWKI BHARAT NAGAR SITAPUR LUCKNOW,226021,LUCKNOW,UTTAR PRADESH,TRUE
3100009947,DEEP ELECTRIC STORE,TAREEN BHADURGANJ SHAHJAHANPUR ,242001,Shahdol,MADHYA PRADESH,TRUE
3100011327,MAJID ELECTRONIC SURNKOTE,"NEAR JMA MASJID, SURANKOTE POONCH RAJOURI",185121,RAJOURI,JAMMU & KASHMIR,TRUE
3101,RCSPLSB BORIVALI,"KRANTINAGAR CONS. CO-OP. SOC. LTD, SAAKAR, JSEVAN BIMA NAGAR, BEHIND POST OFFICE, BORIVALI (W), MUMBAI- 400 103.",400103,MUMBAI,MAHARASHTRA,TRUE
3101000430,SRI DEVI ASSOCIATES,"H.NO-1-10-67, SV Arcade,Opp Ashok Nagar Park,Ashok Nagar,Hyderabad,Secunderabad-Hyderabad",500020,HYDERABAD,TELANGANA,TRUE
3101000864,Ajio_B2B,"House No. 1/328, Rajdhani Marg, Ambikapuram, Shuklaganj, Unnao",209861,UNNAO,UTTAR PRADESH,TRUE
3101000867,ASAP RETAIL Bahraich,"ASAP RETAIL,Civil Lines,Hospital Road Bahraich",271801,Bahraich,UTTAR PRADESH,TRUE
3101000868,ASAP RETAIL,Triveni Tower Station Road Gonda,271002,Gonda,UTTAR PRADESH,TRUE
3101001070,"BAGDAH, Helencha, North Twenty Four Parganas, TREN","J.L. NO. 63, KHATIAN NO. 959, DAG NO. 108 & 109, HELENCHA, P.S. - BAGDAH, Helencha, North Twenty Four Parganas, West Bengal",743270,HELENCHA,WEST BENGAL,TRUE
3101002125,MARCOWAGON RETAIL PRIVATE LIMITED,"NEW AHMEDABAD IND AREA, HP PETROL PUMP WADI GALI, MORAIYA, Changodar,Ahmedabad Changodar",382213,AHMEDABAD,GUJARAT,TRUE
3101002128,Ground and basement ground floor,"Khata No. 255,P No. 351, Ground & ground floor, Chak Nawada, sadarjung, Ghatnawada,Behind ara mil, Behind ara mil, Dalsinghsarai, Samastipur, Bihar,",848114,SAMASTIPUR,BIHAR,TRUE
3102,RCSPLSB BREACHCANDY,"53, BHULABHAI DASAI ROAD, BERACH CANDY, MUMBAI- 400 026",400026,MUMBAI,MAHARASHTRA,TRUE
3103,RCSPLSB CHEMBUR,"DIAMOND HOTEL BLDG.,CENTRAL AVENUE ROAD, NEAR AMBEDKAR GARDEN, CHEMBUR, MUMBAI- 400 071",400071,MUMBAI,MAHARASHTRA,TRUE
3104,RCSPLSB BANDRA,"MUNCIPAL BUILDING , GROUND FLOOR NEXT TO BANDRA RESIDANCY HOTEL , STATION ROAD , BANDRA (WEST)",400050,MUMBAI,MAHARASHTRA,TRUE
3104003966,C/O RELIANCE INDUSTRIES CORPORATE,CCMARENA VADDY RENOVALI  GOA,,GOA,GOA,TRUE
3105,RCSPLSB DINDOSHI GOREGAON (E),"MUNICIPAL MARKET, 1ST FLOOR, GOKUL DHAM, OPP. DINDOSHI BUS DEPOT, GOREGOAN (E), MUMBAI -  400 063",400073,MUMBAI,MAHARASHTRA,TRUE
3105029507,TARANJEET SINGH BAWEJA,"Hadbast No 273, Alamgir road,Casamento Marriage Palace,Alamgir Ludhiana Punjab, PIN CODE",141116,LUDHIANA,PUNJAB,TRUE
3105029595,MANPREET SINGH-UTILITY ENGINEERS-SCF,"24 , PHASE - 6  SA S NAGAR , MOHALI RUPNAGAR Mohali",160055,MOHALI,PUNJAB,TRUE
3106,RCSPLSB JUHU VILE PARLE (W),"NEW BOMBAY SHOPPING  CENTRE,VAIKUNTHLAL MEHTA MARG,JUHU VILLE PARLE (W) MUMBAI.",400049,MUMBAI,MAHARASHTRA,TRUE
3107,RCSPLSB NEW COLABA,"5, COLABA CHAMBER, GROUND FLOOR, SHAHID BHAGAT SINGH ROAD, COLABA, MUMBAI – 400 005",400005,MUMBAI,MAHARASHTRA,TRUE
3108,RCSPLSB MATUNGA,"MATUNGA  GUJARATHI CLUB BLDG., N.M.PAREKH MARG, BEHIND AURORA CINEMA, MATUNGA, MUMBAI- - 400 019",400019,MUMBAI,MAHARASHTRA,TRUE
3109,RCSPLSB VILE PARLE,"SHYAMKAMAL ‘C’ BUILDING, AGARWAL MARKET, BEHIND DINANTH MANGESHKAR HALL, VILE PARLE (E), MUMBAI- 400 057",400057,MUMBAI,MAHARASHTRA,TRUE
3110,RCSPLSB MAZGAON,"CHETAK APARTMENT, 19, LOVE LANE, MAZGAON, MUMBAI - 400 010",400010,MUMBAI,MAHARASHTRA,TRUE
3111,RCSPLSB WORLI,"WORLI SEA FACE CONS. CO-OP SOCIETY LTD,  WORLI SEA FACE( SOUTH END ), MUNICIPAL COMPOUND, KHAN ABDUL GAFARKHAN ROAD, WORLI,  MUMBAI –  400 018.",400018,MUMBAI,MAHARASHTRA,TRUE
3112,RCSPLSB COLABA,"MAJESTIC BLDG., AMADAR NIWAS,OPP. REGAL CINEMA, COLABA,                     MUMBAI - 400 005",400005,MUMBAI,MAHARASHTRA,TRUE
3113,RCSPLSB NAPEAN SEA ROAD,"HYDERABAD ESTATE RESIDENTS, CONSUMERS CO-OP. SOC. LTD, ‘B’ BLOCK, GROUND FLOOR, HYDERABAD ESTATE,  NEAPEAN SEAR RD., MUMBAI – 400 026",400026,MUMBAI,MAHARASHTRA,TRUE
3114,RCSPLSB 3R CHEMBUR,"OPP JAIN TEMPLE, R.C.MARG, CHEMBUR, MUMBAI - 400071",400071,MUMBAI,MAHARASHTRA,TRUE
3115,RCSPLSBJB ANDHERI,"SHYAM KUNJ, RAJASTHAN CO-OP HSG SOC, J. B. NAGAR, OPP KOHINOOR HOTEL, ANDHERI KURLA RD, ANDHERI(E), MUM-59",400059,MUMBAI,MAHARASHTRA,TRUE
3116,RCSIL CCISHOP,"THE SHOP, GATE NO-12, MARINE DRIVE, CRICKET CLUB OF INDIA, MUMBAI",400020,MUMBAI,MAHARASHTRA,TRUE
3119,RCSPLSB AGAR BAZAR PARBHADEVI DADAR (W),"AGARBAZAR, SK BHOLE MARG, PARBHADEVI DADAR WEST",400028,MUMBAI,MAHARASHTRA,TRUE
3120,RF SB VIRAR STORE,"SHOP NO. 1, RUNWAL VIHAR, BOLINJ, NEAR PREMIUM PARK & PARAG MEDICAL, OPP LANE OF DHANLAKSHMI BANK, AGASHI ROAD, VIRAR WEST - 4013030",401301,MUMBAI,MAHARASHTRA,TRUE
3121,MIRA ROAD MUMBAI,"TRIVEDI PALACE, TRIVEDI COMPLEX, ABOVE SHARDA SCHOOL, NEAR CHURCH, SHEETAL NAGAR, MIRA ROAD EAST, DIST.THANE 401 101",401101,MUMBAI,MAHARASHTRA,TRUE
3145,RF NALLASOPARA WEST,"GROUND FLOOR, SHREEPRASTHA COMPLEX, LANDMARK-FUN FIESTA MALL, NALASOPARA (W), MUMBAI",401203,MUMBAI,MAHARASHTRA,TRUE
32000046,Bunkar Studio,"Near St Al Haneef school Semra, katesar Varanasi",221008,VARANASI,UTTAR PRADESH,TRUE
32001373,Evinix,"C-87/1, Bulandshahr Road Industrial Area, Ghaziabad, Uttar Pradesh",201001,BULANDSHAHR,UTTAR PRADESH,TRUE
3201,"SMART LAMBHVEL ROAD, ANAND","RELIANCE RETAIL LTD,LAMBHVEL ROAD ANAND,OPP.ITI,ANAND,GUJARAT",388001,ANAND,GUJARAT,TRUE
3202,SMART GUNJAN VAPI,"RELIANCE SUPER VAPI OPP - HOTEL PRIME  - NEAR 21ST CENTURY HOSPITAL, GIDC, VAPI ",396195,VAPI,GUJARAT,TRUE
3203,SMART MAHAVIRNAGAR,PLOT NO-89&90 KHED TASIYAROAD NEAR GOKUL NAGAR RLY CROSSING MAHAVIR NAGAR HIMMATNAGAR-383001,383001,HIMMATNAGAR,GUJARAT,TRUE
3204,SMART SECTOR 12B GANDHIDHAM,"PLOT NO - 310, WARD 12/B, NEAR LIC BUILDING, OLD COURT, GANDHI DHAM GUJARAT",370201,GANDHIDHAM,GUJARAT,TRUE
3205,SMART MUNDRA ROAD BHUJ,"BHANUSHALI NAGAR, MUNDRA ROAD, BHUJ-KUTCH",370001,BHUJ,GUJARAT,TRUE
3206,SMART SEVASHRAM ROAD,"RELIANCE SMART, OPP. ICICI BANK SHEVASHRAM ROAD, BHARUCH ",392001,BHARUCH,GUJARAT,TRUE
3207,FRESH STORE HIGH STREET,"RELIANCE SUPER , OPP-NAVARANG[PURA POLICE STATION ,OPP-NAPTUNE HOUSE, HIGH STREET, SHRIMALI SOCIETY, NEAR NAVRANGPURA RAILWAY CROSSING, AHMEDABAD",380009,AHMEDABAD,GUJARAT,TRUE
3208,SMART STORE BHAVNAGAR,"PLOT NO2132/A, NR, ATTABHAI CHOWK,TALAJA ROAD,BHAVNAGAR",364001,BHAVNAGAR,GUJARAT,TRUE
3210,SMART STORE AYODHYA BYEPASS,"RELIANCE SMART PLOT NO 11-15 VILLAGE NARELA SHANKARI, SANTOSH VIHAR COLONY , AYODHYA BY-PASS COLONY",424721,BHOPAL,MADHYA PRADESH,TRUE
3214,SMART KANT ADANI NADIAD,"RELIANCE SUPER, KANT APARTMENT, OPP. CHANDAN JEWELLERS, NR. KIDNEY HOSPITAL, PETLAD ROAD, VANIYAVAD, NADIAD.",387001,NADIAD,GUJARAT,TRUE
32180360,ESS CARPET,"3RD FLOOR SHOW ROOM, 01, RATH PORA, EID GAH SRINAGAR,JAMMUAND KASHMIR SRINAGAR",190002,SRINAGAR,JAMMU & KASHMIR,TRUE
3244,RELIANCE MARKET VADODARA,"""RRL Reliance Market Vadodara Reliance Retail Limited Opp Reliance Gujarati Medium School Petrochemicals Township Refinery Road  Village Undhera Sector-1 PO Petrochemicals Township 391345 VADODARA"" ",391345,SURAT,GUJARAT,TRUE
3327,SB MULUND,"SHOP NO.7 TO 11,BRIGHTON BULD,NEAR JAIN MANDIR,HARI OM NAGER  MULUND E",400081,MUMBAI,MAHARASHTRA,TRUE
3337,GOOTHI ROAD ,"SURVEY NO 747/1A3 AND 755/B1, H. NO. 50-760-A WARD NO.50 BLOCK NO 13 GAYATRI ESTA DEVA NAGAR, GOOTY ROAD,  KURNOOL ANDHRA PRADESH-518002",518002,KURNOOL,ANDHRA PRADESH,TRUE
392130,DAHEJ GUJARAT,"Reliance Retail Ltd,Entry Gate TCG-Gate 1, Direct Sale NewComm, Retail Common, 392130 Dahej",392130,Dahej,GUJARAT,TRUE
3981,ACME PHARMA,"ACME MALL,KHIRA NAGAR, NEAR MILAN SUBWAY, H.P. PETROL PUMP, SANTACRUZ W - MUMBAI - 400054",400054,MUMBAI,MAHARASHTRA,TRUE
3989,RCP PHARMA,"RELIANCE CORPORATE PARK, NOCIL COMPLEX, THANE BELAPUR ROAD, GHANSOLI, NAVI MUMBAI - 400 701",400701,NAVI MUMBAI,MAHARASHTRA,TRUE
3993,SB ASHOK GARDENS SEWRI,"PO LEVEL, NEAR D WING, NEXT TO PRESSTO, ASHOK GARDENS, SEWRI",400015,MUMBAI,MAHARASHTRA,TRUE
462016,RELIANCE CONSUMER PRODUCTS LIMITED JABALPUR,3RD FLOOR DB CITY MALL ARENA HILLS MP NAGAR BHOPAL,462016,JABALPUR,MADHYA PRADESH,TRUE
49209,RELIANCE CONSUMER PRODUCTS LIMITED - RAIPUR,VILLAGE HIRAPUR RAIPUR - 49209,49209,RAIPUR,CHHATISGARH,TRUE
5237,SMAT HUB,AHMEDABAD,,AHMEDABAD,GUJARAT,TRUE
525745,RELIANCE CONSUMER PRODUCTS LIMITED,UPSIDC AGRO PARK KARKHIYAON PHOOLAPUR,221206,VARANASI,UTTAR PRADESH,TRUE
5518,MERCHANDISING CENTRE RCP,"MERCHANDISING CENTRE, GATE-A, RCP, THANE-BELAPUR ROAD, GHANSOLI-400701, NAVI MUMBAI, MAHARASHTRA",400701,NAVI MUMBAI,MAHARASHTRA,TRUE
60010719,PLANT,ALWAR,301404,ALWAR,RAJASTHAN,TRUE
60400014,OMKAR TRADING CO.,"GROUND FLOOR, GALA NO 10, 11 PLOT NO B, SHUBHAM BUILDING, SQUARE INDUSTRIAL PARK, NEAR TUNGARESHWAR FATA,SATIVALI, VASAI EAST",401208,THANE,MAHARASHTRA,TRUE
60400495,ALWAR,ALWAR,,ALWAR,RAJASTHAN,TRUE
60400587,PATNA 60400587,PATNA,,PATNA,BIHAR,TRUE
6202,ISKCON RELIANCE SMART,"RELIANCE MART,ISCON MEGA MALL,S G HIGHWAY, NR. ISCON TEMPLE, AHMEDABAD",380054,AHMEDABAD,GUJARAT,TRUE
6203,SMART MOTI KHAVDI JAMNAGAR,"RELIANCE HYPERMART LTD. OPP. RELIANCE REFINERY MAIN GATE, VILLAGE: MOTI KHAVDI TAL:LALPUR, DIST:JAMNAGAR. ",361140,JAMNAGAR,GUJARAT,TRUE
6205,CROWN INTERIORZ MALL,"CROWN INTERIORZ MALL 12/7, SECTOR-35, 21KM STONE, NH-2, NEAR SARAI KHWAJA, DELHI MATHURA ROAD, FARIDABAD, HARYANA, PIN NO - 121003",121003,FARIDABAD,HARYANA,TRUE
6208,ALMONTE-KHARDI BYPASS,"RELIANCE HYPERMART LTD.  SURVEY NO:8, HISSA NO: 2B+2C KHARADI, HAVELI NEAR RADDISON HOTEL PUNE-411014",411014,PUNE,MAHARASHTRA,TRUE
6209,SMART TAIN SQUARE - FATIMANAGAR,"RELIANCE HYPERMART LTD; SURVEY NO 15, TAIN SQUARE BUILDING, OFF PUNE SOLAPUR ROAD, OPPOSITE TO HDFC BANK, FATIMA NAGAR, WANWORIE, PUNE, MAHARASHTRA",411040,PUNE,MAHARASHTRA,TRUE
6210,"CENTRAL CITY MALL, MUMBAI CENTRAL (E)","RELIANCE SMART, CENTRAL CITY MALL, D.B.MARG, OPP SHAGUN HOTEL MUMBAI CENTRAL (E)",400008,MUMBAI,MAHARASHTRA,TRUE
6212,DARGAMITTA,"RELIANCE SMART, MUNCIPAL CAS NO:516, SRI SAILAM TOWERS, POLICE OFFICE ROAD, ADJ: TO KVR PETROL BUNK, DARGAMITTA, NELLORE-AP",524003,NELLORE,ANDHRA PRADESH,TRUE
6217,SMART ACME MALL SANTA CRUZ (W),"ACME MALL, NEAR KHIRA NAGAR, S. V ROAD, SANTA CRUZ (W), MUMBAI",400054,MUMBAI,MAHARASHTRA,TRUE
6219,RELIANCE MART AUNDH,RELIANCE HYPERMART LTD. WESTEND CENTER DP ROAD OPPOSITE MACDONALD PUNE - 411007,411007,PUNE,MAHARASHTRA,TRUE
6220,"SMART PHOENIX MARKET CITY, KURLA","RELIANCE FRESH LTD., G28/29, GRND FLOOR, MARKET CITY MALL, L.B.S. MARG, KURLA, MUMBAI",400070,MUMBAI,MAHARASHTRA,TRUE
6221,SMART D-VICTORIA BORIVALI (W),"RF D VICTORIA MALL, DEVPOOJA BUILDERS PL, D VICTORIA MALL, PLOT NO. 81-90, SHIMPOLI ROAD, BORIVALI WEST",400092,MUMBAI,MAHARASHTRA,TRUE
6224,SMART OSRTC BHUBANESHWAR,BHUBANESHWAR,,BHUBANESHWAR,ODISHA,TRUE
6233,FUN REPUBLIC MALL,"RELIANCE MART LIMITED, NO 474, FUN REPUBLIC MALL,LOWER GROUND FLOOR,AVINASHI ROAD,SOWRIPALAYAM VILLAGE,COIMBATORE- 641004",641004,COIMBATORE,TAMIL NADU,TRUE
6237,SMART STORE DRIVE IN,"DRIVE IN STORE , NEAR DRIVE IN CINEMA",380052,AHMEDABAD,GUJARAT,TRUE
6703,SMART MANEK LAL ROAD NAVSARI,"RELAINCE SUPER,OPP. HEAD POSTOFFICE,NR SANDHKUVA POLICE STATION,MANEKLAL ROAD,",396445,NAVSARI,GUJARAT,TRUE
6704,SMART AYURVEDIC UNIVERSITY JAMNAGAR,"RELIANCE SUPER, OPP GUJARAT AYURVEDIC UNIVERSITY, GURUDWARA ROAD, JAMNAGAR, GUJARAT",361005,JAMNAGAR,GUJARAT,TRUE
6712,SMART MANGALYA VADODARA,"RELIANCE SUPER, MANGALYA HALL, NR AIR PORT CIRCLE HARNI ROAD VADODARA ",390022,VADODARA,GUJARAT,TRUE
6719,SMART ERANDWANE,"RELIANCE SMART, DOWN TALL MALL, 1ST TO 4TH FLOOR, S.NO.8/13, ERANDWANE, PUNE",411004,PUNE,MAHARASHTRA,TRUE
6721,SMART STORE TAPADIA MALL KOLHAPUR,"RELIANCE SMART, TAPADIA MALL, DALAL STREET , SITE NO. 61, LAXMIPURI, KOLHAPUR",416002,KOLHAPUR,MAHARASHTRA,TRUE
6722,SMART LAKE CITY UDAIPUR,"LOWER GROUND FLOOR, LAKE CITY MALL, PLOT NO.1, ASHOK NAGAR MAIN ROAD, UDAIPUR, RAJASTHAN - PIN NO - 313001",313001,UDAIPUR,RAJASTHAN,TRUE
6723,SMART AIMS OXYGEN VADODARA,"RELIANCE RETAIL LTD.RELIANCE MART,OPP.STERLING HEALTH MALL,O.P.ROAD.VADODARA",390020,VADODARA,GUJARAT,TRUE
6726,ELEMENTS MALL,"GF, ELEMENTS MALL, ",302019,JAIPUR,RAJASTHAN,TRUE
6727,SMART BMG MALL REWARI,"BMG Mall, Lower Ground Floor, Circular Road, Rewari, Pin No - 123401 ",123401,REWARI,HARYANA,TRUE
6731,SMART GULMOHAR PLAZA VIRAR (W),"RELIANCE RETAIL LTD, GULMOHAR PLAZA, NR. OLD VIVA COLLAGE, VIRAR WEST, MUMBAI MH 401303",401303,MUMBAI,MAHARASHTRA,TRUE
6734,IMPERIAL MALL,"KONKANE CHOWK,PIMPLE SAUDAGAR,PCMC, PUNE",411057,PUNE,MAHARASHTRA,TRUE
700099,K.,"Premises No 332, Mauza Barakholla, JL 21, Eastern Metropolitan Bypass, Jadavpur, Kolkata, West Bengal 700099",,KOLKATA,WEST BENGAL,TRUE
8034,RRL TRENDS,CINE MALL VADODARA,390001,VADODARA,GUJARAT,TRUE
8090,RRL Trends Erandwane Pune Stor,"Reliance Retail Limited, Pune, Maharashtra",411004,PUNE,MAHARASHTRA,TRUE
8288,RRL Trends Vinayak,Plaza Varan Reliance Retail Limited Varanasi UP ,221001,VARANASI,UTTAR PRADESH,TRUE
8349,BB STORE - FRL ADITYA MALL GANDHIDHAM,GANDHIDHAM,370201,GANDHIDHAM,GUJARAT,TRUE
8774,RRL AUTO MOTI KHAVDI JAMNAGAR,"""RRL Auto Motikhavdi  Jamnagar Reliance Retail Limited Survey No 44 Village Motikhavdi Near Reliance Greens Dist: PO Digvijaygram 361140 Jamnagar"" ",361140,JAMNAGAR,GUJARAT,TRUE
9363,RRL NARODA,"RRL PCS CENTRE, NARODA",380038,AHMEDABAD,GUJARAT,TRUE
9380,RRL DMK Agro Care Pvt Ltd,Reliance Retail Limited A733 MIDC Kjairane TTC Industrial Area Mumbai Maharashtra ,400705,MUMBAI,MAHARASHTRA,TRUE
9539,RRL TRENDS CHANDRAPUR-,CHANDRAPUR ,,CHANDRAPUR,MAHARASHTRA,TRUE
9693,SMART RELIANCE GREEN JAMNAGAR,"RELIANCE SMART GREENS ARCADE, RELIANCE GREEN, MOTIKHAVDI, JAMNAGAR",361142,JAMNAGAR,GUJARAT,TRUE
9SLTM,RRL VF JPR Chomu PL DC,Shree Shyam Logisticssurvey No 685/2 690/2 690/2 686/1 688/1 Village Hathnoda Tehsil Chomu Dist Jaipur 303702 JAIPUR,303702,CHOMU,RAJASTHAN,TRUE
AASK,ASTHA AGENCY,"ASTHA AGENCY,S K PARK,MANDAVI ROAD,NETRANG,BHARUCH,GUJARAT-",393130,BHARUCH,GUJARAT,TRUE
AE55,RRL CC RAU,INDORE,452001,INDORE,MADHYA PRADESH,TRUE
AF_BSB_S_,BANGALORE 560084,"_751  Myntra Fc Whitefield Bangalore  Bangalore, KA 560084",560084,BANGALORE,KARNATAKA,TRUE
AF_LASAA,AF_LASAA_383001_307,AF_LASAA_383001_307,383001,HIMMATNAGAR,GUJARAT,TRUE
AF_MERHA_,421302_,"H1 Warehouse Sai Dhara Logistics Park, Mumbai Nasik Highway,  Mumbai, MH 421302",421302,BHIWANDI,MAHARASHTRA,TRUE
AF_MERHA_1,"Building No. B600, Luhari Iii, Indospace Logistic ","Delhi, HR 124108  ",124108,DELHI,DELHI,TRUE
AF_NIVEA,AF_NIVEA_131028_520,"Dsv Solution Pvt. Ltd. ,c/o Nivea India Pvt. Ltd,khasra No 8  Sonipat, HR 131028",131028,DELHI,DELHI,TRUE
AF_NIVEA_,560049_236,"Dsv Solutions Pvt. Ltd..shed No.8 Survey No31,18km Old Madra  Bangalore, KA ",560049,BANGALORE,KARNATAKA,TRUE
AF_NIVEA_1,"Dsv Solution Pvt. Ltd. ,c/o Nivea India","Sonipat, HR 131028",131028,HARYANA,HARYANA,TRUE
AF_NIVEA_3,AF_NIVEA_382427_176,"C/o Dsv Solutions Pvt. Ltd., Old Survey No 753(new Survey No  Ahmedabad, GJ 382427",382427,AHMEDABAD,GUJARAT,TRUE
AF_NIVEA_4,AF_NIVEA_421101_465,"Borivali Tarf Sonale, Borivali Village, Global Realty Infra  Bhiwandi, MH 421101",421101,BHIWANDI,MAHARASHTRA,TRUE
AF_NIVEA_7,AF_NIVEA_453771_723,"Lp Logiscience Llp, Part 2/6, 2/7, 2/8, 2/16 & 2/16, Block  Indore, MP 453771",453771,INDORE,MADHYA PRADESH,TRUE
AF_NIVEA_A,AF_NIVEA_382427_176 Ahmedabad,"C/o Dsv Solutions Pvt. Ltd., Old Survey No 753(new Survey No  Ahmedabad, GJ 382427",382427,AHMEDABAD,GUJARAT,TRUE
AF_PACIF_4,AF_PACIF_421101_678,"Flipkart India Pvt. Ltd., Warehouse Saidham, G Warehouse, At  Bhiwandi, MH 421101",421101,BHIWANDI,MAHARASHTRA,TRUE
AF_POWER,AF_POWER_122004_305,"""khasra No 190/202, Killa No. 16/2/2/2 (2-4) Village Sihi, N  Gurugram, HR 122004",122004,GURUGRAM,HARYANA,TRUE
AF_RUHE_3,Survey No. 606 (old Survey No. 1439) Rishi Kiran L,"Ahmedabad, GJ 382213  ",382213,AHMEDABAD,GUJARAT,TRUE
AF_VADOD_B,Godown No 3.4 Opp. Radheshyam,"Bhayil Vadodara, GJ 391410  ",391410,VADODARA,GUJARAT,TRUE
AFP,AFM MANUFATURING COPMANY PVT LTD,HAJIPUR VAISHALI BIHAR,,HAJIPUR,BIHAR,TRUE
AGRAWAL,AGRAWAL SALT TRADING CO,"AGRAWAL SALT TRADING CO Vadodara, Gujarat",390001,VADODARA,GUJARAT,TRUE
AHMEDABAD,RRL GIDC Naroda DC, Reliance Retail Limited AHMEDABAD ,382330,AHMEDABAD,GUJARAT,TRUE
AHMEDNAGAR,PL - AHMEDNAGAR,Saideep Foams Pvt Ltd Plot No A11/2 Nagpur Midc Ahmadnagar Maharashtra,414111,AHMEDNAGAR,MAHARASHTRA,TRUE
ALLAHABAD,PL- ALLAHABAD,Yadav Nagar shiv mandir madauka road tci chaurha dandi bazar naini ,211001,ALLAHABAD,UTTAR PRADESH,TRUE
AMD0,AMAZON SELLER-Airport,"Sardar Vallabhbhai Patel International Airport  Ahmedabad, Gujarat 380003",380003,AHMEDABAD,GUJARAT,TRUE
AMD2,AMD2 -FC 2 BAVLA,"Plot No. 120 (x) And Part Portion Of Plot No. 119 (w2)  Bavla, Gujarat 382220",382220,BAVLA,GUJARAT,TRUE
AMDE,AMAZON SELLER-SHYAMAL-1,"Aangan Banquet-2, B/h Aangan Banquet, Beside Star Bazaar, Op  Ahmedabad, Gujarat 380015",380015,AHMEDABAD,GUJARAT,TRUE
AMRITSAR,ARORA SALES ENTERPRISES,"ARORA SALES ENTERPRISES,SINGHPURA, BHIKIWIND, RO TARN TARAN-",143303,AMRITSAR,PUNJAB,TRUE
ANAND,G.I.PATEL,G.I.PATEL NI KHARI- VADTAL-JOL ROAD. NEAR NEW BUS STAND. RAILWAY STATION ROAD,387375,ANAND,GUJARAT,TRUE
ANDD,"Godown 9,swaminarayan Rice And Pulses Mill Compoun","Anand, Gujarat",388001,ANAND,GUJARAT,TRUE
ARUPPUKKOT,ARUPPUKKOTTAI,Pro Connect Supply chain Door No 5-2-70 A By Pass Road Palayampatti Vlg Aruppukotta Dist Virudhunagar,626112,ARUPPUKKOTTAI,TAMIL NADU,TRUE
AZAMGARH,Ganesh trading Company,"Mukeriganj , Sadar, Azamgarh",276001,AZAMGARH,UTTAR PRADESH,TRUE
B' GARH 2,RELIC FOOTWEAR,"KHASRA NO 42/3/2 BLOCK B VILLAGE KASSAR, BAHADURGARH",124507,BAHADURGARH,HARYANA,TRUE
BAGHPAT,AMBE AGROFOODS PRVATE LIMITED,Baghpat UP,250609,BAGHPAT,UTTAR PRADESH,TRUE
BAGRU,Smart Hub Bagru RRL,"Reliance Retail Limited Plot No. 23 24 25 32 3334 Solitaire Industrial Park Bagru, Rajasthan",303007,BAGRU,RAJASTHAN,TRUE
Balasore,Laxmi Oil Industries,"ARTAKAVIRAJ ROAD, MOTIGANJ BAZAR, Balasore, Odisha,",756003,BALASORE,ODISHA,TRUE
BARABANKI,"ASIAD CIRCUS HYDERGARH ROAD, OPPSIYE NATIONAL PALA",BARABANKI,225001,BARABANKI,UTTAR PRADESH,TRUE
BARMER,SHREE KRISHNA,"Shree Krishna mobile chouhtan,Virata circle, chouhtan Barmer Rajasthan   ",344702,BARMER,RAJASTHAN,TRUE
BASSI,BASSI PATHANA,"Village kotla Fazal Tehsil Bassi Pathana , Punjab, Sirhind Fategarh Sahib, Punjab  ",140406,BASSI PATHANA,PUNJAB,TRUE
BAVLA WH,BAVLA WH FOR BB GOODS,"WH NO. 1, UNO LOGISTICS PARK, VILLAGE KOCHARIYA, RAJKOT HIGHWAY",380220,AHMEDABAD,GUJARAT,TRUE
BB GANDHI,GANDHIDHAM,ADITYA MALL CINEMA,370201,GANDHIDHAM,GUJARAT,TRUE
BB JAMSHED,BB JAMSHEDPUR,"RRL P&M HITECH CITY CENTER MALL, JAMSHEDPUR",831001,JAMSHEDPUR,JHARKHAND,TRUE
BB- VAPI,CENTER BAZAAR,NA,396191,VAPI,GUJARAT,TRUE
BB-AJMER,BB OASIS MALL AJMER,"BB-AJMER-OASIS MALL, Bb Ajmer Oasis Mall Panchsheel, Block A  Rajeev Circle  Oasis Mall, Panchsheel Marg,- 305004",305004,AJMER,RAJASTHAN,TRUE
BB-BHARUCH,BB SHALIMAR TALKIES BHARUCH,"	 BB-BHARUCH-SHALIMAR TALKIES Bb Bharuch Shalimar Talkies Bb Bharuch Shalimar Talkies Station Road 392001 Bharuch",392001,BHARUCH,GUJARAT,TRUE
BB-BHAVNGR,"BB- BHAVNAGAR, SHIVA BLESSINGS",NA,364001,BHAVNAGAR,GUJARAT,TRUE
BB-BHILAI,BB SURYA TREASURE ISLAND BHILAI,BB-BHILAI-SURYA TREASURE ISLAND b Bhilai Surya Treasure Islan b Bhilai Surya Treasure Islan Opp Surya Vihar Junwani 490020 Bhilai,490020,BHILAI,CHHATISGARH,TRUE
BB-BHIWADI,BB BHIWADI,"	 BB-BHIWADI-ALWAR ROAD-ED Bb Bhiwadi Alwar Road Mf Genesis Mall Alwar Bypass Road Bhiwadi Bhiwadi",NA,BHIWADI,RAJASTHAN,TRUE
BB-KOTA,BB KOTA -JHALAWAR ROAD KOTA,BB-KOTA-JHALAWAR RAOD Bb Kota Jhalawar Road Plot No  A 47  Road No  3 I P I  Area  Jhalawar Road 324005 Kota,324005,KOTA,RAJASTHAN,TRUE
BB-RAIGARH,BB RAIGARH,"	 BB-RAIGARH-GRAND MALL Bb Raigarh Grand Mall Gauri Shankar Mandir Chawk Gauri Shankar Mandir Chawk",NA,RAIGARH,CHHATISGARH,TRUE
BB-RAJKOT,B KALAWAD ROAD RAJKOT,"	 BB-RAJKOT-KALAWAD ROAD Bb Rajkot Kalawad Road Plot No 46  T P  Scheme No 3  Off 150Ft Ring Road  Off Kalawad Road 360005 RAJKOT",360005,RAJKOT,GUJARAT,TRUE
BB-SURAT,BB KAMDHENU CORPN SURAT,"	 BB-SURAT-KAMDHENU CORP Bb Surat Kamdhenu Corp Kamdhenu Corporation  Surat Damas Road SURAT",NA,SURAT,GUJARAT,TRUE
BB-UDAIPUR,BB CELEBRATION MALL UDAIPUR,"	 BB-UDAIPUR-CELEBRATION MALL-ED, Bb Udaipur Celebration Mall Mf, The Celebration Mall, Phase Ii-313004",313004,UDAIPUR,RAJASTHAN,TRUE
BB-VADODAR,BB MANJALPUR EVA MALL VADODARA,"	 BB-VADODARA-MANJALPUR-EVA MALL Bb Vadodara Manjalpur Eva Mall Near Saraswati Complex  Manjalpur 390011 VADODARA",390011,VADODARA,GUJARAT,TRUE
BB1-A'BAD,BB KANKARIA AHMEDABAD,"	 BB-AHMEDABAD-KANKARIA Bb Ahmedabad Kankaria New Cotton Mills Compound AHMEDABAD",NA,AHMEDABAD,GUJARAT,TRUE
BB1-JAIPUR,BB JAIPUR PINK SQUARE MALL,"	 BB-JAIPUR-PINK SQUARE MALL, Bb Jaipur Pink Square Mall, Pink Sqaure Mall  Plot No 1 & 2, Janata Colony  Govind Marg-302004",302004,JAIPUR,RAJASTHAN,TRUE
BB1-UDAIPU,BB KUMBHA MARG UDAIPUR,BB-UDAIPUR-KUMBHA MARG Bb Udaipur Kumbha Marg Big Bazaar Plot No 29A Kumbha Marg Udaipur 313001 Udaipur,313001,UDAIPUR,RAJASTHAN,TRUE
BB1-VADODA,BB SEVEN SEAS MALL VADODARA,"	 BB-VADODARA-SEVENSEAS MALL Bb Vadodara Sevenseas Mall  Severnseas Mall 'Sayaji Path' Fatehgunj Severnseas Mall 'Sayaji Path' Fatehgunj 390002 VADODARA",390002,VADODARA,GUJARAT,TRUE
BB2-JAIPUR,BB TRINITY MALL JAIPUR,"BB-JAIPUR-TRINITI MALL-SANGANER ROAD, Bb Jaipur Triniti Mall Sangane, Plot No 5  Triniti Mall, Opp Shyam Nagar  New Sanganer Road,303902",303902,JAIPUR,RAJASTHAN,TRUE
BDQE,AMAZON SELLER -Vadodara,"Vipor Chemicals Pvt. Ltd, A2, 65/1, Gidc Industrial Esate, M  Vadodara, Gujarat 390010",390010,VADODARA,GUJARAT,TRUE
BDQF,Satyam Weight bridge,"golden char rasta, Halol VADODARA, GUJARAT 390022",390022,VADODARA,GUJARAT,TRUE
Berhampur,"Brahmapur, Ganjam","Central Warehousing Corporation Good Shed Road, Lanjipalli, Brahmapur, Ganjam",760008,BERHAMPUR,ODISHA,TRUE
BERHAMPUR2,M/S-GOURAHARI TRADERS,BAM/1/608 KATHAMENTU ROAD BESIDE ASHRAF PETROL PUMP BERHAMPUR GANJAM ,760006,BERHAMPUR,ODISHA,TRUE
BHATINDA,"BANSAL AGENCIES, BHATINDA",Bansal Agencies Mall road Near bus stand Goniona Mandi Dist Bathinda,151201,BHATINDA,PUNJAB,TRUE
BHAYALA,"Reliance Retail Limited, Bhayala","Building No B100 Arman Logistics Park Situtaed At Indospace Industrial, And Log Village Bhayala Taluka Bavla Ahmedabad  Bavla, Gujarat ",382240,BAVLA,GUJARAT,TRUE
BHIWANDI,Distribution Centre,"Sagar Complex Build E1, Village Ovali  Mumbai Nasik Highway Bhiwandi Thane Maharashtra BHIWANDI, Maharashtra  ",421302,BHIWANDI,MAHARASHTRA,TRUE
BHOOMI ENT,BHOOMI ENTERPRISES,"BHOOMI ENTERPRISES, Khetani Industrial Area, Gala No.6, M.N.Road, Sonapur Lane, Kurla (W), Mumbai ",400070,MUMBAI,MAHARASHTRA,TRUE
BHOPAL,RRL CDIT BHOPAL DC,"Revenue Sy No.181 1 4 1 situated Mendua, Chiklod Jabalpur Rd Near CRPF Main Gate, Tehsil Goharganj District Raisen, RAISEN, Madhya Pradesh,",464993,BHOPAL,MADHYA PRADESH,TRUE
BHOPAL 2,RRL Bhopal Distribution Centre,Reliance Retail Limited SAD Warehouse Bhopal,462047,BHOPAL,MADHYA PRADESH,TRUE
BLR4,Bengaluru,"Hitech, Defence And Aerospace Park, Devanahalli  Bengaluru, Karnataka 562149",562149,BANGALORE,KARNATAKA,TRUE
BLR7,Bangalore Karnataka,"Kasaba Hobli Anekal Taluk  Bangalore, Karnataka 562107",562107,BANGALORE,KARNATAKA,TRUE
BLR8,"Bangalore, Karnataka","Plot No 12 P2, Bangalore Hardware Park Kiadb  Bangalore, Karnataka 562149",562149,BANGALORE,KARNATAKA,TRUE
BLX1,BLX1 -,"All Cargo, Malur Whitefield Rd, Madanahalli,  MALUR INDUSTRIAL AREA, KARNATA - 563160",563160,BANGALORE,KARNATAKA,TRUE
BMEE,"Shop No. 1, Sarhad Mauja Balotra","Balotra, Rajasthan 344022  ",344022,Balotra,RAJASTHAN,TRUE
BOM4,"WB-10/11, Renaissance logistics park","THANE, MAHARASHTRA 421302",421302,THANE,MAHARASHTRA,TRUE
BOM5,"Renaissance Industrial Smart City, Kalyan Sape Roa","BOM5  Renaissance Industrial Smart City, Kalyan Sape Road  Thane, Maharashtra 421302",421302,BHIWANDI,MAHARASHTRA,TRUE
BOM7,"Bhiwandi, Maharashtra","No5 Bgr Logistics Park Near Shiv Sagar Hotel , Village Vahul  Bhiwandi, Maharashtra 421302",421302,BHIWANDI,MAHARASHTRA,TRUE
BONGAIGAON,Smart Hub Bongaigaon,RRL Reliance Retail Limited WB-DC-BOI-001-RRL Assam State Warehousing Corporation Bongaigaon Centre  Dolaigaon ,783380,BONGAIGAON,ASSAM,TRUE
BSAB,B S agencies,"bhatinda,Kisori ram hopital road , opp barat petrol pump bhatinda",151001,BHATINDA,PUNJAB,TRUE
BSCP,BALAJI SALES CORP,Plot No-325 Industrieal area phase-1 Panchkula,134109,PANCHKULA,HARYANA,TRUE
BUJD,"Shop No 1&2 , Yuvraj Complex","Madhapar, Gujarat 370020",370020,BHUJ,GUJARAT,TRUE
CB08,PL - CHENNAI,"C/o. S.N.D Enterprises,Survey No.461/2C, Redhills-Ambattur Ro, Puzhal Village, Ambattur Taluk, - Chennai",600062,CHENNAI,TAMIL NADU,TRUE
CCUY,"Plot 33 And 34, Arrjavv Industrial Warehouse Park","Dankuni, West Bengal 712310",712310,Dankuni,WEST BENGAL,TRUE
CF08 & Y122,VF DC BHIWANDI,"WAREHOUSE NOS 96 & 104, INDIAN CORPORATION DAPODA ROAD, OPP GAJANAND PETROL PUMP, MANKOLI NAKA, BHIWANDI",0,MUMBAI,MAHARASHTRA,TRUE
CHANDRAPUR,CHANDRAPUR MAHARASHTRA,M/S  ARKS ENTERPRICES CHANDRAPUR MAHARASHTRA,442401,CHANDRAPUR,MAHARASHTRA,TRUE
CHATTARPUR,SHRI SANI DEV TRADERS,"Laloni tiraha, Sagar Road Ojaswini Nagar, Chhatarpur",471001,CHATTARPUR,MADHYA PRADESH,TRUE
CHAURAS,"Chauras , Srinagar","Chauras , Srinagar Uttarakhand,",246174,SRINAGAR (UTTARAKHAND),UTTARAKHAND,TRUE
CHENNAI,ARIHANT NUTRITION INC,"890/1, G2, 1ST Floor, Lotus colony, 3rd Street, Near Nadi Medical Centre, Madhavaram, Chennai ",600060,CHENNAI,TAMIL NADU,TRUE
Chhindwara,MANIRATNAM,"Ward No 09, Warehouse Road Parasia, Lions Eye Hospital, Dongar Parasia, Chhindwara, Madhya Pradesh, ",480441,CHHINDWARA,MADHYA PRADESH,TRUE
CHOMU,CHOMU,Reliance Retail Limited Central Warehousing Godown No. 1A2A2B 5A 5B Via Udaipuria Po Bhopawas Tehsil Chomu District Jaipur,303807,CHOMU,RAJASTHAN,TRUE
CI08,RRL AHMEDABAD DISTRIBUTION CENTRE,AHMEDABAD,380001,AHMEDABAD,GUJARAT,TRUE
CIC1,RRL Ahmedabad CPC,"NARODA GIDC,NARODA AHMEDABAD",380001,AHMEDABAD,GUJARAT,TRUE
CM08,VF DC WAGHOLI,"VARUN WARE HOUSING CORPORATION, GATE NO. 497 / 498, KATKEWADII, WAGHOLI, TALUKA HAVELI, PUNE",0,PUNE,MAHARASHTRA,TRUE
CNT1,VIMAL CANTEEN,VIMAL TEXTILES. GATE NO 4. GIDC NARODA,382330,AHMEDABAD,GUJARAT,TRUE
COCA-COLA.,INTERNATIONAL REFRESHMENTS PRIVATE LIMITED.,SM-52/1 SANAND GIDC INDUSTRIAL ESTATE SANAND,260305,SANAND,GUJARAT,TRUE
Corporate,"Reliance Corporate IT Park Ltd.,","Reliance Corporate IT Park Ltd., (LDC)Learning and Development Centre, Thane Belapur Road,Ghansoli, Navi Mumbai",400701,NAVI MUMBAI,MAHARASHTRA,TRUE
COSMIC,COSMIC COSMETICS,"SHANTARAM TAWARE COMPOUND, HOUSE NO 88, BLOCK NO 47/9, NARPOLI, BHIWANDI ",421302,BHIWANDI,MAHARASHTRA,TRUE
CT08,VF DC JAIPUR,"PLOT NO -B-192, ROAD NO 9F, VKI JAIPUR",0,JAIPUR,RAJASTHAN,TRUE
CTC1,RRL Jaipur CPC,"Reliance Retail Limited Bluma B192 Village- Linga  Tehsil-Mohkhed Road No. 9 F, Viswakarma Industrial Area, Jaipur ",302013,JAIPUR,RAJASTHAN,TRUE
CTC2,CHINTPURNI TRADING,"CHINTPURNI TRADING CO.,2, DERA ROAD OPP. MAQBOOL SHAH-143102",143102,AMRITSAR,PUNJAB,TRUE
CWC SIKAR,CWC Jagmalpura Sikar," Jhigar choti road, Jagmalpura, Post bhadwasi, Sikar, Rajasthan",332024,SIKAR,RAJASTHAN,TRUE
CY08,TRICHUR DC,"TRICHUR, KERALA",680006,TRICHUR,KERALA,TRUE
D464,Arat Industrial Estate,"D -46,47,48 Arat Industrial Estate, Nr Panna Estate, Rakhiyal, ",320008,AHMEDABAD,GUJARAT,TRUE
DAHEJ,Reliance Industries Ltd.,"Dahej Manufactring Divison,? Po Dahej, Taluka Vagra,Dahej",392130,Dahej,GUJARAT,TRUE
DAHOD,ASHIRWAD SALES CORPORATION,"OFFICE NO 13, ANAJ MARKET",389151,DAHOD,GUJARAT,TRUE
DARJEELING,V.B.CONSTRUCTION (P) LTD,"N/R-ICE FACTORY, POKAIJO, CHAMPASARI, SILIGURI, Darjeeling, West Bengal",734003,DARJILING,WEST BENGAL,TRUE
DC45,Metro cash and Carry Ajmer-,"C1,PANCHSHEEL SCHEME,MAKARWALI ROAD AJMER,RAJASTHAN",305001,AJMER,RAJASTHAN,TRUE
DED5,"Gurugram, Haryana","Emporium Industrial Park India Pvt Ltd  Gurugram, Haryana 122103",122103,GURUGRAM,HARYANA,TRUE
Deharadun,QWIK SUPPLY CHAIN PRIVATE LIMITED,"Bharat Logistics Park, Khasra No86 Kha, Vlg Kuanwala P.O. Harrawala, NH72, Haridwar rd, Dehradun248001 DEHRADUN Uttarakhand,India",248001,DEHRADUN,UTTARAKHAND,TRUE
DEL4,"Khasra No 18//21, 19//25,34//5,","Khasra No 18//21, 19//25,34//5, 7/1 Min,village Jamalpur,  Gurgaon, Haryana 122503    ",122503,HARYANA,HARYANA,TRUE
DEL5,0,"38/8/2, Adjacent To Starex School, Village Binola,tehsil  Manesar Gurgaon, Haryana 122413",122413,HARYANA,HARYANA,TRUE
DELU,"Mustkil No:51,kila No:1,2,3 Village Bhangrola Tehs","Gurugram, Haryana 122001",122001,HARYANA,HARYANA,TRUE
DHARWAD,VIBHAVA INDUSTRIES,RS NO  721 BELAGALI ROAD TALUK HUBLI NOOLVI VILLAGE DHARWAD Karnataka,580028,DHARWAD,KARNATAKA,TRUE
DNRD,AMAZON SELLER-Dungarpur,"Sharda Residency Nawadera Road  Dungarpur, Rajasthan 314001",314001,DUNGARPUR,RAJASTHAN,TRUE
DOHD,AMAZON SELLER-Dohad,"# 7, B/h V - Care Medical Storemega Store Lane, Nr. G3 Mall  Dohad, Gujarat 389151",389151,Dohad,GUJARAT,TRUE
DR08,VF DC NEELAMANGALA,"NO 53/1 OPP UNIBIC BISCUIT FACTORY, ALAGURU HEGGADADEVANAPURA, GOLDEN SPA ROAD, NELAMANGALA - 562123 BANGALORE",562123,BANGALORE,KARNATAKA,TRUE
DUMMY-IN-,Dummy Location,"Dummy Location  Ahmedabad, 380007",380007,AHMEDABAD,GUJARAT,TRUE
EA08,VF DC GURGAON (PATAUDI),RRL GURGAON DRY DC Taj Nagar Road Jamalpur Chowk Tehsil - Farukhnagar Village Taj Nagar Distt Gurgaon .,NA,GURUGRAM,HARYANA,TRUE
EBO2,Indian Corporation Group," 84M3+XMR, Nashik Rd Bhiwandi, Maharashtra ",421302,BHIWANDI,MAHARASHTRA,TRUE
EGJ1,AMAZON SELLER -Gallops,"Plot No - X And W2, Gallops Industrial Park,village Rajoda  Ahmedabad, Gujarat 382213",382213,CHANGODAR,GUJARAT,TRUE
EJ08,RRL GUNTUR DC,"NEAR  DON BOSCO SCHOOL, GUNTUR ",522503,GUNTUR,ANDHRA PRADESH,TRUE
ERODE,"ERODE, TAMIL NADU","TVR BUSINESS T VENTURE ; 54/7,OLD BUS STAND ROAD, PERUNDURAI, ERODE, TAMIL NADU ",638052,ERODE,TAMIL NADU,TRUE
EV08,VF DC BHOPAL,"19/8, MILE STONE, SAD WAREHOUSE VILLAGE CHHAN, BHOJPUR ROAD BHOPAL",0,BHOPAL,MADHYA PRADESH,TRUE
F1BB,SMART BAZAAR LUCKNOW PALASIO P,GOMTI NAGAR LUCKNOW,,LUCKNOW,UTTAR PRADESH,TRUE
F1BD,RRL CENTRO-POONAM MALL,POONAM MALL,,PUNE,MAHARASHTRA,TRUE
F1GA,CDC-AHMEDABAD-LF (BB-FOOD),WH NO.2 SURVEY-1439 CHANGODAR BAVLA HW CHACHARWADI VASNA MANDIR RD VILLAGE BHAT,382210,AHMEDABAD,GUJARAT,TRUE
F1JA,MDC-NAGPUR-WADGAON,HINGNA-GM-HF Reliance Retail Limited SURVEY NO.60/1/2/3/B 83/2 84 85/A&B 86 TO 90 91/1 91/4/A&B WADGAON HINGNA NAGPUR,441122,NAGPUR,MAHARASHTRA,TRUE
F1NE,FF-RAJKOT AASHIRWAD CITY CENTRE,RAJKOT,,RAJKOT,GUJARAT,TRUE
F1NI,RRL CENTRE,VADODARA- WADIWADI,390001,VADODARA,GUJARAT,TRUE
F1OE,"FF-ANAND-GALLERIA MALL , Reliance Retail Limited","ANAND MAGHROLI RD , OPP TATA MOTORS , ""GALLERIA MALL,KARAMSAD,PLOT NO385"" , ANAND , Gujarat ",388121,ANAND,GUJARAT,TRUE
F1QC,QWIK Supply Chain Private Ltd,"MDC-NAGPUR-WADGAON HINGNA-GM-HF, HINGNA, NAGPUR, Maharashtra",441122,NAGPUR,MAHARASHTRA,TRUE
FAMA,AMAZON SELLER-SHYAMAL,"Angan Banquet Hall, Ground Floor, Onyx Room, Nandanvan -4  Ahmedabad, Gujarat 380015",380015,AHMEDABAD,GUJARAT,TRUE
Fatehpur,"Fatehpur chandela,","2, 123, Fatehpur chandela, Fatehpur,chandela, Faridabad, Faridabad, Haryana",121001,FARIDABAD,HARYANA,TRUE
FB08,RRL SIRHIND DC,RRL SIRHIND DC,,SIRHIND,PUNJAB,TRUE
FC-AHMDABA,RELIANCE RETAIL LIMITED [AHMEDABAD2 FC,"RELIANCE RETAIL LIMITED [AHMEDABAD2 FC] ADARSH WAREHOUSE,GODOWN NO.3,4,5 AND 6(20,21),JAMNAGAR ESTATE,BEHIND ALPHA HOTEL,ASLALI AMD   GJ  ",382427,AHMEDABAD,GUJARAT,TRUE
FC-INDORE,ECOMMERCE FC INDORE,INDORE,451010,INDORE,MADHYA PRADESH,TRUE
FCBHIWANDI,RELIANCE RETAIL LIMITED MANKOLI FC,"RELIANCE RETAIL LIMITED MANKOLI FC WAREHOUSE NO.205,206&209 GR FL SURVEY NO.35 TO 60 INDIAN CORPORATION NEAR MANKOLI NAKA GUNDEVADI BHIWANDI THANE MAHARASHTRA?",421302,BHIWANDI,MAHARASHTRA,TRUE
FD08,VF DC DASANPURA HOBALI,"SY NOS. 15/1 AND 16/1 ADAKAMARANAHALLI VILLAGE,DASANAPURA HOBLI , BANGALORE",0,BANGALORE,KARNATAKA,TRUE
FR00,SMART BAZAAR DOMBIVLI LODHA EXP,SMART BAZAAR DOMBIVLI LODHA EXP,421201,MUMBAI,MAHARASHTRA,TRUE
FR02,SMART BAZAAR KANDIVALI,KANDIVALI AGRO,400067,MUMBAI,MAHARASHTRA,TRUE
FR03,SBZ MUM MUM MALAD,INFINITY MAL,,MUMBAI,MAHARASHTRA,TRUE
FR04,SBZ MUM MUM MATUNGA-ERA HOUSE,MATUNGA,,MUMBAI,MAHARASHTRA,TRUE
FR07,SMART BAZAAR ORION MALL,PANVEL,410206,PANVEL,MAHARASHTRA,TRUE
FR08,SMART BAZAAR NAVI MUMBAI,SEAWOODS,410206,NAVI MUMBAI,MAHARASHTRA,TRUE
FR09,SMART BAZAAR NEWMUMBAI VASHIRAG,MUMBAI,,MUMBAI,MAHARASHTRA,TRUE
FR10,SMART BAZAAR BHAYANDER,BHAYANDER,401101,THANE,MAHARASHTRA,TRUE
FR11,SMART BAZAAR THANE,DAHISAR THAKU,400068,MUMBAI,MAHARASHTRA,TRUE
FR14,SMART BAZAAR,THANE  KALYAN NETIVA,400601,THANE,MAHARASHTRA,TRUE
FR15,SMART BAZZAR THANEVIVA CITY MALL,THANE,,THANE,MAHARASHTRA,TRUE
FR16,SMART BAZZAR VASAIDATTANI VILL,SMART BAZZAR VASAIDATTANI VILL,,VASAI,MAHARASHTRA,TRUE
FR17,SMART BAZAAR VIRARYASHWANT,VIRAR YASHWANT,401303,VIRAR,MAHARASHTRA,TRUE
FR22,RRL SMART BAZZAR VASHI INORBIT,VASHI,,VASHI,MAHARASHTRA,TRUE
FR23,SBZ ROM NASHIK DEOLALI-URBAN S,NASHIK,,NASIK,MAHARASHTRA,TRUE
FR24,SBZ ROM NASHIK LAWATE NGR CITY,NASHIK,,NASIK,MAHARASHTRA,TRUE
FR25,SMART BAZZAR NASIK COLLEGE ROAD,NASIK,,NASIK,MAHARASHTRA,TRUE
FR27,SBZ MP BHOPAL D B MALL,BHOPAL,,BHOPAL,MADHYA PRADESH,TRUE
FR2K,FF NAGPUR ETERNITY MALL,NAGPUR,,NAGPUR,MAHARASHTRA,TRUE
FR30,BB-INDORE-MALHAR MEGA MALL,"Reliance Retail Limited, BB Indore Malhar Mega Mall, Pu 4 Scheme 54A Plot No 299 A 304",452010,INDORE,MADHYA PRADESH,TRUE
FR3K,FF NAGPUR SADAR IDDGHA,NAGPUR,,NAGPUR,MAHARASHTRA,TRUE
FR58,"BB- AHMEDABAD, ACROPOLIC MALL",NA,380001,AHMEDABAD,GUJARAT,TRUE
FR59,BB-AHMEDABAD-AGORA MALL,NA,380001,AHMEDABAD,GUJARAT,TRUE
FR60,BB- AHMEDABAD-ALPHA ONE,NA,380001,AHMEDABAD,GUJARAT,TRUE
FR64,SBZ OD BNSR FORUM MART,BHUBNESHWER,,BHUBANESHWAR,ODISHA,TRUE
FR66,SMART BAZAAR CUTTACKNETAJI SUB,NETAJI SUBHASH CHANDRA BOSE ARCADE DARGABAZAR OLD JAIL ROAD CUTTACK POSTAL CODE 753001,,CUTTACK,ODISHA,TRUE
FR80,SMART BAZAAR MADURAI,KOCHADAI,625001,MADURAI,TAMIL NADU,TRUE
FR81,PROVIDENCE MALL,"VENKATA SUBBIAH REDDIYAR, PONDICHERRY",605001,PUDUCHERRY,PUDUCHERRY,TRUE
FR87,Cdc Jhajjar Kulana,"Cdc Jhajjar Kulana Sf Mustatil No 55 56 57 Kh No 110 Jhajjar, Haryana",124108,JHAJJAR,HARYANA,TRUE
FR88,RDC-JHAJJAR-KULANA,BB-LF FOO Reliance Retail Limited Jhajjar,124108,JHAJJAR,HARYANA,TRUE
FR89,CDC-BB-HAPUR-FOOD BAZAAR,"RRL, HAPUR",201313,HAPUR,UTTAR PRADESH,TRUE
FRAA,SBZ ROM NAGPUR EMPRESS CITY,NAGPUR,,NAGPUR,MAHARASHTRA,TRUE
FRAB,SMART BAZAAR NAGPURLAND MARK,NAGPUR,,NAGPUR,MAHARASHTRA,TRUE
FRAD,SMART BAZAAR NAGPUR,VIPLIT PARK,440002,NAGPUR,MAHARASHTRA,TRUE
FRAE,SMART BAZAAR CHANDRAPURMDR,MAL,,MUMBAI,MAHARASHTRA,TRUE
FRAF,RRL SMART BAZZAR PUNEAMAN NORA,PUNE,,PUNE,MAHARASHTRA,TRUE
FRAG,SMART BAZZAR PUNE CITY,PUNE,,PUNE,MAHARASHTRA,TRUE
FRAH,SBZ ROM PUNE KUMAR PACIFIC MAL,PUNE,,PUNE,MAHARASHTRA,TRUE
FRAI,SMART BAZZAR PUNEPIMPRIPREMIER,PUNE,,PUNE,MAHARASHTRA,TRUE
FRAJ,SMART BAZZAR PUNE VISHRANTWADIA,PUNE,,PUNE,MAHARASHTRA,TRUE
FRAL,Smart Bazaar Ahmednagar,Ahmednagar,,AHMEDNAGAR,MAHARASHTRA,TRUE
FRAM,RRL SMART BAZZAR PUNEKUMAR PACIFIC,PUNE,,PUNE,MAHARASHTRA,TRUE
FRAM(2),SBZ ROM AURANGABAD PROZONE MAL,CHIKALTHAN IND AREA MASANTPAUR TALUKA AURANGABAD,431001,AURANGABAD,MAHARASHTRA,TRUE
FRAO,CDC-RANCHI-VILLAGE TETRI,"BB-FOOD -LPLOT NO 810 & 811,  KHATA NO. 93 & 26,VILLAGE TETRI,  THANA NAMKUM, RANCHI",834010,RANCHI,JHARKHAND,TRUE
FRAR,SMART BAZZAR RANCHI C TOWER,RANCHI,,RANCHI,JHARKHAND,TRUE
FRAU,RRL SBZ JH JAMSHEDPUR P&M,MALL,,JAMSHEDPUR,JHARKHAND,TRUE
FRAV,SBZ JH JAMSHEDPUR MH-23,JAMSHEDPUR,,JAMSHEDPUR,JHARKHAND,TRUE
FRAY,SMART BAZZAR DEOGHAR SUBASH,JHARKHAD,,PUNE,MAHARASHTRA,TRUE
FRAZ,FRL - CDC-BANUR-RAJPURA-(SF-FOOD),Cdc Banur Rajpura Sf Food No 289/259 255 Khatoni No 352 353 354 At Village Shambhu Kalan Rajpura,140417,RAJPURA,PUNJAB,TRUE
FRBA,"RRL, CDC RAJPURA",RAJPURA,140401,RAJPURA,PUNJAB,TRUE
FRDU,BB- GUJARAT- ANAND- VIDYANAGAR RO,NA,388001,ANAND,GUJARAT,TRUE
FRDV,SMART BAZAAR BHARUCH,BHARUCH SHALIMAR,392001,BHARUCH,GUJARAT,TRUE
FRDW,BB-BHAVNAGAR-SHIVA BLESSINGS 2,"BIG BAZAAR, SHIVA BLESSING 2, OPPOSITE BMC, BHAVNAGAR, GUJARAT 364001",364001,BHAVNAGAR,GUJARAT,TRUE
FRDX,Smart bazar Rajkot kalawad road,RAJKOT,,RAJKOT,GUJARAT,TRUE
FRDY,SBZ GJ SURAT KAMDHENU CORPORETION,SURAT,NA,SURAT,GUJARAT,TRUE
FRDZ,BB-VADODARA-INORBIT,"Alembic Rd, Opposite to Alembic School, Gorwa, Vadodara, gujarat 390023",390023,VADODARA,GUJARAT,TRUE
FREA,BB-VADODARA-MANJALPUR-EVA MALL,"Scheme No.19, Eva Mall Patidar Crossing, Near Saraswati Complex, Manjalpur, Vadodara, Gujarat 390011",390011,VADODARA,GUJARAT,TRUE
FREB,SMART BAZAAR VADODARASEVENSEAS,VADODARA,,VADODARA,GUJARAT,TRUE
FREC,CDC BENGALURU BOMMASHETTAHALLI,"RELIANCE RETAIL LIMITED - BNG                                SURVEY NOS 6/1 2 7/1 2 66/1 2 & 66/3,AT VILLAGE BOMMASHETTAHALLI DASANPURAN, BANGALORE ",562123,BANGALORE,KARNATAKA,TRUE
FREF,THIRUVALLUR,"SURVEY NO.40 TO 46, 51, AYILACHARY VILLAGE, THIRUVALLUR TALUK, THIRUVALLUR DISTRICT, Chennai",600052,CHENNAI,TAMIL NADU,TRUE
FREI,"POCHAMPALLY VILLAGE, MEDCHAL","SURVEY NO 695/696,BEHIND LIFESTYLE WARE, HOUSE,GUNDLA POCHAMPALLY VILLAGE, Medchal, Telengana",500014,MEDCHAL,TELANGANA,TRUE
FREL,SMART BAZZAR VAPICENTER,BAZAAR,,VAPI,GUJARAT,TRUE
FREM,SMART BAZAAR UDAIPUR CELEBRATION,SMART BAZAAR UDAIPUR CELEBRATION,313004,UDAIPUR,RAJASTHAN,TRUE
FRES,SMART BAZAAR PATNA SAHIB STATION,PATNA,800008,PATNA,BIHAR,TRUE
FREX,SBZ UP KANPUR -Z SQUARE MALL,KANPUR UP,NA,KANPUR,UTTAR PRADESH,TRUE
FREZ,SMART BAZAAR LUCKNLOW SHALIMAR ELDEE PLAZ,INDIRA NAGAR LUCKNOW,,LUCKNOW,UTTAR PRADESH,TRUE
FRFG,SMART BAZZAR PATNA EXIBITION,MAL,,PATNA,BIHAR,TRUE
FRFJ,SBZ KN BIDAR BVB COLLEGE,BIDAR,,BIDAR,KARNATAKA,TRUE
FRFK,SMART BAZAAR VARANASHI GRAND,VARANASHI,,VARANASI,UTTAR PRADESH,TRUE
FRFP,SMART BAZZAR PATNA BAILEY ROAD,PATNA,,PATNA,BIHAR,TRUE
FRFU,RRL SBZ GAYA KAZMI,OASIS,,GAYA,BIHAR,TRUE
FRFV,SMART BAZAAR MUZAFFARPUR,GIRJAN,842001,MUZAFFARPUR,BIHAR,TRUE
FRFW,SBZ MP KATNI MALL,KATNI,,KATNI,MADHYA PRADESH,TRUE
FRFX,SMART BAZAAR HAJIPURGAURI COMP,HAJIPURGAURI,,NAGPUR,MAHARASHTRA,TRUE
FRFZ,SMART BAZZAR BIHARSHARIF NAGESHWAR MALL,BIHAR,803101,BHADRAK,ODISHA,TRUE
FRGB,SMZ GORAKHPUR,GORAKHPUR,,Gorakhpur,UTTAR PRADESH,TRUE
FRGC,SMART BAZAAR VARANASI,VARANASI ORDERLY,2211001,VARANASI,UTTAR PRADESH,TRUE
FRGF,SMART BAZZAR GORAKHPUR AIRPORT,GORAKHPUR ,,Gorakhpur,UTTAR PRADESH,TRUE
FRGI,SBZ UP MUGHAL SARAI,MUGHAL SARAI UP,,MUGHAL SARAI,UTTAR PRADESH,TRUE
FRGK,SBZ JK Jammu CITY SQUARE MALL,"Birpur, Parmandal road, Near Shiv mandir,jammu ",,JAMMU,JAMMU & KASHMIR,TRUE
FRGL,SMART BAZZAR RAIGHAR GRAND MALL,RAIGHAR,,RAIGAD,MAHARASHTRA,TRUE
FRGM,RRL SMART BAZZAR RAIPURCITY CENTRE,RAIPUR,,RAIPUR,CHHATISGARH,TRUE
FRGN,BB-GANDIDHAM-ADITYA MALL CINEM,"Ward DC2, Ward 7, Gandhidham, Gujarat 370201",370201,GANDHIDHAM,GUJARAT,TRUE
FRGP,SBZ CG KORBA PALM MALL,KORBA CG.,,KORBA,JHARKHAND,TRUE
FRGS,SMART BAZAAR PATNA P MALL,PATNA,800008,PATNA,BIHAR,TRUE
FRGT,SMART BAZAAR UMRAOLUCKNOW,LUCKNOW,,LUCKNOW,UTTAR PRADESH,TRUE
FRGU,SBZ BH DARBANGA JHA,COMPLEX,,JHAJJAR,HARYANA,TRUE
FRGY,SBZCG RAIPURMAGNETO MALL,RAIPUR,,RAIPUR,CHHATISGARH,TRUE
FRGZ,SBZ CG BILASPUR MALL,BILASHPUR,,BILASPUR,CHHATISGARH,TRUE
FRHA,SBZ UP LOK RIVER SIDE,MALL,,LUCKNOW,UTTAR PRADESH,TRUE
FRHC,SMART BAZAAR LUCKNOWSAHARAMAL,LUCKNOW,,LUCKNOW,UTTAR PRADESH,TRUE
FRHF,SBZ UP KANPUR ANCHOR STORE,KANPUR,,KANPUR,UTTAR PRADESH,TRUE
FRHM,RRL SMART BAZZAR JABALPUR NARMADA,JABALPUR,,JABALPUR,MADHYA PRADESH,TRUE
FRHP,SBZ UP Mathura Agra Road,SBZ UP Mathura Agra Road - PACIFIC MALL -281001 UTTAR PRADESH,281001,MATHURA,UTTAR PRADESH,TRUE
FRHT,SMART BAZAAR PATNA,MALLOYA,800008,PATNA,BIHAR,TRUE
FRHV,CDC-LUCKNOW-NATKUR PARGANA  (SF),Cdc Lucknow Naddarganj Easy D Khassra No 3119  Village Gindan Khera Naddarganj Amausi Industrial Area Lucknow,226008,LUCKNOW,UTTAR PRADESH,TRUE
FRHX,DC PATNA,"VILL SABALPUR, DEEDARGANJ, GAURICHAK RD, SURAKSHA BAND",800009,PATNA,BIHAR,TRUE
FRIA,CDC- PATNA (SF-FOOD),Reliance Retail Limited Patna - Bihar,800009,PATNA,BIHAR,TRUE
FRID,CDC-BHIWANDI-ANTARIKSH LOGI,"A7 Antariksh Logidrome, Bhiwandi",421101,BHIWANDI,MAHARASHTRA,TRUE
FRQ5,SBZ BH PATNA K P,MALL,,PATNA,BIHAR,TRUE
FSTA,FSTA SURAT,"49. Mahadev Nagar,Vadodgam,Nr. Tirupati circle,opposite SMC  HAJIRA, GUJARAT 394516",394516,SURAT,GUJARAT,TRUE
GAYA,"RRL, GAYA","Reliance Retail Ltd, Godown Mauza Dhanawan Thana Bodh, Khata no 36,107,126 Plot no 359",823004,GAYA,BIHAR,TRUE
GDAD,AMAZON SELLER-Godhra,"42/1- Aadinath Nagar,beside.panchal Hospital,bamroli Road  Godhra, Gujarat 389001",389001,Godhra,GUJARAT,TRUE
GHAZIABAD,GOEL TRADERS,"Goel Traders, 102, 2nd C, Nehru Nagar, Ghaziabad, UP",203207,GHAZIABAD,UTTAR PRADESH,TRUE
GIR,GIR project,"reliance Patwad Next to Nathubhai bhatu wadi, Samatpara Village, Bhesan Taluka Junagadh, Gujarat ",362030,JUNAGADH,GUJARAT,TRUE
Giridhi,GADDI MOHALLA,"WARD NO - 19, HOLDING NO - 211C , GADDI MOHALLA , GIRIDHI",815301,GIRIDH,JHARKHAND,TRUE
GJSD,AMAZON SELLER  Amreli,"Shop 1,2,3 Pavan Arcade, Sadguru Vatika, Lathi Raod  Amreli, Gujarat 365601",365601,VERAVAL,GUJARAT,TRUE
GNND,AMAZON SELLER Gandhinagar,"1-2-3, Pramukhparamount,behindprasang Farm,opp.ashkahospital  Gandhinagar, Gujarat 382421",382421,GANDHINAGAR,GUJARAT,TRUE
GNNH,AMAZON SELLER- SONI NI CHAWL,"Adarsh Industrial Estate  Ahmedabad, Gujarat 38002",38002,AHMEDABAD,GUJARAT,TRUE
GNNJ,GNNJ-AMAZON SELLER NAROL,"Anz Infinity, Opp. Aarvee Denim Ahmedabad, Gujarat 382405",382405,AHMEDABAD,GUJARAT,TRUE
GNNK,"Shop 1,triguni Farm, Opp Mahindra Showroom","Chiloda, Gujarat 382355  ",382355,AHMEDABAD,GUJARAT,TRUE
GNNM,Plot No 13 Ground Floor Shop No 2/3 Amul House.opp,"Ahmedabad, Gujarat 380013",380013,AHMEDABAD,GUJARAT,TRUE
GNNQ,AMAZON SELLER -Sahaj,"Shop No N- 1 To 3 , Sahaj Prime  Ahmedabad, Gujarat 380060",380060,AHMEDABAD,GUJARAT,TRUE
GNNT,AMAZON SELLER -KHANDKHEDA,"State Highway Survey No. 240-1-2 Ahmedabad, Gujarat 380005",380005,AHMEDABAD,GUJARAT,TRUE
GNNU,AMAZON SELLER NUTAN MILL RD,"Shed Number 22 To 24 Pushkar Industrial Park  Ahmedabad, Gujarat 380018",380018,AHMEDABAD,GUJARAT,TRUE
GOHD,GOHD-AMAZON SELLER,"# 7, B/h V - Care Medical Storemega Store Lane, Nr. G3 Mall  Dohad, Gujarat 389151",389151,Dohad,GUJARAT,TRUE
GONDIA,Smart Hub Gondia,"CWC RRL Sawra Toli Murri Road, Behind Sindhi School",441614,GONDIA,MAHARASHTRA,TRUE
GORAKHPUR,"Dumariya Ganj, Gorakhpur",Dumariya Ganj Pala  Siddharth nagar Gorakhpur,273001,Gorakhpur,UTTAR PRADESH,TRUE
GT19,AHMEDABAD (VEHICLE MAINTENANCE TRIP),AHMEDABAD,NA,AHMEDABAD,GUJARAT,TRUE
GTNS,GANESH TRADERS,"NEAR SURJIT BARNALA KOTHI , BARNALA",148101,BARNALA,PUNJAB,TRUE
GUJX,FC-2 GUJX (AMD2) BAVLA,"Plot No. 120 X And Part Portion Of Plot No. 119 W2 Bavla, Gujarat 382220",382220,BAVLA,GUJARAT,TRUE
GURUGRAM,STAR ENTERPRISES,"STAR ENTERPRISES.House No-1010, Sector45, Gurugram,-",122002,GURUGRAM,HARYANA,TRUE
GUWAHATI,TIRUPATI ESSENTIAL AMENITIES INDIA LLP,"Lalung Gaon Road, Near National Highway, Lokhra Chariali, Guwahati  ",781034,GUWAHATI,ASSAM,TRUE
GWALIOR,Shri Shyam Baba Trading,"A-1, Jagrati Nagar, AB Road, LaxmiGanj,  Gwalior, Madhya Pradesh",474003,GWALIOR,MADHYA PRADESH,TRUE
GWALIOR 2,M/S Radhe Radhe Traders,"Harihar Nagar Sagar tal akhade ke pass Gwalior, Madhya Pradesh",474012,GWALIOR,MADHYA PRADESH,TRUE
HAM5,AMAZON SELLER -KANERA,"Yusen Logistics (India) Pvt. Ltd. R.A. WAREHOUSENear  Dist Kheda, GUJARAT 387540",387540,KHEDA,GUJARAT,TRUE
HAM6,HAM6,"Park- Phase II , Mumbai-Nashik Highway (NH-160),  MUMBAI, MAHARASHTRA 421302",421302,MUMBAI,MAHARASHTRA,TRUE
HAM8,MOJE KANER,"Block No 581, 582 & 583 Nh No. 8, Opp Gokulesh Petrol Pump,  Moje Kaner, Gujarat 387540",387540,KHEDA,GUJARAT,TRUE
HARIDWAR,AKASHYOG HEALTH PRODUCTS,"PLOT. NO. 03 SECTOR , 1B IIE,SIDCUL HARIDWAR-249 403,HARIDWAR ",249402,HARIDWAR,UTTARAKHAND,TRUE
HBAA,"Iim, Bus Stop, D 17, Campus Entrance Road","Ahmedabad, Gujarat 380015  ",380015,AHMEDABAD,GUJARAT,TRUE
HBUE,32-m Transport Nagar Pratap Nagar,"Udaipur, Rajasthan 313001",313001,UDAIPUR,RAJASTHAN,TRUE
HBX1,0,"B 300, Erpl Warehousing Park Private Limited Khewat 2/2  Gurugram, Haryana 124108",124108,GURUGRAM,HARYANA,TRUE
HISAR,SHRI BALAJI MARKETING,"265, Near N.D. Hospital,  Model Town, Hisar,  Haryana     ",125005,HISAR,HARYANA,TRUE
HMTD,AMAZON SELLER-Himmatnagar,"Ground Floor, Jeevandhara Complex  Himmatnagar, Gujarat 383001",383001,HIMMATNAGAR,GUJARAT,TRUE
HOGB,HYPER OVERSEAS,"HYPER OVERSEAS,GROUND ,B-80,ASHOK NAGAR,GHAZIABAD,UTTAR PRADESH-",201001,GHAZIABAD,UTTAR PRADESH,TRUE
HOOGHLY,SRIGURU SUPPLIERS,"SRIGURU SUPPLIERS Ph NO 7003550413 , BUROSHIBTALA, DAS GALI, P.S. : CHINSURAHA, HOOGHLY , West Bengal ",712105,HOOGHLY,WEST BENGAL,TRUE
HV05,"VIMAL TEXTILE COMPOUND, NARODA",GIDC NARODA,382330,AHMEDABAD,GUJARAT,TRUE
HV15,"HILONI BUSINESS CENTRE, NARODA",NANDANI APT HARIVALLABH SOCIETY,382330,AHMEDABAD,GUJARAT,TRUE
HV49,"NAROL BRTS BUS STAND, AHMEDABAD",NEAR NAROL CHAR RASTA,382405,AHMEDABAD,GUJARAT,TRUE
HV52,"BAKROL, VADTAL ROAD","NEAR KNOWLEDGE CAMPUS, ",388315,ANAND,GUJARAT,TRUE
HV75,SARKHEJ- OKAF,"UJALA CIRCLE, AHMEDABAD",382210,AHMEDABAD,GUJARAT,TRUE
HV82,DHUM TALAVADI,"PLOT NO 246, GAMADI",388001,ANAND,GUJARAT,TRUE
HVA2,STATION VATVA,PLATINUM IND PARK SML MILL COMPOUND,382440,AHMEDABAD,GUJARAT,TRUE
HVA5,"MUKHI ARCADE, MEHSANA","RAMOSANA CIRCLE, MAHESANA",384002,MAHESANA,GUJARAT,TRUE
HVA6,"MAN RESIDENCY & SHOPPING COMPLEX, HIMMATNAGAR",OPP. CIVIL HOSPITAL ,383001,HIMMATNAGAR,GUJARAT,TRUE
HVB4,"G12, SUN PLAZA, SIDHPUR",NEAR SUN NAGAR,384151,SIDHPUR,GUJARAT,TRUE
HVB5,"PRASHANT PARTY, AHMEDABAD","SHED 3, SURVEY NO 318, PLOT GOTA",382481,AHMEDABAD,GUJARAT,TRUE
HVH7,"GB DIGITAL, HIMMATNAGAR","GF- SHOP NO 16,",382430,HIMMATNAGAR,GUJARAT,TRUE
HVK3,"BALVATIKA, GATE NO 5, MANINAGAR","MAHARAJA HOTEL, GF OPP TGB",380008,AHMEDABAD,GUJARAT,TRUE
HVO8,"NARODA, SAIJPUR, NARODA","1117/4, OPP KRISHNA GOKUL SOC, BOGHA, PRIYA CINEMA",382345,AHMEDABAD,GUJARAT,TRUE
HVP8,"SHIVSHANTI SOCIETY, VASTRAL","BLOCK B, GANESH HOMEOPP",382418,AHMEDABAD,GUJARAT,TRUE
HVR8,"SHANTI VAN UPVAN, VAVOL, GANDHINAGAR","SHOP NO 8, NEAR SBI VAVOL",382016,AHMEDABAD,GUJARAT,TRUE
HVS1,"JIVABHAI CHAMBERS, NAVRANGPURA","ASHRAM ROAD, NAVRANGPURA, AHMEDABAD",380009,AHMEDABAD,GUJARAT,TRUE
HVS2,"NANA CHILODA, AHMEDABAD","45, SANKALP INDUSTRIAL ESTATE",382330,AHMEDABAD,GUJARAT,TRUE
HVS6,"MANGAL IND ESTATE, AHMEDABAD","SHED NO 30, NR CHAKUDIYA MAHADEV RAKHIAL",380023,AHMEDABAD,GUJARAT,TRUE
HVT7,MAHADEV NADIAD,"NR NAGNATH, NADIAD",387358,NADIAD,GUJARAT,TRUE
HVV6,"PRAMUKH PARAMOUNT, GANDHINAGAR",NEAR PRASANG FARM KUDASAN,382421,AHMEDABAD,GUJARAT,TRUE
HYD8,0,"Gmr Airport City Survey No. 99/1, Mamidipally Village  Hyderabad, Telangana 500108",500108,HYDERABAD,TELANGANA,TRUE
HYDERABAD,SOUBHAGYA CONFECTIONERY P. LTD,"SURVEY NO 160/A, SOUBHAGYA CONFECTIONERY P. LTD, SV CO-OP INDUSTRIAL AREA IDA, BOLLARAM, Sangareddy, Telangana",502325,HYDERABAD,TELANGANA,TRUE
HYX1,HYDERBAD TELANGANA,HYDERBAD TELANGANA,500108,HYDERABAD,TELANGANA,TRUE
IDRW,Shiv logistic Park,"Khasra No 282/1/2/2 INDORE, MADHYA PRADESH",45377,INDORE,MADHYA PRADESH,TRUE
IN-LIQ-OMK,OMKAR ENTERPRISE,"MAHESANA, GUJARAT",384001,MAHESANA,GUJARAT,TRUE
ISK3,ISK3,"Royal Warehousing And Logistics Llp, Survey Number 45  Bhiwandi, Maharashtra 421302",421302,BHIWANDI,MAHARASHTRA,TRUE
JAGDALPUR,Smart Hub Jagdalpur FCP,"QWIK Supply Chain Private Ltd, Khasra No 63 P H No 9,  Nh 43 Village Nakti Samera,  PO Adawal, JAGDALPUR,",494001,JAGDALPUR,CHHATISGARH,TRUE
JALANDHAR,Jagdish Chander And Sons,"MANDI FENTON GANJ,MADI ROAD JALANDHAR Punjab",144001,JALANDHAR,PUNJAB,TRUE
JAPLINGANJ,PL- JAPLINGANJ,Ayush Traders new Chowk Japlinganj ballia,277011,Japlinganj,UTTAR PRADESH,TRUE
JETALPUR,A.M. Agro Industries,A.M. Agro Industries Naj Pirana Road Jetalpur  Ta.Dascroi  Dist. Ahmedabad  ,382426,JETALPUR,GUJARAT,TRUE
JGAD,AMAZON SELLER -Jamnagar,"Plot No 4 , B/h Friends Marriage Hall , Hapa  Jamnagar, Gujarat 361007",361007,JAMNAGAR,GUJARAT,TRUE
JGAF,AMAZON SELLER -Dwarka,"Shop No-3, Ambuja Nagar  Dwarka, Gujarat 361335",361335,JAMNAGAR,GUJARAT,TRUE
JGAG,AMAZON SELLER -Sikka,"Frigate Logistics Private Limited,opp Gokul Hotel  Sikka, Gujarat 361140",361140,JAMNAGAR,GUJARAT,TRUE
JHUNJHUNU,Smart Hub Jhunjhunu RRL,"Central Warehouse, Godown No 2A 2B plot No, Sp 287Riico Industrial Area, Jhunjhunu, Rajasthan",333001,JHUNJHUNU,RAJASTHAN,TRUE
JI11,"RRL, JIO - AHMEDABAD DC",AHMEDABAD DC,320008,AHMEDABAD,GUJARAT,TRUE
JIND,BADLU RAM MAMAN CHAND SAFIDON JIND,"M/S Badlu Ram Maman Chand, Old Anaj Mandi,Safidan Disst.Jind (Haryana)",126112,JIND (HARYANA),HARYANA,TRUE
JM32700033,BALAJI SALES,"; PLOT NO . 15   TILAK ROAD P H MARKET,  BEHIND TRIVENES COMPLEX AKOLA;",444001,AKOLA,MAHARASHTRA,TRUE
JM62600011,"ARCHIT AGARWAL,BALAJI INFOTECH","G - 1   AGRAWAL VISHNU DHARAMSHA ROAD , ABU ROAD   ROAD NEAR SIGMA Rajasthan",307026,SIROHI,RAJASTHAN,TRUE
JM84000037,DEALIGHT GLOBAL VENTURES PRIVATE LIMITED,"DEALIGHT GLOBAL VENTURES PRIVATE LIMITED Karan Bhatia KHASRA NO. 38 / / 21 / 2 / 1 2 - 0, 22 / 1 2 - 0     DAHA VPO,132037-KARNAL KHEW       JM84000037",132037,KARNAL,HARYANA,TRUE
JNGE,AMAZON SELLER -VERAVAL,"Frigate Logistics Pvt Ltd,dari Village Road  Veraval, Gujarat 362266",362266,VERAVAL,GUJARAT,TRUE
JODHPUR,"RRL, JODHPUR","RRL, CENTRAL WAREHOUSE, SALAWAS ROAD, TANAWADA, NEAR INDIAN OIL PUMP",342002,JODHPUR,RAJASTHAN,TRUE
JODHPUR 2,SHREE SATYAIN FOODS,"SHREE SATYAIN FOODS, Mandor Mandi, Jodhpur",342001,JODHPUR,RAJASTHAN,TRUE
JORD,"26, K P Market,opp. New Bus Station","Sanchore, Rajasthan 343041  ",343041,Sanchore,RAJASTHAN,TRUE
JORE,"Frigate Logistics Pvt. Ltd., A-5, Rupnagar Colony ","Jalore, Rajasthan 340001  ",340001,Jalore,RAJASTHAN,TRUE
KADODARA,RRL KADODARA,"Reliance Retail Ltd, B4 Phase 3, Rajhans transport nagar, near Sanjeevani hospital, Kadodara Surat ",394327,KADODARA,GUJARAT,TRUE
KAIKALUR,KAIKALUR,"Central Warehouse Post Office Atapaka Kaikaluru Krishna Dist, KAIKALUR, Andhra Pradesh ",521333,KAIKALUR,ANDHRA PRADESH,TRUE
KALOL,MEERA SOCIETY,"0, MEERA SOCIETY HALOL-KALOL ROAD. KALOL.PANCHMHAL. GUJARAT",389330,KALOL,GUJARAT,TRUE
KAMALSONS,"Kanpur Rd, Lucknow","A-511, Transport Nagar, Kanpur Road, Lucknow, Uttar Pradesh",226012,LUCKNOW,UTTAR PRADESH,TRUE
KAMRUP,KAMRUP,"DAG.474 PATTA.6 VILL-KAITASIDHI PO- BONGR PALASABARI REVENUE CIRCLE  KAMRUP (RURAL) 0 GUWAHATI, Assam  ",781015,KAMRUP,ASSAM,TRUE
KARIMGANJ,Kumar Multipro,"Shiv bari Road Near...Shiv mandir Karimganj, Assam ",788710,KARIMGANJ,ASSAM,TRUE
KARNAL,KANHAIYA TRADERS,"KANHAIYA TRADERS,SCO 503 NEW GRAIN MARKET  KARNAL",132001,KARNAL,HARYANA,TRUE
KASIRAJ AG,KASIRAJ AGENCY,"NO-50, VAITHEESWARAN KOIL STREET, POONAMALLEE, Chennai, Tamil Nadu",600056,CHENNAI,TAMIL NADU,TRUE
KATNI,Smart FC Katni,CWC Warehouse Near Galla Mandi Katni  ,483501,KATNI,MADHYA PRADESH,TRUE
KATNI1,maa narmada traders,INDIRA GANDHI WARD BALAJI NAGAR KATNI,483501,KATNI,MADHYA PRADESH,TRUE
KHEDA 2,SRI JAGANNATH AGRO INDUSTRIES,"SRI JAGANNATH AGRO INDUSTRIES, Nr.Khodiyar Weigh Bridge,Village Umiyapura, Kheda",387120,KHEDA,GUJARAT,TRUE
KHORDHA,USHA ENTERPRISES,KHATA NO -1013/472 PLOT NO-1538/4962/5087 MZ-KUKDIARY  0 JATNI KHORDHA,752050,Khordha,ODISHA,TRUE
KORAPUT,M/S AMAN AGENCY,"JEYPORE, KORAPUT",764001,KORAPUT,ODISHA,TRUE
KOTA,FC Kota RRL,"CWC GD no.1A,1B,1C Indraprastha industrial area, Kota, Rajasthan   ",3240055,KOTA,RAJASTHAN,TRUE
KUBER,KUBER ENTERPRISES,"Old marketing yard Godown F/10,Near RTO office RAJKOT",360003,RAJKOT,GUJARAT,TRUE
Kubernagar,SHRI JALARAM TRADING CO,"Kubernagar, AHMEDABAD",,AHMEDABAD,GUJARAT,TRUE
KURUKSHETR,MAHALUXMI TRADERS,RAILWAY ROAD NEAR MAIN POST OFFICE OPP SARASWATI ITIKURUKSHETRA,136118,KURUKSHETRA,HARYANA,TRUE
LKO1,"Khasra Numbers:444-p,445-p,459-p, 460-474,475-p,47", Uttar Pradesh 226401,226401,LUCKNOW,UTTAR PRADESH,TRUE
LSD,LIFESTYLES PRIVATE LIMITED LSD LIFESTYLES PVT. LTD,"SECOND FLOOR NAGANANDA COMMERCIAL COMPLEX 07/3, 15/1 JAYANAGAR 9TH BLOCK 18TH MAIN ROADBENGALURU,Bengaluru (Bangalore) Urban",560041,BANGALORE,KARNATAKA,TRUE
LUCKNOW,Digital Lucknow DC,"Reliance Retail Limited, Khasra no  203204 205, Village Khasarwara Memoura, Pargana Bijnor Tehsil Sarojininagar , Lucknow, UP",226401,LUCKNOW,UTTAR PRADESH,TRUE
MAA4,PONNERI,"No. 1/b, Indospace Logistics Park, Puduvoyal, Durainallur Vi  Ponneri, Tamil Nadu 601206",601206,PONNERI,TAMIL NADU,TRUE
MAMA,FC1 BAVLA,"Amazon Transportation Services Private Limited No 499, Opp Pharma SEZ and INTAS ,Near Indus Industrial Park Changodar Gidc, GUJARAT ",382210,AHMEDABAD,GUJARAT,TRUE
MAMD,"Kalupur Railway Station Rd, Kapasia B","Ahmedabad, Gujarat 380002",380002,AHMEDABAD,GUJARAT,TRUE
MANDI,"Vijay and Sons,",",Dadour Nerchowk Balh Dist Mandi",175002,MANDI,HIMACHAL PRADESH,TRUE
MANSA,M/S SIDHU PETRO SERVICES,"KHEWAT KHATA NO. 737/1248, NH-703, MANSA TO SIRSA ROAD, VILLAGE JAWAHARKE, Mansa, Punjab",151505,MANSA,PUNJAB,TRUE
MB Gurgaon,GURGAON,"Khewat Khata No 489/503, Mustkil No 57 Killa No 8 (8 0),9 (7-4),7/2/3(2-3) , Total Land 17, Kannal 7 Marla, Nr Manesar, Gurgaon",122004,GURGAON,HARYANA,TRUE
MB NOIDA,"MILKBASKET, NOIDA","MILKBASKET, NOIDA",201301,NOIDA,UTTAR PRADESH,TRUE
MBOX,"LK spaces, Rajlaxmi textile Park,","Pogaon, MAHARASHTRA",421302,Pogaon,MAHARASHTRA,TRUE
MCL9,MEGHRAJ CHOGA,"MEGHRAJ CHOGA LAL,936 PHOOL CHOCK MHOW",453441,INDORE,MADHYA PRADESH,TRUE
MDEA,MDEA - Amazon Seller,"Mdea Amazon Sc, Sehsaula, Tauru-sohna Road, Haryana  Taoru, Haryana 122105",122105,HARYANA,HARYANA,TRUE
MDEB,"IndoSpace Logistics Park Taoru,","IndoSpace Logistics Park Taoru,  TAORU, HARYANA",122105,TAORU,HARYANA,TRUE
MDKN,MAHADEV DISTRIBUTIONS,"KHASRA NO 19, NEAR HP GAS AGENCY  Daria, Chandigarh, Chandigarh, Chandigarh",160001,CHANDIGARH (UT),CHANDIGARH,TRUE
MEERUT,RASTOGI AGENCY,"RASTOGI AGENCY,PREET NAGAR MAWANA MEERUT UP-",250401,MEERUT,UTTAR PRADESH,TRUE
METRO CASH,"Metro Cash & Carry,","Opp. Reliance Gujarati Medium School, Petro Chemical Township, Vadodara, ",391345,VADODARA,GUJARAT,TRUE
Metro Vala,"Metro, Valal mall Jalandhar","Metro, Valal mall Jalandhar",144001,JALANDHAR,PUNJAB,TRUE
MGND,AMAZON SELLER- Jhabua,"Behind Aditi Residency  Jhabua, Madhya Pradesh 457661",457661,Jhabua,MADHYA PRADESH,TRUE
MHSD,AMAZON SELLER- Mahesana,"Probity 32&33,kanku Complex,opp. Welcomepartyplot,modherard  Mahesana, Gujarat 384002",384002,MEHSANA,GUJARAT,TRUE
MHSE,AMAZON SELLER-KADI,"Nilkanth Dham Complex, Near Food Court Cera Bypass Road  Kadi,karannagar, Gujarat 382715",382715,KADI,GUJARAT,TRUE
MISC-001,VILAYAT BHARUCH,VILAYAT,392012,BHARUCH,GUJARAT,TRUE
MISC-002,SARKHEJ AHMEDABAD,AHMEDABAD,NA,AHMEDABAD,GUJARAT,TRUE
MISC-003,BOTAD,BOTAD,364710,BOTAD,GUJARAT,TRUE
MISC-004,SARASPUR AHMEDABAD,SARASPUR AHMEDABAD,380018,AHMEDABAD,GUJARAT,TRUE
MISC-005,VADODARA,VADODARA,NA,VADODARA,GUJARAT,TRUE
MISC-006,VATVA AHMEDABAD,VATVA AHMEDABAD,382440,AHMEDABAD,GUJARAT,TRUE
MISC-007,ADALAJ AHMEDABAD,AHMEDABAD,382421,AHMEDABAD,GUJARAT,TRUE
MOBD,"Radhe Engineering, Plot No 12, Sonal Com Complex, ","Morbi, Gujarat 363641",363641,MORBI,GUJARAT,TRUE
MSTA,MSTA FC-1 SURAT,"Atspl, Mascot Industrial And Logistics Park,  Surat, Gujarat 394315",394315,SURAT,GUJARAT,TRUE
MULLANPUR,THANDI RAM KHAJAN CHAND,SHOP NO 29 NEW GRAIN MARKET MULLANPUR,141101,MULLANPUR,PUNJAB,TRUE
MUMBAI,RRL Mumbai Digital DC,"Reliance Retail Limited Saptashree Warehouse Wahuli Opp Pushkar Mela Resorts Bhiwandi, MUMBAI",421302,BHIWANDI,MAHARASHTRA,TRUE
MUND,"Xpress India Logicare Pvt.ltd, Office N","Mundra, Gujarat 370421",370421,MUNDRA,GUJARAT,TRUE
MUNGER,PRIYANKA TRADERS,"350,MAKSUSPUR,NEAR KALI ASTHAN,MUNGER,BIHAR",811201,MUNGER,BIHAR,TRUE
MVUD,AMAZON SELLER -SIROHI,"Ashop No 5,tartoli Road,near Sai Baba Mandir ,abu Road  Sirohi, Rajasthan 307026",307026,SIROHI,RAJASTHAN,TRUE
NA,SARKHEJ,SARKHEJ UJJALA CHOKDI,NA,AHMEDABAD,GUJARAT,TRUE
NAG BB,RRL AJIO B2B NAGPUR,"NIMJI NAGAR DC, KALMESHWAR, NAGPUR",440001,NAGPUR,MAHARASHTRA,TRUE
NAGAUR,Kuchaman City,"Kuchaman City, Nagaur District",341001,NAGAUR,RAJASTHAN,TRUE
NAGPUR BB,RRL CENTRE NAGPUR DC,"NAGPUR DC AMRAVATI ROAD, MANGRUL",440001,NAGPUR,MAHARASHTRA,TRUE
NANDURBAR,Smart Hub Nandurbar,"RRL, Ramdevji Warehouse Corporation, Gate 191/1 Survey No 1474/2020 , Palashi Taluka, NANDURBAR   ",425412,NANDURBAR,MAHARASHTRA,TRUE
NASRULLAH,M/S SAKET AUTO SALES,"0,KEDARNAGAR TANDA,NASRULLAH PUR,AMBEDKAR NAGAR,UTTAR PRADESH",211003,NASRULLAH PUR,UTTAR PRADESH,TRUE
NAWASHAR,D V Tarders,"AMBEDKAR NAGAR,NAWASHAR Punjab ",144514,NAWASHAR,PUNJAB,TRUE
NBME,AMAZON SELLER -UNA,"Shop No.7/8 Survey No. 351/2 Sub Plot No. 18, Opp. Dipak Eye  Una, Gujarat 362560",,VERAVAL,GUJARAT,TRUE
NCRU,"No: 53/57, 149/160, 322,323,","Village Jamalpur And Khawaspur Gurugram, Haryana 122001",122001,GURUGRAM,HARYANA,TRUE
NDND,"Bifme G-1 Om Parkcomplex,near Gitaljali Crossing,p","Nadiad, Gujarat 387001",387001,NADIAD,GUJARAT,TRUE
Netsmeds,SUPATH COMPLEX,"D3, Sarvottam Nagar Soc, 120 Feet Ring Rd, Opp. Ras Ranjan Sweet, B/h. ABC Medical &Surgical Shop, Nr. Vijay Cross Road, Navrangpura, Ahmedabad ",380009,AHMEDABAD,GUJARAT,TRUE
NIMBAHERA,OPP.SHARDA PETROL PUMP,OPP.SHARDA PETROL PUMP CHITTORGARH ROAD NIMBAHERA,312601,NIMBAHERA,RAJASTHAN,TRUE
OBS9,"112, Tribhuvan Industrial Estate,","Ahmedabad, Gujarat 382430  ",382430,AHMEDABAD,GUJARAT,TRUE
ODNG,"Plotno-8,godownno-1,al-fazalmarketopp.","Ahmedabad, Gujarat 382405",382405,AHMEDABAD,GUJARAT,TRUE
ODSI,"112, Tribhuvan Industrial Estate","Ahmedabad, Gujarat",382430,AHMEDABAD,GUJARAT,TRUE
ODSL,Sharpex Engineering Works,"L By 128 Gidc Estate, Ahmedabad, Gujarat 382415",382415,AHMEDABAD,GUJARAT,TRUE
ODX1,Amul warehouse,"Plot no.371, cattle feed factory campus, near audi service center,  AHMEDABAD, GUJARAT ",382210,AHMEDABAD,GUJARAT,TRUE
ODZ0,Avimee Ahmedabad,"Ahmedabad, Gujarat",382427,AHMEDABAD,GUJARAT,TRUE
OEEN,A-800 Pearl City,"Surat, Gujarat 395010",395010,SURAT,GUJARAT,TRUE
OEGI,Mars international India Pvt ltd,"Co Ambica AgencySumarlogist AHMEDABAD, GUJARAT",387411,AHMEDABAD,GUJARAT,TRUE
OEH3,Property No. 4768 Block,"Survey No. 773 others Cadila, Ahmedabad, GUJARAT",382427,AHMEDABAD,GUJARAT,TRUE
OFE4,"No: 4768, Block Survey No.","773,others Cadila Estate AHMEDABAD, GUJARAT",382427,AHMEDABAD,GUJARAT,TRUE
OFRW,AMAZON SELLER- GANDHINAGAR,"Ground Floor A-46, Back Side, Patel Nagar  Surat, Gujarat 395008",395008,GANDHINAGAR,GUJARAT,TRUE
OFSU,Radiant Enterprise,"E-70GIDC GANDHINAGAR GUJARAT 382026  GANDHINAGAR, GUJARAT ",382026,GANDHINAGAR,GUJARAT,TRUE
OFTH,"141/6 Narayani Compound ,","Ahmedabad, Gujarat 382405  ",382405,AHMEDABAD,GUJARAT,TRUE
OFTU,"B-162,gidc,","Gandhinagar, Gujarat 382026",382026,GANDHINAGAR,GUJARAT,TRUE
OFTV,"E-70,gidc,sector-26","Gandhinagar, Gujarat",382026,GANDHINAGAR,GUJARAT,TRUE
OGFV,"E - 76-77 42-43, Tulsi Estate","E - 76-77 42-43, Tulsi Estate, Opp. Bhagyoday Hotel, Chan  Changodar Gidc, Gujarat",382213,CHANGODAR,GUJARAT,TRUE
OGGI,A R POLYCAB,"A R POLYCAB, PLOT NO. 63, SOPAN KESAR INDUSTRIAL HUB  CHANGODAR GIDC, GUJARAT ",38221,NARODA,GUJARAT,TRUE
OGGM,Ablock-cellarsimandhartowerjinmangajc.h.s.l.,"Ahmedabad, Gujarat 380054",380054,AHMEDABAD,GUJARAT,TRUE
OGHJ,17-a Ramdev Estate,"near Railway Gota,  Ahmedabad, Gujarat",382481,AHMEDABAD,GUJARAT,TRUE
OGIH,Madhu Industries Pvt Ltd,"First Floor Plot No. 39 Phase I Ahmedabad, Gujarat 382445",382445,AHMEDABAD,GUJARAT,TRUE
OGIR,"Plot No. 5-B Survey no.139 , 140 Sai Estate","Plot No. 5-B Survey no.139 , 140 Sai Estate  CHANGODAR GIDC, GUJARAT 3822",,NARODA,GUJARAT,TRUE
OM LOGISTI,OM LOGISTICS PANVEL,"Survey No- 75, Off. Kolkhe Village,  Paras Complex, Opp. Patil Farms, Mumbai Goa Highway,  Panvel, Raigad  ",410221,PANVEL,MAHARASHTRA,TRUE
PAHC,PRABHA AUTOMOBILE,"PRABHA AUTOMOBILE  HALDIBADI, CHIRMIRI ",497451,RAIPUR,CHHATISGARH,TRUE
PALSANA,Smart Hub Palasana,"3PL RRL MP-DC-PAL-001-RRL, Bl No61 B/Htribuvan Polymers Oldmakhinga? Near Palsana Chokdi Makhinga, Surat",394315,PALSANA,RAJASTHAN,TRUE
PANIPAT,Shastri Enterprises,"Shastri Enterprises,236, SECTOR 6, HARI NAGAR, PANIPAT ",132103,PANIPAT,HARYANA,TRUE
PATNA,"RELIANCE RETAIL LIMITED,PATNA","Reliance Retail Limited, Sampatchak Gopalpur, Bairiya, Gaya Road Patna",800007,PATNA,BIHAR,TRUE
PATRAN,GOYAL TRADING CO,"JAKHAL ROAD, PATRAN.",147105,PATRAN,PUNJAB,TRUE
PBG DBS,PBG DBS Bangalore (SL15," Schenker India Pvt Ltd, , C/o: SSK SMART MOVE LOGISTICS PRIVATE LIMITED, , 46/1 A, Gollahalli Panchayath, , Byrashettihalli Village, , Kasaba Hobli, Nelamangala Taulk, Bengaluru (Bangalore) Rural, Karnataka, 562123",562123,BANGALORE,KARNATAKA,TRUE
PL- DAMAN,SHUBH SHAGUN PACKAGING PVT LTD,"Survey No : 172/3(80) & 172/4 (81), Panchal Udhyog Nagar",396210,DAMAN & DIU (UT),DAMAN & DIU(UT),TRUE
PL- ETAWAH,SUBODH JAIN/ JAIN TRADING COMPANY,"PHULKARAN STATION ROAD, ETAWAH",206001,ETAWAH,UTTAR PRADESH,TRUE
PL-AMBALA,PL-AMBALA,KASTURI LAL AND SONS,133001,AMBALA,HARYANA,TRUE
PL-DEHRADU,"M/S A K Enterprises, DEHRADUN","MOHABBEWALA INDUSTRIAL AREA, DEHRADUN",248001,DEHRADUN,UTTARAKHAND,TRUE
PL-DELHI,S M LOGISTICS AND WAREHOUSING CO PVT LTD,"LODHI ROAD, KARBALA",110003,DELHI,DELHI,TRUE
PL-JAIPUR,S.K.B. TRADERS," Vyaso Ka Mohalla, Opp. Old Middle School, Sanganer,, Jaipur, Rajasthan",302029,JAIPUR,RAJASTHAN,TRUE
PL-JODHPUR,BIG BITE COMPANY,"PLOT NO-250 KIRTI NAGAR RAJIV GANDHI COLONY, RAM NAGAR JODHPUR ",342006,JODHPUR,RAJASTHAN,TRUE
PL-MEERUT,PL MEERUT - NIZAM COLLECTION TRENDS,"KIDWAI NAGAR, HAPUR ROAD",250001,MEERUT,UTTAR PRADESH,TRUE
PL-PALSANA,PL-PALSANA GUJARAT,"Bl No 61 B, Htribuvan Polymers Old Makhinga Near Palsana Chokdi Makhinga Taluka Palsana 394315 PALSANA  ",394315,SURAT,GUJARAT,TRUE
PL-PANVEL,PL WAREHOUSE PANVEL,PANVEL,410106,PANVEL,MAHARASHTRA,TRUE
PL-PIPLAJ,PIPLAJ,"CRIMINAL DAMAGE CLOTHING CO S. G assted, A-1 / A-2 /F1, Survay no. 10 B/h.Balaji Petrol Pump Opp. APMC Building Piplaj",382405,AHMEDABAD,GUJARAT,TRUE
PL-SANAND,PL WAREHOUSE,SANAND,382110,SANAND,GUJARAT,TRUE
PL-VADODAR,CARDIN HEALTH CARE PVT LTD.,"CARDIN HEALTH CARE PVT LTD.  PLOT NO. 404 GIDC  Mob. 9558812068  MANJUSAR, VADODARA  GUJARAT - 391775",391775,VADODARA,GUJARAT,TRUE
PL-WAZIRPR,WAZIRPUR,M-4 GF Satyawati Nagar Ashok Vihar Phase III ,110052,DELHI,DELHI,TRUE
PNQ3,Building No. B01,"Chakan, Maharashtra 410501",410501,PUNE,MAHARASHTRA,TRUE
PNUD,AMAZON SELLER -PALANPUR,"G2 Royal Plazaahmedabad Palanpur Highwaypalanpur Banaskantha  Palanpur, Gujarat 385001",385001,PALANPUR,GUJARAT,TRUE
PNUG,"Shop No- 11,near Shanikunj Society,bhabhar Highway","Radhanpur, Gujarat 385340  ",385340,Radhanpur,GUJARAT,TRUE
PSP9,PAVAN MALL,"Pavan sales,plot.99, Sadaram Godown,Patan,Chansma Highway Road,Padmanah chowk,Ramnagar,Patan",384265,PATAN,GUJARAT,TRUE
PUNE 1,SHRI VINAYAK AGENCIES,"1265, Datta Nagar, Near Shinde Hospital, Wadki , Pune , Maharashtra ",412308,PUNE,MAHARASHTRA,TRUE
PUNE 2,R.N.DISTRIBUTION HUB,"Sr. No.35/1   MN No- 2132, Dagade Wasti, Kondawa Pisoli Road, Pune ,  Maharashtra",411060,PUNE,MAHARASHTRA,TRUE
QWIK.,QWIK SUPPLY CHAIN PRIVATE LIMITED.,"GODOWN NO 5678, CENTRAL, SP 1 RIICO INDUSTRIAL AREA, SITAPURA II,WAREHOUSING CORPORATION, PLOT NO JAIPUR,RAJASTHAN(08)",302022,JAIPUR,RAJASTHAN,TRUE
R148,"RRL VF, MANGALAGIRI DC","RRL VF DC, 5-129 / 1  NEAR HIGHLAND, CHINNAKAKANI, MANGALAGIRI ",522503,GUNTUR,ANDHRA PRADESH,TRUE
R278,RRL Ranchi CDIT,"Reliance Retail Limited, BJ-DC-RAN-007, Vinayaka Campus, Palandu Rampur Chowk,Village GarkRanchi",834010,RANCHI,JHARKHAND,TRUE
R280,FC BHIWANDI,"GALA-1-14 PLOT-GA-1 HISSA-3/2 VILLAGE K, SUMIT LOGISTICS & INDUSTRIAL PARK, TALUKA BHIWANDI DISTRICT THANE",421302,MUMBAI,MAHARASHTRA,TRUE
R301,VF DC KOMPALLY,"SVY NO. 645/B DEVARAYAMJAL VILLAGE, SHAMIRPET MANDAL, MEDCHAL- MALKAJGIRI DIST, HYDERABAD",500014,HYDERABAD,TELANGANA,TRUE
R321,PL AKOLA WAREHOUSE,"AKOLA GROWTH CENTRE, MIDC GROWTH CENTRE, MIDC, YEOTA ROAD ",444001,AKOLA,MAHARASHTRA,TRUE
R394,RRL Patna Digital DC,Reliance Retail Limited Sampatchak Gopalpur Bairiya Gaya road Patna,800007,PATNA,BIHAR,TRUE
R406,RRL SIRHIND DIGITAL DC,"Mohali Sirhind Road, Village-Mukarampur Isher hali, Fatehgarh Sahib",140406,SIRHIND,PUNJAB,TRUE
R413,RRL GURGAON 2 DRY DC,Reliance Retail Limited Village Tajnagar Tehsil Farrukhnagar Patuadi Road Dist Gurgaon,122503,GURGAON,HARYANA,TRUE
R426,RRL VF Dhulagarh,"RRL VF Dhulagarh Kolkata  2 DC; howrah, West bengal - 711313",711313,HOWRAH,WEST BENGAL,TRUE
R428,PL - HOWRAH,"Sankrail Industrial Park, Formerly Jalan Industrial Park,NH-6 Dhulaghari Howrah, ",711302,HOWRAH,WEST BENGAL,TRUE
R464,FC BAVLA,"GALLOPS INDUSTRIAL PARK-1, NH-8A, VILL- RAJODA,TEH- BAVLA, DIST - AHMEDABAD",382220,AHMEDABAD,GUJARAT,TRUE
R466,RRL LUHARI FC,NA,124507,JHAJJAR,HARYANA,TRUE
R468,VF DC RAJAHMUNDRY,"VILLAGE/GRAM PANCHAYAT- HUKUMPET, RAJAHMUNDRY RURAL MANDAL, DIST- EAST GODAVARI, RAJAHMUNDRY",533107,RAJAHMUNDRY,ANDHRA PRADESH,TRUE
R696,RRL Bangalore Digital DC,Bidalur Village Thyamangondlu Hobli Nelamangala Taluk Bangalore Rural District ,562123,BANGALORE,KARNATAKA,TRUE
R701,DC,"Sumer Logistics Park, NH-8, Ahead of Coca Cola Factory, Village Betdilat,",387411,KHEDA,GUJARAT,TRUE
R702,VF DC KHEDA,"SUMER LOGISTICS PARK, NH-8, AHEAD OF COCA COLA FACTORY, VILL- BETDILAT,TEH KHEDA, DIST- KHEDA",387411,KHEDA,GUJARAT,TRUE
R703,Ts No 881/1 882/2 881/3 882/6, Block N 14  City Copo Vellithirumutham Vlg Srirangam Ward N Chennai Bye Pass Rd ,620005,TRICHY,TAMIL NADU,TRUE
R708,RRL GROCERY PUNE FC,"INDOSPACE LOGISTICS PARK, PLOT NO. D223/1, CHAKAN MISC PHASE 2, VILLAGE BHAMBOLI ",410501,PUNE,MAHARASHTRA,TRUE
R741,TRENDS DC DANKUNI KOLKATA,"RRL trends dankuni kolkata dc  plot no. Lr dag no.55 j.l. No.18,  bangihati village mouza-simla,   pargana -boro p.s – serampore, 712203",712203,SERAPMPUR,WEST BENGAL,TRUE
R796,"Reliance Retail Ltd., F & v",Collection center LINGA CHHINDWARA madhya pradesh,,CHHINDWARA,MADHYA PRADESH,TRUE
R801,RRL Grocery Khurda DC,Reliance Retail Limited A/21A/21/AA/22A/22/BA/22/B ( P) Kholadwar Industrial area Dist : Khurdha ,752055,KHURDA,ODISHA,TRUE
R810,"RRL, JAIPUR DIGITAL DC",SITAPURA EXTENSION ,302022,JAIPUR,RAJASTHAN,TRUE
R834,RRL SSL NAGPUR PRIVATE LABEL,Reliance Retail Limited ALP Nagpur at Survey no 220/1 220/2 Bhandara Road  Tahsil - Kamptee Dist ,440021,NAGPUR,MAHARASHTRA,TRUE
R836,PL ARNAV WAREHOUSE CHANGODAR,"ARNAV WAREHOUSING LTD, OPP. MORAIYA GA , TEH- SANAND, DIST - AHMEDABAD",382220,AHMEDABAD,GUJARAT,TRUE
R975,RRL Grocery Chennai FC,"Reliance Retail Limited, Sy No.10/1B GNT Road, Sy No.10/1B GNT Road, Sembulivaram Village Ponneri Taluk, Tiruvallur Dist",600067,CHENNAI,TAMIL NADU,TRUE
RAIGARH,RAJ Agency,RAJ Agency Raigarh,496661,RAIGARH,CHHATISGARH,TRUE
RAIPUR,Raipur,"GD logistics, ring road no-03,  Vidhansabha road, Raipur",492001,RAIPUR,CHHATISGARH,TRUE
RAJJ,"Plot No 16, Nr. Shiv Petroleum","Opp. Gandhi Society, RAJKOT, GUJARAT 360006",360006,RAJKOT,GUJARAT,TRUE
RAJK,"Survey No.: 102/P1, Hitech Industrial Park","Near Sokhada RAJKOT, Gujarat 360003",360003,RAJKOT,GUJARAT,TRUE
RAJKOT,GROUND FLOOR SHOP,"GROUND FLOOR SHOP NO 01, NEAR RK EMPIRE, VISHNU NAGAR CO OP SOCIETY Rajkot, Gujarat",360001,RAJKOT,GUJARAT,TRUE
RAJKOT2,"PATEL BATTERY SHOP""S","150 FEET RING ROAD NEAR OM NAGAR BUS STOP  PATEL BATTERY SHOP""S STREET MAVDI RAJKOT",360004,RAJKOT,GUJARAT,TRUE
RAJPURA,RRL Rajpura Punjab Digital DC,Build No B500 Indospace Logistics Park Rajpura Village Chamaru,140401,RAJPURA,PUNJAB,TRUE
RAM2,FC1 BAVLA RAM2,"Same As Mama  Ahmedabad, Gujarat 382213",382213,BAVLA,GUJARAT,TRUE
RANCHI,Shri Ambaji Food Products Pvt Ltd,"10p Namkum Industrial Area Near Premsons Motor Service Centre ( Maruti ) Ranchi, Jharkhand ",834001,RANCHI,JHARKHAND,TRUE
RANOLI,Ranoli Vadodara,LS N 30/1 Maruti Estate Nr. Kathiyavadi Hotel Village Ranoli Vadodara ,391350,VADODARA,GUJARAT,TRUE
RCP Mumbai,Dhirubhai Ambani Knowledge City,"Block CHQ, Thane Belapur Road,  Near Reliance Hospital. Opp Koparkhairane Railway Station, Koparkhairane, Navi Mumbai",410206,NAVI MUMBAI,MAHARASHTRA,TRUE
RCPL,"Reliance Consumer Products ,Limited","Krishnarajapalya Jakkanahalli Post, Thyamogondlu Hobli Nelamangala Taluk",,BANGALORE,KARNATAKA,TRUE
RCPMUMBAI,WS251 BUILDING,"WS251 BUILDING :TWIN TOWER 1 SITE: RCP, MUMBAI STATE: MAHARASHTRA",400701,MUMBAI,MAHARASHTRA,TRUE
REBARELI,C-589,"C-589 INDRA NAGAR, REBARELI",229001,REBARELI,UTTAR PRADESH,TRUE
REOP,RISHABHDEV ENTERPRISES,"OPP.PARAS HOTEL,GALI NO.1,MOHAN COLONY,BANSWARA",327001,BANSWARA,RAJASTHAN,TRUE
RGUJ,same as GUJX,"same as GUJX  BAVLA, GUJARAT",382220,BAVLA,GUJARAT,TRUE
RRL,BHANU SALES,"522,swad quarters, nr sangam cross road, Vadodara, Gujrat. Gujarat - 390022, India",390022,VADODARA,GUJARAT,TRUE
RTMF,AMAZON SELLER-Banswara,"25 Sharda Nagar, Opp. Naveen Petrol Pump  Banswara, Rajasthan 327001",327001,BANSWARA,RAJASTHAN,TRUE
S. R. Trad,S. R. Traders,"S. R. Traders ( Super Distributor) , 5 Raja Sew Box Bagla Lane, Kolkata ( WB)",700002,KOLKATA,WEST BENGAL,TRUE
S0BN,PATCHEMS-Bhiwandi,"Patchems pvt ltd , Building A2 , Antariksh Logipark, Dohale village Padgha - Bhiwandi",421101,BHIWANDI,MAHARASHTRA,TRUE
S0CV,RRL Rajpura Punjab Digital,"DC Build No B500 Indospace Logistics Park,Reliance Rajpura Village Chamaru,RAJPURA",,RAJPURA,PUNJAB,TRUE
S0EO,ATG GJ Mundra Adani Port PL DC,"SEABIRD MARINE SERVICES (GUJARAT)PVT. LTD.  PO  BAG NO. 20, IOCL LINK ROAD, BHARAT CFS ZONE 1,  MPSEZ, MUNDRA DIST. KUTCH GUJARAT, INDIA",370421,MUNDRA,GUJARAT,TRUE
S0GK,RRL VF KL Calicut Malapuram G,"Yallappa Naganur; Sridhar Ch; Suresh Edulamudi; VFDCNGT S0KNASN,RRL VF KA Nidagatta Grocery DC",,Tirurangadi,KERALA,TRUE
S0GZ,RRL INDORE DIGITAL DC,INDORE,,INDORE,MADHYA PRADESH,TRUE
S0HF,RRL MP INDORE DC,"MP-DC-IND-008, Parmar A B Road Near Reliance Petrol,26 2 Mangliya Patwari Halka Lasudia,Pump Indore Madhya Pradesh ",452010,INDORE,MADHYA PRADESH,TRUE
S0HT,Reliance Retail Limited JHAJJAR,"""Building No-B 900,IndoSpace Industrial"" ""Pahasour-,Faizabad,Jhajjar Badli Road,"" ""& Logistics Park, Badli Complex, Villag JHAJJAR",124105,JHAJJAR,HARYANA,TRUE
S0HZ,"Plot GA1, Sumeet Logistics,","After Shangrila Resort,  Mumbai - Nashik Expy Kukse,  Maharashtra ",431302,BHIWANDI,MAHARASHTRA,TRUE
S0IL,Rangareddy," Sr No140/144/146/147/Part of 148/149/150,International Airport premises Shamshaba,Vallage Mamidipally angana Rajiv Gandhi -500108",,RANGAREDDY,TELANGANA,TRUE
S0IX,RRL VF MH PUNE CHAKAN DC,"Gat No 380/381/384/385/388/389 and 426, ESR Chakan II Industrial&Logistics ParK, Vill Ambethan Tal Khed Chakan",410501,PUNE,MAHARASHTRA,TRUE
S0KK,RRL VF KA Nidagatta GM DC,Reliance Retail Limited Sr No160/3/161/2/3/162/2/3/4/5/6/163/1/2 3/164/1/6/165/5/160/2/160/1/4/5Nidagatta Vill Jadegenahalli hobli HoskoteTaluk HOSAKOTE Karnataka  ,562114,HOSAKOTE,KARNATAKA,TRUE
S0NX,RRL AGRI BUSINESS MURTHAL, Reliance Retail Limited HR-DC-MU -001 Bansal Brothers Chamber No 2/6/7 Khewat  Tehsil & District Sonipat Haryana No159 MIN 344 Khata No 255/56 Bhaturi SONIPAT ,131001,SONIPAT,HARYANA,TRUE
S0QM,"Metro DC Neelamangala BLR ,Metro Cash & Carry Indi","Tonachinakuppe Village, Kasaba Hobli, Bangalore Rural",562123,NEELAMANGALA,KARNATAKA,TRUE
S0UG,RRL Digital Vijaywada Gannavaram DC,"Reliance Retail Limite Vedurupavuluru Village R S No 52 2f 53 1 61 2 61 3 and 61 4 Gannavaram Gramppanchayt Andhra pradesh , GANNAVARAM ",521107,GANNAVARAM,ANDHRA PRADESH,TRUE
S0UX,Mutthiah Beverages,"Plot No. 146, Kellamballi Industrial Area, Kellamballi Village, Badanaguppe, Chamarajanagar, Karnataka ",571313,Chamarajanagar,KARNATAKA,TRUE
S0WG,RRL VF TS ABM DRY DC Reliance Retail Limited,ABM SNACK MACHINES GODOWN SY NO 221 228 MALKAJMGIRI DIST MEDCHAL 229 VILLAGE RAVALKOLE MEDCHAL MANDAL MEDCHAL,501401,MEDCHAL,TELANGANA,TRUE
S0WJ,RRL VF MH ANTARIKSH DRY PL DC,Antriksh logidrome bldg no. B6 SAPE AMANE VASHERE village bhiwandi thane MH  Padgha kalyan road opp. RENAISSANCE COMPLEX BHIWANDI MH,421302,BHIWANDI,MAHARASHTRA,TRUE
S0XE,RRL VF KL Ernakulam Cochin Grocery,",""Building No KPDY/GP/XIX/493A,C,D,E,F/GF,Cochin Logistics Inc Sri Mahaganapathy,Temple Road Aimury Perumbavoor Ernakulum   ",683544,KUNNATHUNAD,KERALA,TRUE
S0ZE,"RR Building B 200 Shed 200 ,","Ind and Log Park,, Khopoli Village Ajiv , KHALAPUR ",410203,KHOPOLI,MAHARASHTRA,TRUE
S1IE,PBG DBS Chennai,"SCHENKER Ind PVT LTD,Survey 20/2B 25/3A,""3B,3C,4A,4B, 4C 29/2A,30/1,30/2,31/1A,1,""2A,2B And 3 Chinnambedu Road,Ponneri PONNERI",601206,PONNERI,TAMIL NADU,TRUE
S1II,PBG NAG W MAH,"""Ril Ret,C/O WH FRL BB Survey 60/1/2/3/B, ""83/2,84,85/A & B86to90,91/1,91/4/A&B"",""Wadgaon,Hingna"",NAGPUR",441122,NAGPUR,MAHARASHTRA,TRUE
S1IK,PBG ProConnect Kolkata,"Schenker Ind Pvt ltd,c/o Propace Ind Pr, ""Survey 10to16,12/3284&3285,Mou Belumilk, Jl11 PO Belumilki PS Sreerampore Hooghly HARIPAL",712223,HARIPAL,WEST BENGAL,TRUE
S1IN,RRL AGRI DRY KA DCT WH BANGALORE,DCT PACKAGING SOL GODOWN NO 1 141B NAGENAHALLI VILLAGE KORA HOBLI TUMAKURU V ASANTHANARASAPURA IND 1ST SY26 31 32  V ASANTHANARASAPURA IND 1ST SY26 31 32  Contect person- srinivas  Mo-RRL AGRI DRY KA DCT WH BANGALORE  DCT PACKAGING SOL GODOWN NO 1 141B  NAGENAHALLI VILLAGE KORA HOBLI TUMAKURU  V ASANTHANARASAPURA IND 1ST SY26 31 32  V ASANTHANARASAPURA IND 1ST SY26 31 32,,BANGALORE,KARNATAKA,TRUE
S1KQ,CRD FOODS (Mathura),"965KHA, VILLAGE KOSIKHURD, MATHURA BHARATPUR ROAD, MATHURA TAHSIL, MATHURA, UP",281005,MATHURA,UTTAR PRADESH,TRUE
S1KX,RRL VF Kamrup DRY DC Reliance Retail Limited,AS-DC-KAM-03 DUDHORIA WAREHOUSE NH 27 Village Niz Sindurghopa PS Changsari Kamrup Rural KAMALPUR,781101,KAMRUP,ASSAM,TRUE
S1NI,Reliance Retail Limited RRL,"c/oPranik logistics,Sur no 636,637 Village- Hariyala,Taluka Kheda District-Kheda,Gujarat",387120,KHEDA,GUJARAT,TRUE
S1SE,Metro Cash & Carry Jodhpur Basni,"Plot No B8 C9 and 10 A, Industrial Area Phase 1, Basni Jodhpur",342005,JODHPUR,RAJASTHAN,TRUE
S1UQ,RRL Agri Indore MP,PL DC SR 236/1/233/3/4/67/54 PAIKI PATWARI HALKA MANISH MAHESHWARI BALA JI WAREHOUSE VALLAGE DAKACHIA TEHSIL SANWAR 452001,452001,INDORE,MADHYA PRADESH,TRUE
S223,RRL TRENDS Badli DC,Reliance Retail Limited IndoSpace Ind?ust & logistics Park Vill Pahasour Faizabad Tehsil Badli Dist Jhajjar,124105,JHAJJAR,HARYANA,TRUE
S235,RRL NARODA GM DC,NARODA,382330,NARODA,GUJARAT,TRUE
S236,RRL CDIT Nilakottai NDC,"Reliance Retail Limited Plot No A3A6 Sipcot Industrial Complex Pallapatti Dindigul Rd Madurai  Nilakottai Taluk, NILAKOTTAI",624201,NILAKOTTAI ,TAMIL NADU,TRUE
S2BZ,RRL VF UP Lucknow Neeva,150/152to156/148/146/308Barauli Neeva Vg Pargana BijnourTehsil SarojinI Nagar LUCKNOW Uttar Pradesh,226401,LUCKNOW,UTTAR PRADESH,TRUE
S2CA,QSCPL VF UP Lucknow Neeva Kh,QSCPL VF UP Lucknow Neeva Kh 838 BA/AA/SA841/844/SA 845 to850BA876 150/152to156/148/146/308Barauli Neeva Vg Pargana BijnourTehsil SarojinI Nagar - 226401,226401,LUCKNOW,UTTAR PRADESH,TRUE
S2GY,RRL VF Kolkata PL DC,HOWRAH,,HOWRAH,WEST BENGAL,TRUE
S2HA,"Distribution Center,Cdc","Gundla Pochampally Medchal,Survey No 695/696,Behind Lifestyle Ware House,0,Medchal, Telangana  ",500014,HYDERABAD,TELANGANA,TRUE
S2MA,RRL Digital Cuttak Indra and Chhatisa DC,Plot no 114/1316 p Village Indranipatna Plot nos 30 and 31 Village Chhatisa II Tangi Choudwar Tehsil CHOUDWAR,754027,CHOUDWAR,ODISHA,TRUE
S2MV,RRL Chennai CFA,POONAMALLEE,249403,CHENNAI,TAMIL NADU,TRUE
S2NA,RRL Consumer Brand Bhiwandi CF,RRL Consumer Brand Bhiwandi CF,,BHIWANDI,MAHARASHTRA,TRUE
S2OH,RRL HR Kurukshetra WH  Reliance Retail Limited,"HR-DC - KUR -01 ""NAND LAL GARG HUF WH Khewat 31,32,Kh164  42 to 54/ 5/ 23/1/ 3/5/ 36/ 11/12/ 7/20  26/3 / 3 / 5 at village town Kamoda THANESAR Haryana",136118,Kurukheshtra,HARYANA,TRUE
S318,NAINITAL,"Jaspuriya Line,Ram Nagar, Nainital",244715,NAINITAL,UTTARAKHAND,TRUE
S3GG,Ajio Hyderbad RIL DC Reliance Retail Limited,"Reliance Retail Limited,  Srvy. No. 645/B, DevarayamJal Villag, Shamirpet Mandal, Medchal- Malkajgiri Dist",500014,HYDERABAD,TELANGANA,TRUE
S3GS,"Savarigudem Krishna,Mustabad AP","PBG DC VJ AP 01, Reliance Retail Limited, AP-VJ-DC-001, ""RRL RS No 52,2f 53,1,61,2,61 3 &61,4"", ""Ganavaram Gram Panchyat,Vedurupavuluru"", ""Savarigudem Krishna,Mustabad AP",,GANNAVARAM,ANDHRA PRADESH,TRUE
S3NV,RRLCarryfast Logistics Pvt ltd,MEDCHAL,,MEDCHAL,TELANGANA,TRUE
S3OM,RRL PL BKVK Kundli Maniyari Reliance Retail Limite,HR-DC-KUN-001 Khewat No 1328 Khata No 1328 Khata No 1474 Narela Piau Maniyari Road Sector 48 Kundli Sonipat  SONIPAT Haryana,131028,SONIPAT,HARYANA,TRUE
S3OU,RRL MH Bhiwandi PL Reliance Retail Limited,Indian Corporation Bldg No 111 & 120 Unit 5 To 8 Jumbo Building Mankoli Naka dapode Village Bhiwandi BHIWANDI,421302,BHIWANDI,MAHARASHTRA,TRUE
S3QR,JAGATBALLAVPUR,"Reliance Retail Limited, ECOM EXPRESS LTD No C6 Gate No 2 Ganesh Complex Mouza Subharara Panchla Under Subharara Gram Panchayet Dist Howrah JAGATBALLAVPUR 711302	 ",711302,KOLKATA,WEST BENGAL,TRUE
S3TP,RRL Digital Jaipur Ajmer Road DC,"RJ-DC-JAI-018 Khasra No 1, 5, 6, 8, 9, 10 894/1 896/8 898/9 Village Sarangpura Tehsil Sanganer District JAIPUR Rajasthan",302026,JAIPUR,RAJASTHAN,TRUE
S3UY,RRL B2B Old Sultanpur DC,"Village Dadri Toe Bahadurgarh,Jhajjar Haryana",124103,JHAJJAR,HARYANA,TRUE
S402,RRL NELAMANGALA B2B DC,Sy No 131/133 Nelamangala Taluk Kasaba Hobli Hanchipura Village Bengaluru rural district NELAMANGALA    ,562123,BANGALORE,KARNATAKA,TRUE
S404,RRL GROCERY KOLKATA FC,"HOOGLY, KOLKATA",712223,KOLKATA,WEST BENGAL,TRUE
S410,"RRL, NARODA","Reliance Retail Limited Distribution Centre 103/106 GIDC, Naroda, AHMEDABAD, Gujarat                                                                     ",382330,NARODA,GUJARAT,TRUE
S412,RRL GROCERY DC SILIGURI,XXX,XXX,SILIGURI,WEST BENGAL,TRUE
S433,DBS DC DASANPURA HOBALI,"SCHENKER LOGISTICS CENTRE (SLC),SURVEY NO 71 DASANAPURA VILLAGE,DASANAPURA HOBLI RAUTANAHALLI RD,562123 BANGALORE",562123,BANGALORE,KARNATAKA,TRUE
S4NW,RRLJabalpur DC CB,JABALPUR,482002,JABALPUR,MADHYA PRADESH,TRUE
S4QD,RCPL BHARITYAM MUZAFF Bharatiyam Beverages,Bharityam Muzaffarnagar-Khasra No 174 175 Upper Ganges Canal Road Jamalpur Purquazi MUZAFFARNAGAR,251327,Muzaffarnagar,UTTAR PRADESH,TRUE
S4QJ,RELIANCE CONSUMER PRODUCTS LIMITED.,Unit I Hadbast No214 Hill Top IndustrialArea Near Epip Phase 1 Village Bhatoli Kalan Jharmazari Barotiwal Kasauli Himachal Pradesh - ,173205,HIMMATNAGAR,GUJARAT,TRUE
S4QL,SANKRAIL/Kolkata,Sankrail Industrial Park DhulagarhMouza Bhgabatipur JL No-7 Panchayat- Kandua SANKRAIL West Bengal,711313,HOWRAH,WEST BENGAL,TRUE
S4QM,TIRUMALAGIRI/Hyderabad,"Distribution Center , Sy No 645 Deveryamzal Village, Grem Panchayat Shameerpet, Mandal & Medchal - district Telangana, TIRUMALAGIRI, Telangana",500014,HYDERABAD,TELANGANA,TRUE
S4QP,Bhiwandi 1 Mah CFA,Bhiwandi 1 Mah CFA Rel Consumer Products Ltd A-2 Global Complex Opposite Shangrilla Resort Kukse Borivali 421302 Bhiwandi,421302,BHIWANDI,MAHARASHTRA,TRUE
S4QS,BD Foods,"BD Food And Beverages Llp Pindra UP,G1 &G2 UPSIDC, Agro park Karkhiyaon, Phoolpur PINDRA, Varanasi, Uttar Pradesh",221206,VARANASI,UTTAR PRADESH,TRUE
S4RZ,Ashirwad Oils Tijara RJ PF,TIJARA/BHIWADI,301019,BHIWADI,RAJASTHAN,TRUE
S4SA,Agra UP CFA,Agra UP CFA Khasra No 404 406 Plot No 12/5A/2Mauja Chakhaftam Nunhai Agra,282006,AGRA,UTTAR PRADESH,TRUE
S4TA,Guwahati AS CFA,Guwahati AS CFA  Rel Consumer Products Ltd M/S Achyut Corporation Amingaon Hajo Road Guwahati Guwahati,781031,GUWAHATI,ASSAM,TRUE
S4TB,RELIANCE CONSUMER PRODUCTS LTD,HADBAST NO 247 VILLAGE KHERI GURNA TEHSIL RAJPURA DISTT PATIALA BJMS LOGISTICS PARK KHERI ,123,RAJPURA,PUNJAB,TRUE
S4TD,Lucknow UP CFA,"325/4 Dhawapur, Bani Mohanlalganj Road Lucknow, LUCKNOW, Uttar Pradesh",226401,LUCKNOW,UTTAR PRADESH,TRUE
S4TS,Jhajjar/kulana,Khasra No 110/2 1 19Kulana Po Kulana Village Kulana Patauda JHAJJAR Haryana,124108,JHAJJAR,HARYANA,TRUE
S4TY,New Delhi DEL CFA,DELHI,110041,DELHI,DELHI,TRUE
S4UE,Jabalpur MP CFA,Jabalpur MP CFA Rel Consumer Products Ltd Khasra No   234 and 235 at katangi Khasra No   234 and 235 at katangi Padwar Kalan Jabalpur482002 Jabalpur,482002,JABALPUR,MADHYA PRADESH,TRUE
S4UF,Jaipur RJ CFA Rel Consumer Products Ltd,Jaipur RJ CFA Rel Consumer Products Ltd Ee 205 Road No 9E Vki Area Jaipur ,302013,JAIPUR,RAJASTHAN,TRUE
S4WT,RRL VF WB HWH,"Islampur PCS Aapb Properties Llp Amta Ind Park 2, Mouza & Village Islampur Po Islampur, P S Jagatballavpur Jl No 76 Howrah, HOWRAH-711401, WB",711401,KOLKATA,WEST BENGAL,TRUE
S4WU,RRL Hyderabad Processing Centre Reliance Retail Li,"Sy. No.479,481 & 488,Pudur Village, Medchal  Mandal, Rangareddy District, Pudur –Yamzal Road, Hyderabad Telangana",501401,HYDERABAD,TELANGANA,TRUE
S4WV,Rai Sonipat HR PCS RRL Rai Packing Centre  Relianc,Plot No. 401 Phase V   Food Park HSIIDC Industrial Estate Rai Opp Yakult Milk Dairy Sonipat  Haryana,131029,SONIPAT,HARYANA,TRUE
S4WW,RRL Neelambur DC VS,RRL Neelambur DC VS; SF No141/3 Avinashi Bye Pass;Neelambur; - coimbatore; Tamilnadu,641062,NEELAMBUR,TAMIL NADU,TRUE
S4WX,Rel Consumer Products Ltd Ahmedabad GJ PCS,Plot No 103 106 Gidc Estate Naroda,382330,AHMEDABAD,GUJARAT,TRUE
S4XL,"RRL Employee Gift Pack,Reliance Retail Limited","MH-DC-MUM-001,ASHWAMEDH EXPRESS PVT LTD UNIT NO 8 GF,SURVEY NO 74 GRAMIN HOUSE NUMBER 367,HISSA NO 11 and 12 BHIWANDI",421302,BHIWANDI,MAHARASHTRA,TRUE
S4XQ,RRL NAGPUR DC CB,HOUSE NO 18/2 SHED NO 4/2 BENEROI LOGISTIC PARK GONDKHAIRI KALMESHWAR,441501,NAGPUR,MAHARASHTRA,TRUE
S4YI,Nagpur DC CB,Nagpur DC CB Rel Consumer Products Ltd  House No 18/2 Shed no 4/2 Beneroi Logistic Park Gondkhairi KALAMESHWAR,441501,NAGPUR,MAHARASHTRA,TRUE
S531,RRL AKBARPUR SONEPAT PL DC,Reliance Retail Limited M/S PARAS PRODUCTS PVT  LTD  KILLA NO 91//16/2 17/1 17/2 24/1 24/2/1  24/2/2 2 VILLAGE AKBARPUR BAROTA DISTRICT SONEPAT,131103,AKBARPURA,HARYANA,TRUE
S535,RRL TF NELAMANGALA,DC Reliance Retail Limited Sy No 131/133 Nelamangala Taluk Kasaba Hobli Hanchipura Village,562123,BANGALORE,KARNATAKA,TRUE
S537,RRL BHIWANDI,RFC,421308,BHIWANDI,MAHARASHTRA,TRUE
S542,TVS DC NAGPUR,"KHASRA NO  60 MOUZA KHAPARI P H  NO  23, KALMESHWAR BYPASS ROAD, TAL KALMESHWAR DISTRICT NAGPUR ",440023,NAGPUR,MAHARASHTRA,TRUE
S573,"RRL, RAIPUR","Reliance Retail Limited, G.D. Logistic Park Land Khasra No 557/11 patwari Halka No 22  Near railway Overbridge Ring Road 3 Giroud, RAIPUR",493111,RAIPUR,CHHATISGARH,TRUE
S581,RRL Ajio B2B DC Badli,"900 DC pahasour,faizabad jhajjar badli road haryana",124105,JHAJJAR,HARYANA,TRUE
S597,RRL CDIT GUWAHATI AS DIGITAL,"Reliance Retail Limited, Brahmaputra Industrial Area, Plot no  48, 49 Village  Sila Amingaon, GUWAHATI, Assam",781031,GUWAHATI,ASSAM,TRUE
S613,"RRL SINGANALLUR, COIMBATORE",RRL Singanallur PCS DC PCS-SINGANALLUR-DC SF No141/3 Avinashi Bye Pass Neelambur,641005,COIMBATORE,TAMIL NADU,TRUE
S630,"RRL 20 Cube Warehousing & Dist P.Ltd, Bhiwandi"," CDIT, Reliance Brands Limited,Building No  C5   Antariksh Logidrome, Survey no  42 Hissa no  18 & 19,Village Amane, BHIWANDI",421302,BHIWANDI,MAHARASHTRA,TRUE
S682,"RRL AJIO, KHOPOLI",KHOPOLI DC ,410203,RAIGAD,MAHARASHTRA,TRUE
S699,RRL BADLI JAJJAR,"DB SCHENKER CDIT C/O INDO SPACE INDUSTRIAL PARK PVT LTD, 20 CUBE WAREHOUSING AND DISTRIBUTION LTD",124105,JHAJJAR,HARYANA,TRUE
S701,RRL PRO CONNECT CHENNAI CDIT,Reliance Retail Limited Pro connect Supply Chain Solutions LTD No 79Kuruthanamedu Vlg Kavaraipettai Gummudipoond CHENNAI,601206,CHENNAI,TAMIL NADU,TRUE
S726,RRL TRENDS STELLAR DC,Stellar Value Chain Solutions Bommanahalli Village Tumkur Main Rd NH 4 Opp United Breweries Kasaba BANGALORE,562123,BANGALORE,KARNATAKA,TRUE
S729,PL COLD STORE SONIPAT,"HR-PL-SOPT-01-B, M/S VRINDAVAN AGRO FOOD COLD STORAGE, 102/14/1/1 VLG AKBARPURA BAROTA SEC42, NARELA SAFIABAD ROAD DISTRICT SONIPAT ",131001,SONIPAT,HARYANA,TRUE
S806,KOCHI,Pro Connect Supply Chain Solutions Limited 22/232 A Mannath Workshop Stop Muttar Eloor Cochin,683501,KOCHI,KERALA,TRUE
S834,Islampur,"CDIT DC PROCONNECT Reliance Retail Limited Situated at Mouza – Majukshetra, P O – Panpur, P.S – JagatballavpurP O Box BegriP S Domjur Howrah  Islampur KOLKATA",711401,ISLAMPUR,WEST BENGAL,TRUE
S845,FC AURANGABAD,"EGROCERY FC KUMBHERPHAL AURANGABAD, PLOT NO. D-190, SHENDRA FIVE STAR INDUSTRIAL AREA, KUMBHERPHAL SHENDRA, MIDC, AURANGABAD-431201",431201,AURANGABAD,MAHARASHTRA,TRUE
S846,FC RELIANCE MARKET MANGALIYA,"KHASRA NO 44, MANGALAYA,  VILLAGE LASUDIA P, OPP HPS BOTTLING PLANT, TEHSIL SANVER, AB ROAD",452001,INDORE,MADHYA PRADESH,TRUE
S848,EGrocery FC Salem TN,"Reliance Retail Limited, Chandramalli Thottam, 114 12 Kodamabakadu Puthurlttery Main, Nethimedu Salem",636002,SALEM,TAMIL NADU,TRUE
S849,E-GROCERY DOMJUR,HOWRAH,711114,HOWRAH,WEST BENGAL,TRUE
S861,CDIT DC DB SCHENKER LUCKNOW,DB Schenker India Pvt Ltd Khasra No 486 Bhagwati Vanaspati Old Dalda Factory LUCKNOW,226008,LUCKNOW,UTTAR PRADESH,TRUE
S873,FC VADODARA,SMART MANGALAYA,300018,VADODARA,GUJARAT,TRUE
S879,Ranchi,"Reliance Retail Ltd, Ranchi",834005,RANCHI,JHARKHAND,TRUE
S883,FC SOLAPUR," Plot no 164/4 of town planning – IV, Laxmi Peth  Solapur City-413001",413001,SOLAPUR,MAHARASHTRA,TRUE
S885,EGrocery FC Jalandhar NURPUR,"Reliance Retail Limited Adjoining to Bawa Lal Dayal Filling Station, NH-1A Village Nurpur Jalandhar",144001,JALANDHAR,PUNJAB,TRUE
S948,FC MADURAI,EGrocery FC Madurai TN Reliance Retail Limited Adjacent to Sun Network Building Madurai Melur Road Uttangudi MADURAI 625107 MADURAI ,625107,MADURAI,TAMIL NADU,TRUE
S969,Egrocery FC Bellary Road,"Egrocery FC Bellary Road  Kurnool, AP-FC-KUN-00,Plot No 14 Sy 145, Kallur Village Opp Radio Station,Bellary R, KURNOOL",518003,KURNOOL,ANDHRA PRADESH,TRUE
SA87,E GROCERY,"FC, RAIPUR",492001,RAIPUR,CHHATISGARH,TRUE
SAAH,RRL VF DC UP,"Distribution Center, Block B Khasra No 791/792  Village Bairangpur, Nai Basti Dadri  Gautam Buddha, Uttar Pradesh ",201314,DADRI,UTTAR PRADESH,TRUE
SACU,"RRL Nagpur Samrudhhi Digital DC,","Reliance Retail Limited, MH-DC-NAG-003, Reliance Retail Ltd C/O Frl Sur No 60, 1 2 3 B 83 2 84 85 A/B 86To90 91 1 91 4, Patwari Halka N71 Mouza Wadgaon Hingna, Nagpur",,NAGPUR,MAHARASHTRA,TRUE
SADY,RRL-VF-BHW-Milestone Compound,"SN43/1/2A/1C 44/1D/A/C 45/1A/2A/2B 46/1A, 1B/C/D/3E/4E/1E/7B/7A A5/6/8 Milestone, Compd Ind Coop Vlg Dive Anjur Bhiwandi",421302,BHIWANDI,MAHARASHTRA,TRUE
SAEM,RRL DC Blue Sky,"Wh And Log Jahirpeer, Sy No Kh No 253 To 262 Vlg Pipaliya Near Kishan Kanta Bpcl Petrol Pump, Bhopal- 462010, Madhya Pradesh",462010,BHOPAL,MADHYA PRADESH,TRUE
SAEX,RRLDC Jhajjar Reliance LTD block b Gate 2,Villlage Ghijaroad Jhajjar,124103,HARYANA,HARYANA,TRUE
SAEZ,RRL VF DL Jinender Bakoli PL DC,"Jinender Kumar Jainchmbr No 12&3, New Khewat No 370 Min Mutation No 370, Khasra No21/8 9 Hadbast No 33 Bakoli, NORTH DELHI, ",110007,DELHI,DELHI,TRUE
SAF7,RRL VF WB Serampore Apparel DC,"RRL VF WB Serampore Apparel DC Reliance Retail Limited JL11/12/19 Mouza Pearapur283/284/328/330 Delhi Road PO PS Serampore,Dist Hooghly 335/338/341/342Rajyadharpur Nabagram old",712223,HOOGHLY,WEST BENGAL,TRUE
SAFE,SAFE QSCPL VF RJ  Jaipur Motu Ka Bas,Reliance Retail Limited Kh No 76 To 96 98 118 To 126135 & 136 Village Motu Ka Bas Tehsil Amer JAIPUR,303704,JAIPUR,RAJASTHAN,TRUE
SAGAR,OJAS AGENCIES,"OJAS AGENCIES, BEHIND MAHENDRA MILL ROAD, SAGAR",470002,SAGAR,MADHYA PRADESH,TRUE
SAGAR 2,SMART FC SAGAR,Smart FC Sagar Ruchi Warehouse ,470002,SAGAR,MADHYA PRADESH,TRUE
SAIT,"RRL-NORTH-RJ-JAIPUR,Reliance Retail Limited","Kh No 39 40 41 41 228 41 229 194 42,Deeppura Sikar Road, JAIPUR",302013,JAIPUR,RAJASTHAN,TRUE
SAJY,RRL VF MP Ashta Bombay Grain PL DC,"Bombay WH Village – Bedakhedi, Survey No - 51/ 04, Tehsil - Ashta, District – SEHORE",466116,SEHORE,MADHYA PRADESH,TRUE
SAME,"Indraprashtha Industrial logistics hub, Vadala Pat","KHEDA, GUJARAT 387570",387570,KHEDA,GUJARAT,TRUE
SANGAREDDY,"LOTUS CHOCOLATE COMPANY LIMITED,"," Survey No.31,Nastipur Village,Hathnoora Mandal,Hanthnoora,Sangareddy,Telangana-",502296,SANGAREDDY,TELANGANA,TRUE
SANGLI,Reliance Retail Limited,"Gajanan Prasad Warehouse G No 196A/P Tanang Tal- Miraj , Dist - Sangli SANGLI",416410,SANGLI,MAHARASHTRA,TRUE
Sangrur,LAJPAT RAI MOHAN-HUB DISPATCH,LAJPAT RAI MOHAN-HUB DISPATCH Sangrur,148023,Sangrur,PUNJAB,TRUE
SANP,PBG SANP,Company RRL Mumbai Digital DC Reliance Retail Limited Richland Vadape digital Bhiwandi Mumbai ,421302,BHIWANDI,MAHARASHTRA,TRUE
SAOP,RRL VF JH RNC Parvati Cold Strg PL,"RRL VF JH RNC Parvati Cold Strg PL D, Parvati WH Near Vidya Mandir School,  Village – Katarpa, PO - Nagri, Dist – Ranchi, RATU, Jharkhand,",835303,RANCHI,JHARKHAND,TRUE
SAOS,Distribution Centre  SILIGURI," No830/3 JL2Dag51/52/58/166/58/59/60/61 70/71&72 PO & PS - Bhaktinagar Fulbari I gram panchayat Ghora More,Mouza Dabgram , , KURSEONG, West Bengal",734004,SILIGURI,WEST BENGAL,TRUE
SASQ,RRL Bhiwandi Sourcing CJ DARCL,"WH Antariksh logidrome Kukase 29/1/A,29/1/B,40/1,Padgha kalyan road BHIWANDI",,BHIWANDI,MAHARASHTRA,TRUE
SATNA,Smart Hub Satna RRL,Khasra No.75To79 &161168 &173 Village Saristal Satna Panna Main road Tehsil Raghuraj Ngr,485441,SATNA,MADHYA PRADESH,TRUE
SATNA 2,IQBAL AHMAD & SONS,"Maihar Road Nazirabad, Satna (M.P.)",485001,SATNA,MADHYA PRADESH,TRUE
SAUK,RCPL CCB Bhiwandi WH,"C/o Jeena and Company Pvt Ltd ""H 580, D6A Gala 2-2 Richland Commercial Hub Vadpe Village Bhiwandi Maharashta",421302,BHIWANDI,MAHARASHTRA,TRUE
SB01,VF DC KHOPOLI,"BLDG NO B 100, SHED 100, INDRAN LOGISTICS, INDOSPACE INDSUSTRIAL AND LOGISTICS KHOPOLI II COMPLEX VILLAGE AJIVALI TALUKA KHALAPUR RAIGD",410203,MUMBAI,MAHARASHTRA,TRUE
SB39,"Reliance Retail Limited VF Pandra DC, Ranchi","Near Pandra Bazar Samity Oppo Jawa Showroom Pandra Ranchi, Jharkhand",834005,RANCHI,JHARKHAND,TRUE
SB41,Trends Nilakottai DC,Reliance Retail Limited SIPCOT Industrial Complex  NH 7 Plot Nos  A4  A5 & A6 Nilakottai  Pallipatti Village DINDIGUL,624201,NILAKOTTAI ,TAMIL NADU,TRUE
SB52,RRL VF Khurda Shadowfax DC,"A/21A/21/AA/22A/22/BA/22/B P IGST INR 11,886.84 Kholadwar Industrial area Mouza Mukundaprasad Dist Khordha KHURD, Orissa",752055,KHURDA,ODISHA,TRUE
SBI0,"Ram Nagar, Sabarmati","Ahmedabad, Gujarat 380005  Ahmedabad, Gujarat 380005",380005,AHMEDABAD,GUJARAT,TRUE
SBOB,"F-2,Survey No","122/7c,122/2,122/1,118/1,118/7,131,Ayushi Spa BHIWANDI, MAHARASHTRA",42110,BHIWANDI,MAHARASHTRA,TRUE
SC28,LUCKNOW DC,"Digital Lucknow DC Khasra, Village Khasarwara Memoura Pargana Bijnor Tehsil Sarojininagar",226401,LUCKNOW,UTTAR PRADESH,TRUE
SC39,CC VADODARA,GJ ,391775,VADODARA,GUJARAT,TRUE
SC40,CC SABARKANTHA,GJ Q,383001,HIMMATNAGAR,GUJARAT,TRUE
SC52,VD BHOPAL SANCHIT DC,Khasra 111 1 2 Adampur Chawni Village Ad Ps Bilkhirianear Reshmrao Hotel Adampur Adampur Raisen Road Bhopal-462022,462022,BHOPAL,MADHYA PRADESH,TRUE
SC54,VF DC BADLI,"SCHENKER INDIA PVT LTD,  INDOSPACE INDUSTRIAL AREA,  VILLAGE PAHASOUR  FAIZABAD,  PO  BADLI ",124105,JHAJJAR,HARYANA,TRUE
SC60,Cuttack,RRL Khata No 412/64 Chaka No 179 Plot no 358  Rudrapur PO Balianta Bhubaneswar Cuttack Orissa,752101,CUTTACK,ODISHA,TRUE
SC61,Egrocery Pudur TG FC R,"Egrocery Pudur TG F, TG-FC-PUDUR-001,Sy No  594/ Pudur Village, Medchal Malkajgiri District, Pudur, HYDERABAD",501401,HYDERABAD,TELANGANA,TRUE
SC79,KD LGS DC BHIWANDI,"RICHLAND COMMERCIAL HUB BLDG NO D 6A & UNIT NO 12 TO 18 WADPE VILLAGE ROAD, NASIK HIGHWAY BHIWANDI, MUMBAI ",421302,MUMBAI,MAHARASHTRA,TRUE
SC80,QSCPL VF TVS Wadpe Bhiwandi DC,Richland Commercial HubBldg No D6 A & 6B  SN43/1/2A/1C 44/1D/A/C 45/1A/2A/2B 46/1A     Unit No 12 to 18 Wadpe Village Road 1B/C/D/3E/4E/1E/7B/7A A5/6/8 Milestone Nasik Highway Bhiwandi Mumbai,,MUMBAI,MAHARASHTRA,TRUE
SC82,PL - KANCHEEPURAM,"Survey no 93/1B1B and 94/ 3B, Mevelarkuppam village Kanchipuram,Sri Perambudhur Kanchipuram,",602105,KANCHEEPURAM,TAMIL NADU,TRUE
SC86,RRL VF BANGALORE,DBS GROCERY ,560002,BANGALORE,KARNATAKA,TRUE
SD34,CDC-BANUR-RAJPURA-(SF-FOOD),"KhasraNo 1243 1218 1219 1217 1221 1222,295, 289Khatoni364 365khewat294 289khaton, Rajpura DC",,RAJPURA,PUNJAB,TRUE
SD44,CDC LUCKNOW,LUCKNOW,226001,LUCKNOW,UTTAR PRADESH,TRUE
SD78,Cochin Digital DC Reliance Retail Limited,"KER-COC-DC-001,Ernakulam PO, Aluva Sub No 2 / 125 /P, Parackle Warehouse Oorakau Malyidomthruruth  683561 KOCHI ,Kerala",683561,KOCHI,KERALA,TRUE
SD94,KA-DC-SINDHANUR Usha Warehousing,H No 3 14 Sri Puram Junction Rayachoor Dist Sindhanur Karnataka  Karnataka,584128,RAICHUR,KARNATAKA,TRUE
SD95,RRL PL Indore,Reliance Retail Limited INDORE,453551,INDORE,MADHYA PRADESH,TRUE
SE17,RRL VF Hyderabad TVS DC,Reliance Retail Limited Devaryamjal Village Sai Geetha Ashram Rd Shamirpet Mandal Medchal Malkajgiri Hyderabad Telangana,501401,HYDERABAD,TELANGANA,TRUE
SE20,RELIANCE RETAIL LIMITED BANGALORE,"Sy No 14/2 15/4, Adakamaranahalli, Village Dasanapura, Hobli, Banglore –. Karnataka",562123,BANGALORE,KARNATAKA,TRUE
SE27,QWIK TRENDS MIHAN,NAGPUR DC,440001,NAGPUR,MAHARASHTRA,TRUE
SE31,RRL TRENDS - NAGPUR DC,"MIHAN SEZ, Near MADC Main Office, Khapiri Railway STN",441108,NAGPUR,MAHARASHTRA,TRUE
SE32,RRL Trends Sadhrana,"Sadhrana- DC, REVENUE ESTATE OF SADHRANA, GURGAON",122505,GURUGRAM,HARYANA,TRUE
SE35,RRL VF Jamshedpur SFX DC,Reliance Retail Limited Khata no 475 Plot no 804 Baliguma Tana ni 1150 Ward 10 MNAC PS MGM MangoJamshedpur Jharkhand ,831018,JAMSHEDPUR,JHARKHAND,TRUE
SE38,AJIO JHAJJAR JIT DC,"REWARI ROAD, NH 71, GHIJAROD, JHAJJAR",124103,JHAJJAR,HARYANA,TRUE
SE40,CDIT-Hyderabad,"RRLCDIT Hyderabad DC, Reliance Retail Limited, SY328 to 337 358 359 359 361465 475 476 ,Pudoor Village Medchal Mandal, Medchal Malkajgiri District Hyderabad HYDERABAD",501401,HYDERABAD,TELANGANA,TRUE
SE50,MDC-NAGPUR-MIHAN SEZ,"MDC-NAGPUR-MIHAN SEZ(BB-APPS,GM,HF), A DIV OF FUTURE RETAIL LIMITED, NEAR MADC MAIN OFFICE,MIHAN SEZ,WARDH RD, NEAR BAB SAHEB INTERNATIONAL AIRPORT, NAGPUR",441108,NAGPUR,MAHARASHTRA,TRUE
SE59,"RRL, PATNA","Reliance Retail Limited, Proconnect Supplychain Sol Ltd Khata No4, Plot No 8&9 Jairam Nagar, Mahuli Road, Village Khotia, Patna",800009,PATNA,BIHAR,TRUE
SE60,Company RRL-West-Maha-Nagpur Reliance Retail Limit,Company RRL-West-Maha-Nagpur Reliance Retail Limited 20 Cube Warehousing & Distributon Ltd Logistic Warehousing Khasara No 568 Sy No 34 Mouza Gondkhari Tah Kalmeshwar NAGPUR,441501,NAGPUR,MAHARASHTRA,TRUE
SE69,"RRL, JAIPUR","20 Cube Warehousing & Distribution Pvt. Ltd., SP-636 (A-1), Road No. 6, VKI Area",302013,JAIPUR,RAJASTHAN,TRUE
SE82,RRL Footprint Fabric Neelamangala,"   Reliance Retail Limited   Sy 33/2, 33/4 A3 Mahimapura Village  Thyamagondlu hobli   ",562111,BANGALORE,KARNATAKA,TRUE
SE95,RRL PL Yayath,Village Vasna Chacharwadi Taluka  Sanand,382213,AHMEDABAD,GUJARAT,TRUE
SE96,RRL PL SKWL SK Dall Mill,RRL PL SKWL SK Dall Mill & cold storage Plot no  M 226 MIDC Phase 4 Akola Maharashtra ,444104,AKOLA,MAHARASHTRA,TRUE
SF06,RRL TRENDS ECOM MIHAN,NAGPUR,440001,NAGPUR,MAHARASHTRA,TRUE
SF50,RRL PL BRG Amar Cold Chain,"KH No 535/1/1 & 539/1 Village Badiyakima Nemawar Road,  The. Dist Indore, Madhya Pradesh",452016,INDORE,MADHYA PRADESH,TRUE
SF51,RRL RAJKOT,Reliance Retail Limited At Satada No 141 And 142 P2 Shreenathji Industrial Zone 4 Part 2 N A A Plot No 3 Satada Kuvada rajkot   ,360003,RAJKOT,GUJARAT,TRUE
SF52,RRL VF Coimbatore DC,Reliance Retail Limited Sf No 433/1 433/2 433/3 433/4 And 432/2 Part Appanaickenpatti Village Pappampatti Sulur Tk COIMBATORE,641016,COIMBATORE,TAMIL NADU,TRUE
SF69,"Reliance Retail Limited, Jaipur","VF RRL JPR SDFX PL DC, Vishwakarma Industrial Area Vkia Jaipur Rajasthan",302013,JAIPUR,RAJASTHAN,TRUE
SF86,RRL VF Bhopal DC,SS Warehouse and Logistics Sarakiya  Near Mandideep Industrial Area Phase-II  Mandideep Bhopal,462001,BHOPAL,MADHYA PRADESH,TRUE
SF91,RRL PL HR COLD PVT LTD,NA,380001,AHMEDABAD,GUJARAT,TRUE
SF92,RRL VF Grocery SHDFX KOLKATA DC,Reliance Retail Limited Nh 6 Mouza And Village Kulai Under Beldubey Gram Panchayat Paniarah Panchal Howrah,711302,KOLKATA,WEST BENGAL,TRUE
SG-58,KADODARA STORE SURAT,SURAT,394325,SURAT,GUJARAT,TRUE
SG07,INDORE FC,RRL Indore Egrocery FC Shri Vinayak Logistics Sy No 135/1136 Village Baroda Arjun Tehsil Sanwer,453771,INDORE,MADHYA PRADESH,TRUE
SG29,"RRL, SANATHAL, AHMEDABAD","Survey No.44, Babrad Taluka Vajalpur, Near Sanathal Circle, Behind Essar Petrol Pump, Ringroad Sanathal",382210,AHMEDABAD,GUJARAT,TRUE
SG31,BHIWANDI,Pimplas Bhiwandi Shadowfax R S Bhumi World Industria BHIWANDI opposite amantra pimplas Village ,421308,BHIWANDI,MAHARASHTRA,TRUE
SG33,Life Care Indore,"Dewas Indore LC R SH, Reliance Retail Limited,  M/S LIFE CARE 37-38 LASUDIYA MORI, DEWASNAKA A.B. ROAD, INDORE",452010,INDORE,MADHYA PRADESH,TRUE
SG43,RRL PL Gubba Agro Fresh K2,Reliance Retail Limited Gubba Agro Fresh K2 Sy.No.255 Kandlakoya(V) Medchal(M)Medchal  Medchal-Malkajgiri RANGAREDDY,501401,RANGAREDDY,TELANGANA,TRUE
SG61,"RRL, RANALI, VADODARA",NR. KATHIYAWADI HOTEL,300018,VADODARA,GUJARAT,TRUE
SG62,RRL Wagholi Pune ECOM,No. 1364 Property No. 2/0631 Pune Nagar Road Wagholi Pune   ,412207,PUNE,MAHARASHTRA,TRUE
SG84,Trends Unnao Lucknow DC,"Khasra 511 to 532,Village Bajehara NH-25 Pargana Gaurinda,Tehsil Hasanganj-209859,UNNAO",209859,LUCKNOW,UTTAR PRADESH,TRUE
SH09,RRL AJIO B2B khopoli 2 DC,Reliance Retail Limited Building No B 500 Ikshita Logistics Park Indospace logistic Park Khopoli vlg Ajivali taluka Khalapur raigad KHOPOLI,410203,KHOPOLI,MAHARASHTRA,TRUE
SH20,DUMARTARAI RAIPUR,"Khasra No. 193/19 Block G L.K Corporates and Logistics Park NH-30 New Dhamtari Road, Dumartarai",492015,RAIPUR,CHHATISGARH,TRUE
SH50,"RRL, BADLI","Reliance Retail Limited, Distribution Centre ,B1200 Indospace Industrial And logistics Park Pahasour Faizabad Jhajjar Badli Road, Haryana  ",124105,BADLI,HARYANA,TRUE
SH65,RRL VF MH NAGPUR GATI  DC,RRL VF MH NAGPUR GATI  DC Reliance Retail Limited S No 472473474476 Village Khumari S No 4142/1 42/2 43 Village Kakorda Taluka Kalmeshwar Nagpur Maharashtra ,441502,NAGPUR,MAHARASHTRA,TRUE
SH69,RRL VF HR Ambala Grocery DC,"RRL VF HR Ambala Grocery DC Reliance Retail Limited Khasra No 46/20,21,46/12,19,22,46/10/3 46/11,46/9/3, Khewat/Khatoni no.615/793 616/794,Village Mohra , Hadbast no. 188 AMBALA",133004,AMBALA,HARYANA,TRUE
SH71,RRL VF MP Khamkheda Grocery DC,KD Logistics Park Block H  Survey No121/8 124/7124/9127/5117/2117/3117/1 123/1125  Vlg Khamkheda Goharganj Raisen ,462046,KHAMKHEDA,MADHYA PRADESH,TRUE
SH87,MEDAK MANDAL,"B1 Syno 29 And 30, Manoharabad Village, Mandal Medak, Telangana ",502336,MEDAK,TELANGANA,TRUE
SH95,RRL Consumer Brand Aslali Ahm,"Shed No.2, Ground Floor, Block No. 505, Mouje Aslali Taluka Daskroi, Ahmedabad  ",382430,AHMEDABAD,GUJARAT,TRUE
SHDZ,"Block K ,village Farukhnagar, Tehsil ,farukhnagar ",Haryana 122506,122506,HARYANA,HARYANA,TRUE
SHEHERA,VAIDHNATH MAHADEV,"VAIDHNATH MAHADEV LUNAWADA ROAD, SHEHARA, PANCHMAHAL, GUJARAT",389210,Shehera,GUJARAT,TRUE
SHIVSHAKTI,Shiv Shakti Enterprises,"62/5 Keshav Kunj Pratap Nagar, Agra",282010,AGRA,UTTAR PRADESH,TRUE
SHREE GANE,SHREE GANESH OIL DEPOT,"111, GROUND FLOOR, GANI COMPOUND, NARPOLI, BHIWANDI,e ",421302,BHIWANDI,MAHARASHTRA,TRUE
SHYL,"Survey Nos.1,2,4,7,8,9,10,11,12 Of Baswapuram Vill","Hyderabad, Telangana 502279  ",502279,HYDERABAD,TELANGANA,TRUE
SI02,SH65 QSCPL VF MH NAGPUR GATI,"DC,S No 472473474476 Village Khumari,Taluka Kalmeshwar Nagpur Maharashtra",425414,NAGPUR,MAHARASHTRA,TRUE
SI24,"Future Supply Chain Pvt Ld, Koka","Future Supply Chain Pvt Ld Verticle Logistics Park, Koka Village, Koka Post,  Koka District, Jhajjar",124108,JHAJJAR,HARYANA,TRUE
SI58,Smart Hub Kakinada RRL," Kakinada Central Warehouse Corporation New Port Area  Tarvangi Kakinada East Godavari, Andhra Pradesh Kakinada",533007,KAKINADA,ANDHRA PRADESH,TRUE
SI77,Smart Hub Raipur RRL,Power Line Accessories Road Industrial Area Bhanpuri Raipur Chhattisgarh,492003,RAIPUR,CHHATISGARH,TRUE
SI81,SMART HUB CHOMU,Central Warehousing Godown No 1A2A2B 5A 5B Via Udaipuria Po Bhopawas   Tehsil Chomu District Jaipur,303702,CHOMU,RAJASTHAN,TRUE
SI89,Smart Hub Jorhat RRL,Reliance Retail SI89 Limited Kendugirip  Chengeli Gaon Dist Jorhat ,785010,JORHAT,ASSAM,TRUE
SI93,BILASPUR RRL,Central Warehouse 2 Bilaspur Industrial Area Tiffra Bilaspur,495001,BILASPUR,CHHATISGARH,TRUE
SI94,RAIGARH RRL,Kabir Chowk Orissa Road Opp New India Saw Mill  Industrial Area Raigarh,496001,RAIGARH,CHHATISGARH,TRUE
SI95,Smart Hub Goa RRL,"RRL CWC ICD Verna Plot No 50 to 54 Phase III B Verna Industrial Estate Verna Salgette, South GOA GOAICD Verna, South Goa",403722,GOA,GOA,TRUE
SI96,SMART HUB KHANDWA,"RRL, Central Warehousing Corporation, Khandwa, Anand Nagar ","4,50,00,14,50,051",KHANDWA,MADHYA PRADESH,TRUE
SI98,Smart Hub Kotputli RRL,"Godown No. 1D, 3A, 3B, 3C, Central WH Kotputli cement factor Opp Sub dist Jail Vill Ramsinghpura, Gopalpura Road Jaipur, Rajasthan ",303108,KOTPUTLI,RAJASTHAN,TRUE
SIKAR,SMART HUB SIKAR,"RRL Central Warehouse, Sikar Jagmalpura Via Katrathai ",332001,SIKAR,RAJASTHAN,TRUE
SILVASSA,GAJRA HOUSE,"GAJRA HOUSE, NAROLI ROAD, CHAR RASTA, SILVASSA  ",396230,SILVASSA,DADRA AND NAGAR HAVELI (UT),TRUE
SIPL,SIDEL INDIA PRIVATE LIMITED,"SOSYO HAJOORI BEVERAGES PVT. LTD.GAT NO 104/2/A/1 & 104/2/B, BORATE VASTI, NANDUR,POST SAHAJPUR, TAL. DAUND, DIST. PUNE. PUNE -",412202,PUNE,MAHARASHTRA,TRUE
SJ00,Smart Hub Pilkhuwa RRL,Block D Khasra 376 Reliance Rd Bhovapur Opp Jindal Nagar  Dist Hapur PILKHUWA,245304,PILKHUWA,UTTAR PRADESH,TRUE
SJ14,HOSAKOTE,RRL Trends Hosakote 2 DCSy # 12&13 Katha No 119 Of Ekka rajapura Sulibele Hobli Hoskote Taluku Bangalore Rural Dist HOSAKOTE,562129,HOSAKOTE,KARNATAKA,TRUE
SJ40,Vasai Bhiwandi,RCSPL R SH Reliance Retail Limited IND-JMWH-MH-007 Royal Industrial Hub Galla No A/ 117 120 Gharpati No 3211 Village Poonam Next To Kaman Police Chowki Vasai East VASAI ,401208,VASAI,MAHARASHTRA,TRUE
SJ48,"CDIT DHARWAD DC,Reliance Retail Limited","Central Warehouse No 129/B Kiadb,Belur Industrial Area,Dharwad",580011,DHARWAD,KARNATAKA,TRUE
SJ61,RRL Smart Hub Burdwan,Reliance Retail Limited Central Warehouse Sadarghat Road Dist Burdwan BURDWAN,713101,BURDWAN,WEST BENGAL,TRUE
SJ80,Smart Hub Bhind RRL,"Central Warehouse Godown No.1, Lahar Road Industrial Area",477001,BHIND,MADHYA PRADESH,TRUE
SJ81,Smart Hub Bikaner RRL,"Central Warehouse Opposite, Govt Engineering College, Karmi Industrial Area Phase Ii Bikaner",334004,BIKANER,RAJASTHAN,TRUE
SJ83,"CENTRAL WAREHOUSE, MORENA","NEAR KRISHI MANDIR PARISAR, NAINAGARH ROAD ",476001,MORENA,MADHYA PRADESH,TRUE
SJ89,SANGLI,Tanangtalsli Solapur Yayath R SH Reliance Retail Limited Gajanan Prasad Warehouse G No 196A/P Tanangtal Miraj Dist Tanang Sangli ,416410,SANGLI,MAHARASHTRA,TRUE
SJ93,RRL CDIT FARRUKHNAGAR,"DC ,Embassy Industrial Park, Haryana    ",122506,FARRUKHNAGAR,HARYANA,TRUE
SJ99,RRL Digital Chennai DC ),"RRL Digital Chennai DC Reliance Retail Limited Survey No.461/2C Redhills-Ambattur Road Puzhal Village, Ambattur Taluk 600062 Chennai",600062,KANCHEEPURAM,TAMIL NADU,TRUE
SK00,Smart Hub Bharatpur RRL,Reliance Retail Limited Central Warehouse Plot No G 162 To 165 & F 166 To 171 Brij Industrial Area Behind Nafed Plant  ,321301,BHARATPUR,RAJASTHAN,TRUE
SK14,METRO CASH & CARRY INDIA PVT LTD (Reliance Retail ,"Khewat No 3 Khatauni No 6  Vill Bir Bahadurgarh PATIALA, Punjab ",147021,PATIALA,PUNJAB,TRUE
SK3N,Reliance Retail Limited Hyderabad,"RRL TS Hyd Go Green PL DC RRL-TS-HYD-PL-DC Go Green Warehousing Survey No 667 House Number 14 61/1 Chamber No 2 Medchal Village Medchal Malkajgiri, HYDERABAD, Telangana",501401,HYDERABAD,TELANGANA,TRUE
SK49,RRL Ajio B2B HOSUR,Avigna Space Industrial & Logistics Park Box No B1 A Nagondapalli Village Denkanikota Road Hosur Taluk Krishnagiri,635110,HOSUR,TAMIL NADU,TRUE
SK61,Smart Hub Raichur RRL,"Smart Hub Raichur RRL, Central Warehouse, Sy No 52/1 Kukanur Village Near,  Yarmarus Camp Raichur, RAICHUR",584102,RAICHUR,KARNATAKA,TRUE
SK6C,Bavla DC,"RRL VF GJ AHM Bavla Grocery DC Wh No 2 Uno Logistics Park  Village Kochariya Bavla Rajkot Highway, AHMEDABAD ",382220,BAVLA,GUJARAT,TRUE
SK6D,GUWAHATI,"Distribution Centre M/S Achyut Corporation, Amingaon Hajo Road Guwahati,  GUWAHATI, Assam ",781031,GUWAHATI,ASSAM,TRUE
SK6F,BJSM Logistics Park,"Banur tepla road, Vill-Kheri Gurna telpa Tehsil- Rajpura - Punjab ",140417,RAJPURA,PUNJAB,TRUE
SK6I,RRL VF Surat Vesma DC,Reliance Retail Limited  GJ-DC-VAS-001-A Block No 533 534 Near Mangalam 93 534 Canal Road Vesma Chokdi Surat Mumbai Highway Vesma Navsari  SURAT Gujarat  India,396475,SURAT,GUJARAT,TRUE
SK6W,QSCPL VF Surat Vesma DC QWIK Supply Chain Private ,Block No 533 534 Near Mangalam 93 534 Canal Road Vesma Chokdi Surat Mumbai Highway Vesma Navsari SURAT ,396475,SURAT,GUJARAT,TRUE
SK7F,HOWRAH,"Distribution Centre , Abhigamya Logistics Pvt Ltd  Mouza 22 , Dag No 665666 & 667 ,  Vlg Sankharidaha Domjur, P O Begri , HOWRAH , West Bengal ",711411,HOWRAH,WEST BENGAL,TRUE
SK7Y,Consumer Brand Lucknow RRL,Reliance Retail Limited 325/4 Dhawapur Bani Mohanlalganj Road Lucknow – Lucknow ,226401,LUCKNOW,UTTAR PRADESH,TRUE
SK8I,RRL VF UK Haridwar DC,Reliance Retail Limited Khasra No 1827 28 30 Salempur Mehdood Opp Prince Pipe Pvt Ltd Denso Chowk Bhadrabad Haridwar HARIDWAR,249402,HARIDWAR,UTTARAKHAND,TRUE
SK8M,RRL Smart Hub Pilakhwa RRL,Smart Hub Pilakhwa RRL Reliance Retail Limited Block D Khasra 376 Reliance Road Bhovapuropp Jindal Nagar Pilkhuwa  HAPUR,245304,PILKHUWA,UTTAR PRADESH,TRUE
SK8Q,Beauty Nagpur DC,Beauty Nagpur DC Reliance Retail Limited Logistic Park Kh No 103 Mouza Nimji Tal Kalmeshwar Dist Nagpur ,441501,NAGPUR,MAHARASHTRA,TRUE
SK96,MANDOLI,DELHI,110093,DELHI,DELHI,TRUE
SKAD,UJJAIN,Ujjain Indore NWCC 754 1 Min 6 Vill Undasa Shree Geeta Wh Shankarpur Madhavpura   ,456001,UJJAIN,MADHYA PRADESH,TRUE
SKAL,RRL HR-GGN SAMPKA PL DC,"Khasra, Village Sampka Tehsil Farrukhnagar",122001,FARIDABAD,HARYANA,TRUE
SKAP,C/O Origin Logistics Pvt Ltd,"Bldg No E4,Gala 1 2, Opp. Ingram Warehouse, Complex Nr Vadape Police Station, BHIWANDI, Maharashtra",421302,BHIWANDI,MAHARASHTRA,TRUE
SKAR,Reliance Retail Ltd. Adalaj Warehouse, No B 16 Modern Builders Chandkheda Adalaj Road Adalaj Gandhinagar AHMEDABAD,382421,ADALAJ,GUJARAT,TRUE
SKDR,NAGPUR,"RRL S No 471/1 To 476 Mouza Khumari Kanyadol To Khum KALAMESHWAR, NAGPUR     ",441502,NAGPUR,MAHARASHTRA,TRUE
SKDX,RRL 20 Cube Warehousing & Distribution Ltd,Corporate Sector Plot No 1 Jrg Logistic Park Dakachya AB Road Indore Madhya Pradesh,453771,INDORE,MADHYA PRADESH,TRUE
SKFG,RRL TN CHN Ponneri SS CS DC S MINJUR,RRL TN CHN Ponneri SS CS DC S No 215/1  Jayaramapuram Road Nalur Village Minjur Ponneri Taluk MINJUR   ,601203,MINJUR,TAMIL NADU,TRUE
SKFV,RRL TALUKA KHEDA,Reliance Retail Limited Gala no1 Shed C Rudraprata Logistic Park Sy No 114 115 116 Nr Cocacol Factory NH8 Village Kajipura Taluka Kheda ,387530,KHEDA,GUJARAT,TRUE
SKFY,SITAPURA,JAIPUR,302022,SITAPURA,RAJASTHAN,TRUE
SKGV,Madhyamgram Kolkata,IPISPL R SH Reliance Retail Limited 15/A Gustia School Road Mouza Gatithaps Barsat Under Barasat Municipal Viagustia School Road Madhyamgram,700128,MADHYAMGRAM,WEST BENGAL,TRUE
SKHC,Smart Hub Dhanbad RRL,Reliance Retail Limited Nh2 Godown 3 Mouza & Kashi Tand No 125124 Khata No 561011 1320 Plt no 368990 91369375 377381 3851022&1026  DHANBAD,828109,DHANBAD,JHARKHAND,TRUE
SKHG,RRL PALSANA,martHub Palasana 3PL RRL  Reliance Retail Limited  Bl No61 B/ Htribuvan Polymers Old makhinga  Near Palsana Chokdi Makhinga Taluka Palsana PALSANA,394315,PALSANA,RAJASTHAN,TRUE
SKHK,Smart Hub Mundka,3PL RRL Reliance Retail Limited DL-DC-MUN-001-RRL Khasra No 247 248 249/1 Hirankundna Mundka West Delhi Delhi,110041,DELHI,DELHI,TRUE
SKHM,SmartHub Jabalpur,Khasra No16/116/416/618/2 Gram Bineki Halka No 40 Tehsil Patan     JABALPUR,482002,JABALPUR,MADHYA PRADESH,TRUE
SKHR,CC Jivannagar Sirsa," Sarkar Kinoow Plant , RIICCO Industrial Area, Near Kisan Kanta , Shriganganagar , Rajasthan",,SHRIGANGANAGAR,RAJASTHAN,TRUE
SL 61,"RRL, JABALPUR",Reliance Retail Limited  Logistics Park H-30 at village Padwarkar Near Katani Bypass Square Tehsil  Panagar  JABALPUR,482002,JABALPUR,MADHYA PRADESH,TRUE
SL06,RRL MH Khopoli PL DC,Reliance Retail Limited Bldg No B 100 Shed 100 Indran Logistics At Indospace Industrial Khopoli Complex Village Ajivali Taluka Khalapur Raigad KHOPOLI,410203,KHOPOLI,MAHARASHTRA,TRUE
SL1L,"RRL, JHAJJAR","RELIANCE RETAIL LTD, INDUSTRIAL PLOT , JHAJJAR HARYANA VILLAGE DADRI TOE  JHAJJAR HARYANA  ",124103,JHAJJAR,HARYANA,TRUE
SL1Q,BULANDSHAHR,"RRL-NORTH-UP-SIKANDRABAD, Reliance Retail Limited, Damco India Pvt Ltd Vry Logtic Park Llp, Sikandrabad Dehat, Near Sirondhan Mod Sikandrabad, BULANDSHAHR",203205,BULANDSHAHR,UTTAR PRADESH,TRUE
SL1W,RRL MH Bhiwandi Sagar Complex,RRL MH Bhiwandi Sagar Complex GCR DC Reliance Retail Limited Gala No 1 To 13 Owali Village BHIWANDI ,421302,BHIWANDI,MAHARASHTRA,TRUE
SL24,Smart Hub Chindwara RRL,RRL Chindwara,480001,CHINDWARA,MADHYA PRADESH,TRUE
SL26,Smart Hub Sheopurkalan,"Smart Hub Sheopurkalan RRL, SHAHPUR",476337,SHAHPUR,MADHYA PRADESH,TRUE
SL2M,PBG Prozo Hyderabad,"Prozo Distribution Pvt Ltd, B1 Syno 29 And 30 Manoharabad Village, Mandal Medak Telangana,",502336,MEDAK,TELANGANA,TRUE
SL32,Smart Hub Balaghat,"Central Warehouse Godown No 3 Balaghat Waraseoni Road, Garra",481001,BALAGHAT,MADHYA PRADESH,TRUE
SL3N,PBG ProConnect Kochi,"RRL-SOUTH-KL-ERNAKULAM, Reliance Retail Limited, Proconnect Supply Chain Solution Limited, Block N24 Survey N94 11 9 2&91 11 2, Kunnathunadu Perumbavoor Ernakulam ERNAKULAM",686670,ERNAKULAM,KERALA,TRUE
SL47,AURANGABAD Central Warehouse,"Central Warehouse Plot No 91 Midc Area Chikalthana, AURANGABAD",431003,AURANGABAD,MAHARASHTRA,TRUE
SL4C,Distribution Centre ; Indospace Industrial Park,"Building No. B-700, Plot No. D-223/4, Chakan MIDC Phase- II, Village - Bhamboli, Pune Rural (Maharashtra) ",410501,PUNE,MAHARASHTRA,TRUE
SL53,Smart Hub Gwalior RRL,Plot No 72 & 73 Gospura Industrial Area Behind Cimmco Steel Foundry Gole Ka Mandir Birla Nagar GWALIOR,474004,GWALIOR,MADHYA PRADESH,TRUE
SL55,Smart Hub Mandsaur RRL,Reliance Retail Limited Ware House GF Village Ajijkhedi Mhow Nazirabad Road Mandasaur Tehsil Mandsaur,458667,MANDSAUR,MADHYA PRADESH,TRUE
SL61,N4B MEDIA,"Plot No. 76, Khasra No. 490, New Po, New Delhi  ?",110077,DELHI,DELHI,TRUE
SL6S,RRL VF RJ  Jaipur Motu Ka Bas CPC,Kh No 76 To 96 98 118 To 126135 & 136 Village Motu Ka Bas Tehsil Amer JAIPUR- 303704,303704,JAIPUR,RAJASTHAN,TRUE
SL75,Smart Hub Narsinghpur," Narsinghpur RRL, MP",487001,NARSINGHPUR,MADHYA PRADESH,TRUE
SL80,Godown No 5678 Central Warehousing Corporation,"Godown No 5678 Central Warehousing Corporation plot No Sp 1 RIICO Industrial Area Sitapura II JAIPUR, Rajasthan ",302022,JAIPUR,RAJASTHAN,TRUE
SL95,Reliance Retail Limited Daga,Reliance Retail Limited Daga No 383 384 Patta No 74 Chotahapjan Gaon Moouza  hapjan TINSUKIA,786170,TINSUKIA,ASSAM,TRUE
SL9I,Smart Hub Ludhiana,"Dugri RRL  Reliance Retail Limited Village Dugri Hadbast No 220 Tehsil Payal District Ludhiana LUDHIANA, Punjab",141002,LUDHIANA,PUNJAB,TRUE
SL9J,MAHUL,"Reliance Retail Limited,Smart Hub , Warehouse/Shed no 1, 2,4,5,6 and 31, Block no ACF Ground bearing CTS no 596,A, M Ward , Chembur, Mumbai Suburban  ",400074,MUMBAI,MAHARASHTRA,TRUE
SL9T,"RRL Sulthanpur Trends DC,","Industrial Plot N1 Street Nimana Sector5,Model Economic Township Tehsil Badli,District Jhajjar Haryana  ",124103,JHAJJAR,HARYANA,TRUE
SLA8,RRL-Trends DC-Nagpur,"Mayur Logistics Park Kalmeshwar Road, Nimji Mauza- Nimji, NAGPUR",441501,NAGPUR,MAHARASHTRA,TRUE
SLAD,Smart Hub Amravati RRL,Central Warehousing Corporation Ward no 21 AMRAVATI,444601,AMRAVATI,MAHARASHTRA,TRUE
SLAH,Smart Hub Jodhpur RRL,Smart Hub Jodhpur RRL Reliance Retail Limited Central Warehouse Khasra No 51/4 51/5 Salawas Jodhpur Rd Tanawara JODHPUR,342013,JODHPUR,RAJASTHAN,TRUE
SLAJ,"RRL, NANDED","Reliance Retail Limited Central ware house corporation block 178, bhaygaon road Tuppa Nanded   ",431603,NANDED,MAHARASHTRA,TRUE
SLBA,BARMER FC,"Central Warehouse Corporation, Barmer Mithra Road Bahabar",344001,BARMER,RAJASTHAN,TRUE
SLBC,Beawar FC,Smart Hub Beawar RRL Front Of Riico Industria gram Gohan?a  ,305901,BEAWAR,RAJASTHAN,TRUE
SLBN,SLBN Smart Hub Nagpur RRL / MP,SMART HUB NAGPUR,440005,NAGPUR,MAHARASHTRA,TRUE
SLBO,Smart Hub Satna RR,Ruchi Infrastructure Limited Khasra No 75To79 &161168 &173 Village Saristal Satna Panna Main Rd Tehsil Raghuraj Ngr    ,485441,SATNA,MADHYA PRADESH,TRUE
SLCE,Smart Hub Udaipur RRL,Central Warehouse Godown No 1A1B&3 Opp Fci Depot Udaipur Depot,313001,UDAIPUR,RAJASTHAN,TRUE
SLCS,RRL MH Nagpur SWC PL DC,Sarda Warehousing Plot No 4 Kh No 18/4/A P.H No 24 Th.Kamptee Dist-Nagpur Maharashtra NAGPUR,441001,NAGPUR,MAHARASHTRA,TRUE
SLD3,SM Logistics & Warehousing Co Pvt Ltd,"Khasra No 71/2, Village Ghevra, Mundka, Delhi",110081,DELHI,DELHI,TRUE
SLDH,Smart Hub Bidar RRL,"Smart Hub Bidar,KR-DC-BID-001-RRL, Plot No 10 Naubad Industrial Area, Sy No 60 Naubad Village, BIDAR",585402,BIDAR,KARNATAKA,TRUE
SLDL,JHUNJHUNU,CWC Godown JHUNJHUNU,333001,JHUNJHUNU,RAJASTHAN,TRUE
SLDN,Smart Hub Satara RRL,Reliance Retail Limited Mswc Plot No 4  New Midc Satara ,415004,SATARA,MAHARASHTRA,TRUE
SLDP,Smart Hub Vashi Mumbai RRL,"Central Warehouse, Sector 20,  Near Turbhe Railway Station, Vashi",400703,VASHI,MAHARASHTRA,TRUE
SLDV,Smart Hub Damoh RRL,Survey No 73/173/2 & 357/1 357/2 Damoh Panna Road     ,470661,DAMOH,MADHYA PRADESH,TRUE
SLE8,RRL VF Badli DC 2,"RRL VF HR Badli IndoSpace Grocery DC Building No B 1100 Indospace Industrial Park Pvt Ltd badli vlg Pahasour faizabad Po Badli Jhajjar Badli Road Badli , Haryana ",124105,BADLI,HARYANA,TRUE
SLEB,RRL MH Nagpur OCLP6 Grocery DC,Reliance Retail Limited C/o Unit No-6 OCLP KHASARA NO 17 PATWARI HALKA-72 MOUZA SHIVMADKA MOUZA KOTEWADA TAHSIL-HINGNA NAGPUR,441122,NAGPUR,MAHARASHTRA,TRUE
SLEG,Jamnagar STO NO,Smart Hub Jamnagar RRL Reliance Retail Limited  Reliance Dc   Plot No 1 To10 &18To46 Survey No 176/1   Near Railway Crossing Moti khavdi JAMNAGAR                             ,361140,JAMNAGAR,GUJARAT,TRUE
SLET,Patna DC,RRL VF BR Patna Grocery DC Reliance Retail Limited- Patna ,800007,PATNA,BIHAR,TRUE
SLEV,Raipur DC,QSCPL VF CG Raipur Grocery  DC Khasra No 681/1 684/1 684/2 684/3 684/4 Near Flyover Ring road no 3  Vlg Tekari RAIPUR,493111,RAIPUR,CHHATISGARH,TRUE
SLEW,"Reliance Retail Limited, Raipur",Khasra No 681/1 684/1 684/2 684/3 684/4 684/5 684/6 684/7 & 687/2 Ph No 23 Near Flyover Ring road no 3 vlg Tekari RAIPUR,493111,RAIPUR,CHHATISGARH,TRUE
SLG3,RRL VF TN CHN Oragadam,Grocery DC San Logistics Parksh 48 Survey N203/2203 4203/5204/1204/2 Oragadam Walajabad Rd 631604 KANCHIPURA Tamil Nadu,631604,KANCHIPURA,TAMIL NADU,TRUE
SLG6,RRL VF MP Nimrani PL DC,"Tirupati Warehoushing Village Magarkhedi Tehsil  Khasrawad KHARGONE, Nimrani  ",451660,NIMRANI,MADHYA PRADESH,TRUE
SLGI,SMART HUB BEGUSARAI RRL,"RRL DC Central Warehouse Corporation Begusarai, Krishi Bazar samiti Begusarai Rosara road Panhas, Begusarai     ",851101,BEGUSARAI,BIHAR,TRUE
SLGQ,Smart Hub Katihar RRL,Reliance Retail Limited Central Warehouse Marketing Yard Tingachhiya District KATIHAR,854105,KATIHAR,BIHAR,TRUE
SLHB,Smart Hub Jhansi RRL,Reliance Retail Limited Central Warehouse Gd No1A1B1C3A3B Near Sbi Mandi Branch Mandi Yard Jhansi CHIRGAON,284301,JHANSI,UTTAR PRADESH,TRUE
SLI1,RRL AJIO B2B Panchla DC,"Reliance Retail Limited,Dag No 248 249 250 Khatian No 1037 1359, Mouza Surikhali Basudev Gram Panchayet, Ps Uluberia Dist Howrah, Kolkata  ",711310,KOLKATA,WEST BENGAL,TRUE
SLIG,RRL VF Kamrup Grocery DC,Village Madanpur Mouza Modartola Kamlapur Revenue Circle KAMRUP ,781101,KAMRUP,ASSAM,TRUE
SLII,RRL VF UP Lucknow Grocery DC,"RRL VF UP Lucknow Grocery DC Reliance Retail Limited Rrl Dc Central Warehouse Mohan Road New Bawli Police Chowki, Lucknow LUCKNOW",226017,LUCKNOW,UTTAR PRADESH,TRUE
SLJ1,KOLHAPUR,"Smart hub Kolhapur Galaxy Auto RRL, Galaxy Auto Axle Private Ltd 324 Village Wathar Turf Vadgaon Nh 04 Tal Hatkangale	 ",416112,KOLHAPUR,MAHARASHTRA,TRUE
SLJ2,PATIALA 2,RRL-NORTH-PB-PATIALA Reliance Retail Limited Stellar Value Chain Solutions Ltd C/O Pragati Wh Llp Banur Shambhu Rd Village Rajgarh Dist Rajpura Patiala ,140401,PATIALA,PUNJAB,TRUE
SLJG,Smart Hub Bareilly RRL,Reliance Retail Limited Gate No 523 & 530 Village Umarsia Near Itbp Bukhara Faridpur Road  BAREILLY,243001,BAREILY,UTTAR PRADESH,TRUE
SLJR,Smart Hub Miraj RRL,"Reliance Retail Limited CWC Miraj Central Warehousing Coporation P-8,Block-C MIDC Industrial Area,Sangli Miraj",416410,SANGLI,MAHARASHTRA,TRUE
SLKO,DIGITAL HOWRAH,"Reliance Retail Limited Digital DC Dag No. 248249250, Khaitan No. : 1037, 1359 Mouza : 1359, Surakhali, PS - Uluberia, Panchla Block, Dist : - Howrah, WB -",711310,HOWRAH,WEST BENGAL,TRUE
SLLE,JAGDALPUR,"Khasra no 63 PH no 9, NH43, vill: Nakti Samera PO adawal jagdalpur, ",494001,JAGDALPUR,CHHATISGARH,TRUE
SLLL,Smart Hub Hinganghat RRL,"Smart Hub Hinganghat, Wardha ",442301,ADALAJ,GUJARAT,TRUE
SLLN,RRL Siliguri Digital DC,"Reliance Retail Limited Sahudangi Land Siliguri, Jalpaiguri ",735135,SILIGURI,WEST BENGAL,TRUE
SLLT,PATNA,"Distribution Centre , Thana N44 Khata N543527 & 475 Kh N1402 , 1404 1405429/2112 Ramkripal Singh Campus Sabalpur Didarganj Ps Nadi Patna , PATNA, Bihar ",800009,PATNA,BIHAR,TRUE
SLM2,RRL PL nagpur,"Gati Realtors Pvt Ltd S No 471 To 476, Mouza Khumari Ps K 12 Khasra No 41 43, Mouza Kokarda Khumari Tehsil Kamleshwar,   ",441502,NAGPUR,MAHARASHTRA,TRUE
SLM3,Indore HUB,"Distribution Centre Shri Vinayak Logistics Sy No 135/1136/1141/1/1 & 142/1/2 Ab Rd Village Baroda Arjun Tehsil Sanwer INDORE, Madhya Pradesh  ",453771,INDORE,MADHYA PRADESH,TRUE
SLM4,Unity Logistics Park Jabalpur,NH-30 at village Padwarka Near Katani Bypass Square Tehsil  Panagar     JABALPUR ,482002,JABALPUR,MADHYA PRADESH,TRUE
SLMD,Kanpur,"Khasra No 137A 137B And 142, Village Sujanpur, Bhimsen Road,, Kanpur ",209305,KANPUR,UTTAR PRADESH,TRUE
SLMJ,Yavatmal,Plot No C 162 C Zone Yavatmal Industrial Area Mouza Lohara Yavatmal Municipal Corporation     YAVATMAL ,445001,YAVATMAL,MAHARASHTRA,TRUE
SLMP,SMART CHANDKHEDA,AHMEDABAD,,AHMEDABAD,GUJARAT,TRUE
SLMR,RRL VF OR Mukundprasad Grocery DC,Reliance Retail Limited IDOC Plot No: E/5 Plot No. 2285/2599(Part) Village Mouza Mukundprasad Tahasil- Khordha ,752057,KHURDA,ODISHA,TRUE
SLNC,Smart Hub Jalna,RRL Smart Hub Jalna,431203,JALNA,MAHARASHTRA,TRUE
SLNJ,NASHIK,NASHIK,422001,NASIK,MAHARASHTRA,TRUE
SLNK,Shed No 1 Plot No 54,"Shed No 1 Plot No 54, Trambak Road Midc Satpur 422007 Nashik",422007,NASIK,MAHARASHTRA,TRUE
SLO5,"Himanshu Garg,Shri Ganesh Traders,","Himanshu Garg,Shri Ganesh Traders,""Cv/23, Choudhary Vihar,""""Behat Road, Saharanpur",247001,SAHARANPUR,UTTAR PRADESH,TRUE
SLOR,RRL CDIT Dehradun Digital DC,DEHRADUN,248001,DEHRADUN,UTTARAKHAND,TRUE
SLP9,Distribution Center,"Dag N495 Under Patta N1 Murmuria Revenue Vlg Of Cinnamara Grant Jorhat East Circle Under Garmur Mouza JORHAT, Assam ",785008,JORHAT,ASSAM,TRUE
SLPB,Smart Hub Neemuch,"RRL Survey No. 711,712,713/1/2/3 & 37,38 Vill Semli Choudhry & Jamuniyakalan Mhow-Neemuch road Dist Neemuch",458441,NEEMUCH,MADHYA PRADESH,TRUE
SLQU,SMART HUB BHADRAK RRL,Bhadrak,,BHADRAK,ODISHA,TRUE
SLQW,Smart Hub Dhule RRL,"Plot No F 1 Of Additional Midc Dhule Within Ltd Of Dhule Tahsil Dhule, District Dhule",424006,DHULE,MAHARASHTRA,TRUE
SLS1,VF DC TRICHY,Rec. Loc.:- RRL Grocery Trichy DC  Sf No-882/1 Word- C Block -14  Trichy Chennai NH Bypass Road  Thiruvanaikoil Srirangam Taluk  620005 Trichy,620005,TRICHY,TAMIL NADU,TRUE
SLS2,RRL VF AP Nunna WH Vijayawada GCR DC,Reliance Retail Limited Sy Nos 446 P 447 P 469 P Ground Floor Polavaram Canal Road Nunna Village Vijaywada Rural Mandalkrishna District VIJAYAWADA AP ,521212,VIJAYAWADA,ANDHRA PRADESH,TRUE
SLS8,VK TRADERS,"VK Traders ; Partap Bagh, Jalandhar",144001,JALANDHAR,PUNJAB,TRUE
SLSH,Smart Hub Tezpur RRL,Dag No 72 To 77 Pattano 239724013149 At Village Dui Depota Major Pathar Mouza Bhairabpad Sontipur      TEZPUR,784150,TEZPUR,ASSAM,TRUE
SLTM,VF RRL JPR SDFX PL DC Reliance Retail Limited,M/S Shadowfax Plot No C 148 Road No 9J Vishwakarma Industrial Area Vkia Jaipur Rajasthan JAIPUR ,302013,JAIPUR,RAJASTHAN,TRUE
SLTP,RRL-AJIO B2C IM DC Badli 2,RRL-AJIO B2C IM DC Badli 2 Reliance Retail Limited Building No B 1000 Indospace Industrial And Logistics Park Vlg Pahasour Faizabad Jhajjar Badli Roadtehsil Badli  JHAJJAR,124105,JHAJJAR,HARYANA,TRUE
SLTY,DIGITAL DC AHMEDABAD,AHMEDABAD,382220,AHMEDABAD,GUJARAT,TRUE
SLUI,SLUI Nimrani,Reliance Retail Limited Mewara Agro Services khasrs No 208/3/2 Village Khalbujurg Tehsil Khasrawad Dist Khargone,451660,KHARGONE,MADHYA PRADESH,TRUE
SLW5,"KULANA, PATAUDI, JHAJJAR","Distribution Centre, Khasra No 110/2 1 19, Kulana Po Kulana Village Kulana Patauda, JHAJJAR, Haryana ",124108,JHAJJAR,HARYANA,TRUE
SLWB,Smart Hub Jitwarpur Samastipur,RRL Reliance Retail Limited Central Warehouse Samastipur P O Jitwarpur Distt Samastipur SAMASTIPUR,848101,SAMASTIPUR,BIHAR,TRUE
SLWL,Smart Hub Bamnoli RRL,BAMNOLI LUHARI HORECA Reliance Retail Limited Khasra Number 88/1 Village Bamnoli Firni Road DELHI,110077,DELHI,DELHI,TRUE
SLWM,PIMPLAS BHIWANDI HORECA,Building No C12 Unit No 1314 Bhumi World Park Pimplas Village  Mumbai Nasik Highway Before Kalyan Bhiwandi Naka,421302,BHIWANDI,MAHARASHTRA,TRUE
SLX2,SMART HUB SAGAR,"Smart hub Sagar-Madhya Pradesh- RRL / SY No 21,22,23 / SAGAR  ",470002,SAGAR,MADHYA PRADESH,TRUE
SLZM,SMART HUB DARBHANGA RRL,"Cwc Apmc Yard Shiv Dhara Darbhanga,  Bihar ",846004,DARBHANGA,BIHAR,TRUE
SM1B,Digital Jammu DC RRL,Phase 2 Sidco Industrial Complex Bari Barahmana,180010,JAMMU,JAMMU & KASHMIR,TRUE
SM9X,RRL-EAST-BHUB-KHURDA,"Reliance Retail Limited, Proconnect Supply Chain Solution Limited, Chalah Infratech Pl N922 2815 Giringaput, Po Mendhasal District Khurda",752054,KHURDA,ODISHA,TRUE
SMKS,SANKAT MOCHAN KIRANA,"SANKAT MOCHAN KIRANA STORE,3/2,LALANAGAR,RAJPIPLA CHOWKDI,GIDC ROAD,NR.HOTEL SADANAND,ANKLESHWAR,BHARUCH",393002,BHARUCH,GUJARAT,TRUE
SN1C,BuldgN4Santosh Wh Complx," -Vlg Dhansar, Shilphata Panvel Road Taloja-410208",410208,PANVEL,MAHARASHTRA,TRUE
SN1D,BANGALORE,Schenker India Pvt Ltd Survey Number 31 2 31 3 And 31 4 Mahimapura Village Thyamagondlu Hobli,562127,BANGALORE,KARNATAKA,TRUE
SN1U,RRL VF WB Ganesh Complex KOL WB,HOWRAH,,HOWRAH,WEST BENGAL,TRUE
SN9J,NEW DELHI,"Plot No. 62/4/1, 62/3 Netaji Subhash Vihar, Tikri Kala, Rothak Road,   Mundka, Narela Zone, New Delhi",110041,DELHI,DELHI,TRUE
SNRD,"Behind Keya Engineering, Near Swarnim Garden","  Surendranagar, Gujarat 363001",363001,SURENDRANAGAR,GUJARAT,TRUE
SO1X,Consumer Brand- Bangalore RRL,Reliance Retail Limited Survey No 43 & 44/7 Khatha No 226/28 Budhihal At Post Kasaba Hobli Nelamangala Taluk Bangalore Rural,562123,BANGALORE,KARNATAKA,TRUE
SOHD,AMAZON SELLER- SIROHI,"Shop No 3, Shivaj Highway Road  Sirohi, Rajasthan 307001",307001,SIROHI,RAJASTHAN,TRUE
SOLAN,Eminence Agencies,"Khasra No 754/1756/1755,Sector -2, Gabriel Road, Parwanoo, Dist -Solan, Himachal Pradesh,",173220,SOLAN,HIMACHAL PRADESH,TRUE
SOLAPUR,MILIND TRADERS,"23,24,25 Siddeshwar MarKet Yard,(Solapur) Maharashtra",413005,SOLAPUR,MAHARASHTRA,TRUE
SONEPUR,AMAR JYOTI STORE,"M/S. AMAR JYOTI STORE, DURGA MANDAP CHOWK, SONEPUR",767017,SONEPUR,ODISHA,TRUE
SONIPAT,DISHA ENTERPRISES,"DISHA ENTERPRISES,NEAR LITTLE ANGEL SPORTS COMPLEX GALI NO 3 SHANTI VIHAR COLONY, SONIPAT",131001,SONIPAT,HARYANA,TRUE
SP1C,Smart Hub Neelambur RRL,"Vijeya Complex Shree Vijeya Transport, No 1/156 Wh Box No 1 Part Area 3, Velumani Industrial road Off Avinashi Rd, COIMBATORE ",641014,COIMBATORE,TAMIL NADU,TRUE
SP9K,RRL VF MH Kolhapur GCR DC,Building Rajesh Motors Gat No 323324  Kolhapur Maharastra ,416003,KOLHAPUR,MAHARASHTRA,TRUE
SQ1N,RRL VF UP Pakhana PL DC,Sushil Kumar Godowngd No 04 Khewat No 323 Khatauni No 380 Village Pakhana Tehsil Nilokher,132116,NILOKHERI,HARYANA,TRUE
SQ9W,"DC, THANE",THANE,421204,THANE,MAHARASHTRA,TRUE
SRINAGAR,M/S Wani Auto Spares B.K Pora (NOWGAM),"Shrinagar, Kashmir ",190015,SRINAGAR,JAMMU & KASHMIR,TRUE
SRINAGAR 2,N.A. Telecom,Novgam near railway bridge Srinagar,190015,SRINAGAR,JAMMU & KASHMIR,TRUE
SRINAGAR2,MADIVET AGENCIES,"ABI GUZAR, THE BUNDSHEIKH BAGH SRINAGAR, JAMMU AND KASHMIR",190001,SRINAGAR,JAMMU & KASHMIR,TRUE
STANDARD T,STANDARD TELETRONICS,ANAND C-185 ROAD N0-9 VKI SIKAR ROAD  Near RANI SHANI DHARAM KANTA JAIPUR PINCODE 302013    ,,JAIPUR,RAJASTHAN,TRUE
STFA,SIMPLY TASTY FOODS AND BEVERAGES PRIVATE,"SIMPLY TASTY FOODS AND BEVERAGES PRIVATE,BESTECH PARKVIEW GRAND SPA, G-1001, SECTOR-81, -",122004,GURGAON,HARYANA,TRUE
STVD,"R.s.no 248,262/2, 263, Block No 237/b,","Surat, Gujarat 395010",395010,SURAT,GUJARAT,TRUE
SU90,JAIPUR,"Plot No- E-205, ROAD NO.9E, V.K.I. AREA, Jaipur, Rajasthan -",302013,JAIPUR,RAJASTHAN,TRUE
SUPAUL,SRISHTI ENTERPRISES," NA, NEAR DURGA MANDIR WARD NO 13, TRIVENIGANJ  Supaul Bihar",852139,SUPAUL,BIHAR,TRUE
SURAT,RRL SURAT,RELIANCE RETAIL LIMITED,395003,SURAT,GUJARAT,TRUE
SURAT1,Rachana Housing,"Ground Floor, Plot No. 347, Shop No. 1 To 5, Rachana Housing Society,Varachha,surat,Gujarat",335009,SURAT,GUJARAT,TRUE
SURENDRANA,JAY MAADI ENTERPRISE,"Mahalaxmi Cinema Road, Shop No.3,Kanji vakil ni Chali, Opp kelal dabeli, patrawali chock, Surendarnagar, Gujarat",363510,SURENDRANAGAR,GUJARAT,TRUE
SUTT,"Reliance Retail Limited, B400, INDOSPACE","Sy N203/2 5/1 2159/1159/2203/3204/3205/1,Varanvasai Kunnavakkam 205/2A159/3, Oragadam Walajabad Rd Varanvasai Echoor KANCHEEPURAM ",631604,CHENNAI,TAMIL NADU,TRUE
SV9W,Bhiwandi CFA,"Building No. D-1, Premises No. 456,  Vahuli Village Taluka Bhiwandi, Dist Thane Maharastra ",421101,BHIWANDI,MAHARASHTRA,TRUE
SVES,Shri Vinayak Enterprise,"Shop No.20, Akshar Vandan, Near Kishan Classic, B/h Bright School, 12 mtr Bhyali-Canal Road, Bhayali, Vadodara-",391410,VADODARA,GUJARAT,TRUE
SVUU,AJIO B2B Guwahati DC,"Reliance Retail Limited, Jagati Logistics, P O Changsari, Viii Niz Sindurighopa Kamrup- Guwahati, Assam  ",781101,GUWAHATI,ASSAM,TRUE
SW00,RRR VF GM Wadpe DC,BHIWANDI,,BHIWANDI,MAHARASHTRA,TRUE
SXKK,Carryfast Logistics Pvt Ltd,VS Logistic Park Vlg Tulsi Baradera Are Nr Ring Road 3 Tehsil & Dist Raipur(Cg)  ,492005,RAIPUR,CHHATISGARH,TRUE
SXSS,RANCHI TIKRA TOLI,"Tikra Toli, P S Ratu Thana No 125 Under, Khata N117 R S Plot No 55 56 57, Ranchi",835303,RANCHI,JHARKHAND,TRUE
SZ9J,RRL VF MP Indore DC,"RRL-MP-DC-IND-008, 135/1136/ 1141/1/1 & 142/1/2 Ab Rd, Vill, Arjun Tehsil Sanwer, 66, SAWER",453771,INDORE,MADHYA PRADESH,TRUE
SZAA,RRL VF GJ AMD Moje Giramtha PL DC,Block/Survey No 215/1 Old No  ld No 229 Prerana Nandan Industrial Park  Ta Dascroi ,382425,AHMEDABAD,GUJARAT,TRUE
SZBE,"RRL VF RJ JP Geeta PL DC, Jaipur","RRL VF RJ JP Geeta PL DC, Geeta Cold Store B112 A, Road No 9 Vki, Jaipur, Rajasthan, ",302013,JAIPUR,RAJASTHAN,TRUE
SZBK,"Portico DC Khopoli, Reliance Retail Limited","Building No B 500 Ikshita Logisitcs Park, Indospace Log Park Khopoli Vlg Ajivalii, Taluka Khalapur Raigad, Khopoli  ",410203,KHOPOLI,MAHARASHTRA,TRUE
SZBN,"SZBL Portico DC Jhajjar, QWIK Supply Chain Private","Rewari Road Nh 71 New Nh 352 Chainage Rd 401 370, Village Ghijarod, Raipur, Jhajjar",124103,JHAJJAR,HARYANA,TRUE
T0EM,EGROCERY FC VADODARA,"OPP RELIANCE GUJARATI MEDIUM SCHOOL, PETROCHEMICALS TOWNSHIP, REFINERY ROAD  VILLAGE UNDHERA, SECTOR-1 PO PETROCHEMICALS TOWNSHIP, VADODARA",391345,VADODARA,GUJARAT,TRUE
T0G2,Sumeet Logistics and Industrial Park,"Distribution Centre Gala1A-5B Sr 78 Hissa 3/2Hissa 4 Village Sumeet Logistics and Industrial Park Kukse Taluka Bhiwandi District, Thane BHIWANDI, Maharashtra ",421302,BHIWANDI,MAHARASHTRA,TRUE
T0QU,Metro Bhagpat Road Meerut,"179M 181M TO 186M, E-1 Rishinagar Bhagpat Road, Meerut, Uttar Pradesh",,MEERUT,UTTAR PRADESH,TRUE
T0RI,Metro Seelampur,Parsvnath Metro MallGrand Trunk RoadSeelampurDelhi,,DELHI,DELHI,TRUE
T0Z9,SMART HIMMAT NAGAR,HIMMAT NAGAR GANDHINAGAR,,HIMMATNAGAR,GUJARAT,TRUE
T176,RRL SUPER CHANDRA MALL,MUMBAI,,MUMBAI,MAHARASHTRA,TRUE
T188,SMTGMUMUMBAI SWAMI NARAYAN C,THANE,,THANE,MAHARASHTRA,TRUE
T18U,SMART -,LUCKNOW,,LUCKNOW,UTTAR PRADESH,TRUE
T19P,SMART SATYAMEV EMPORIO AHMEDABAD,SMART SATYAMEV EMPORIO AHMEDABAD,,AHMEDABAD,GUJARAT,TRUE
T1AF,SmartNet Shahalam Ahmedabad,"CWC Ahmedabad 1,Opp P&T Colony , Shahalam Ahmedabad ",380028,AHMEDABAD,GUJARAT,TRUE
T1DT,Smart Aamrakunj Ame,Aamrakunj,,GANDHINAGAR,GUJARAT,TRUE
T1E1,SMART PORBANDAR,PORBANDAR,,AHMEDABAD,GUJARAT,TRUE
T1EJ,Reliance Retail Limited (T1EJ) SMT MP Narmada Pura,Station Rd Narmada Puram Tehsil HOSHANGABAD Madhya Pradesh ,464001,Hoshangabad,MADHYA PRADESH,TRUE
T1EK,SMART SERAMPORE,SERAMPORE,,SERAPMPUR,WEST BENGAL,TRUE
T1FY,SMT JHGOMIA MAIN ROAD GOMIA DHANBAD,DHANBAD,,DHANBAD,JHARKHAND,TRUE
T1HA,SMART PUDUKOTTAI,PUDUKATTAI CHENNAI,,CHENNAI,TAMIL NADU,TRUE
T1IR,SMART KHAMGAOUN,KHAMGAON,,KHAMGAON,MAHARASHTRA,TRUE
T1NF,SMART UJJAIN,UJJAIN,,UJJAIN,MADHYA PRADESH,TRUE
T1OX,SMART BUNDI,"RJ-SM-BUI-901, LGRD AND GRD FLR RS TOWER AND SNT TOWER, SURVEY 152 153NR KUMBHA STADIUM CHHATARPUR, ROAD TEHSIL BUNDI VILLAGE CHHATARPUR",323001,BULDANA,MAHARASHTRA,TRUE
T1PA,Alcazar Mall,"Alcazar Mall, 498, road no.36, Venkatgiri, Jubilee hills, Hyderabad",500033,HYDERABAD,TELANGANA,TRUE
T1X7,SMART AURANGABAD,AURANGABAD,,AURANGABAD,MAHARASHTRA,TRUE
T1Y2,RRL SMART BHABUA,BHIHAR,,PATNA,BIHAR,TRUE
T1Y4,SMT GJAHMEDABAD SUREEL BUSINESS,AHMEDABAD,,AHMEDABAD,GUJARAT,TRUE
T20S,Store Beawar,", Infront of RICO Industrial Area, Central Warehouse, Beawar",,BEAWAR,RAJASTHAN,TRUE
T23E,SMART SURENDRA NAGAR,SURENDRA NAGAR AHMEDABAD,,SURENDRANAGAR,GUJARAT,TRUE
T27R,AKSHAY SKY MALL,HUBLI,,HUBLI,KARNATAKA,TRUE
T2E4,EGrocery FC Patiala,"PB, QWIK Supply Chain Private Ltd, Khewat No 3 Khatauni No 6, Vill Bir Bahadurgarh Khatauni  No 40, Patiala, Punjab",147021,PATIALA,PUNJAB,TRUE
T2FQ,RRL Yousta RIL Mall Jamnagar,"Reliance Retail Limited , Reliance Green Mall  F-23 , First Floor  Survey No.31 , Moti Khavdi  Jamnagar , Moti Khavdi  Jamnagar , JAMNAGAR Gujarat",361142,JAMNAGAR,GUJARAT,TRUE
T2HM,Store Sangli Kupwad city,"CTS no 12778/1 to 12778/85 of village Sangli, Situated within municipal Corporation of Sangli, Miraj & Kupwad City, Taluka Miraj ",416416,SANGLI,MAHARASHTRA,TRUE
T2IN,"Reliance DC,"," beside reliance petrol pump, near railway crossing, Motikhavdi, Jamnagar",361142,JAMNAGAR,GUJARAT,TRUE
T2IO,Metro Cash and Carry Pvt. Ltd Palsana,"Block No.61, BH Tribhuvan Polymers, Juna Makhinga Road, Near Palsana Chokdi, Palsana, Surat, Gujarat- ",394315,PALSANA,RAJASTHAN,TRUE
T2IR,"KATNI, Central Warehouse",Central Warehous  Near Shiv ram dharm Kanta panna mode Katni 483501,483501,KATNI,MADHYA PRADESH,TRUE
T2IS,METRO CASH & CARRY INDIA PVT LTD STORE JABALPUR,"Gflr Wh No A Sy231, Part Of Sy 250 2 Unity Logistics Park, Bypaas Rd Katangi Jabalpur(MP)",,JABALPUR,MADHYA PRADESH,TRUE
T2IT,STORE Ujjain,"Warehouse Mangal Murty situated at Tarana Road , Village Undasa , Ujjain , Tehsil-Ujjain , District Ujjain (M.P.) ",456006,UJJAIN,MADHYA PRADESH,TRUE
T2KE,Metro Cash & Carry India Private Limited (PATNA),"GFLR Commercial Complex Tauzi 170 178,Khata 4, Kh 8,9, Mauza Mirchak Kothiya,PATNA(Bihar)  ",800009,PATNA,BIHAR,TRUE
T2KH,STORE Jaipur Sitapura,"Godwon 5,6,7,8, Plot no SP1 , CWC RIICO IND Area , Sitapura II",302022,JAIPUR,RAJASTHAN,TRUE
T2LW,"Central Warehousing Corporation,","Khandwa,, Anand Nagar, Khandwa, Madhya Pradesh ",450001,KHANDWA,MADHYA PRADESH,TRUE
T2LX,STORE DHAR,"Village Utawd, Dhar - Indore Road,,Dhar, Tehs",,BADNAWAR,MADHYA PRADESH,TRUE
T2MA,"STORE Ludhiana Dugri, Metro Cash & Carry India Pri",Metro Cash & Carry India Private Limited Rev Estate vill Dugri Hadbast 220 Payal Ludhiana,141002,LUDHIANA,PUNJAB,TRUE
T2MB,STORE Kotputli RELIANCE RETAIL LIMITED,"METRO CASH & CARRY INDIA PRIVATE LIMITED CWC VILL-RAMSINGPURA,NR-SUB DIST JAIL",303108,KOTPUTLI,RAJASTHAN,TRUE
T2MC,STORE Ghaziabad Pilkhawa METRO CASH & CARRY INDIA ,"Bhovapur reliance raod pilkhwua,hapur",245304,HAPUR,UTTAR PRADESH,TRUE
T2MX,STORE Kaithal,"Vill-Titram, Hadbast No.42, Near National Highway, Tehsil & District-Kaithal, Haryana ",136027,Kaithal,HARYANA,TRUE
T2MY,DC-Adjoining Tata Motors,"DC-Adjoining Tata Motors, GT Road, Atta, Bilaspur road, Karnal, Haryana                                     ",132114,KARNAL,HARYANA,TRUE
T2NP,CWC-2 kashiram chaok odisha road Raigarh 496001,CWC-2 kashiram chaok odisha road Raigarh 496001,496001,RAIGARH,CHHATISGARH,TRUE
T2NX,"CWC, Central Warehousing Corporation","METRO 2.0 CWC, Central Warehousing Corporation, C10C6, Opp. P&T Colony, Shahalam, Ahmedabad",380028,AHMEDABAD,GUJARAT,TRUE
T2OR,STORE Barmer,"GODOWN 1,2,3 KHASRA NO. 463 MITHRA ROAD VILL- MAHABAR BARMER ",334001,BARMER,RAJASTHAN,TRUE
T2OS,M/S Shri Vinayak Industries,"Infront Of Riico Industrial Area, Gram Gohana Beawar, Rajasthan ",305901,BEAWAR,RAJASTHAN,TRUE
T2OT,Reliance Retail Limited Metro Cash And Carry India,Sadulshahar Ganganagar,335001,GANGANAGAR,RAJASTHAN,TRUE
T2OU,HANUMANGARH,"Central Warehouse Hanumangarh III, Chak 7HMH Tibbi road, Hanumangarh",335513,HANUMANGARH,RAJASTHAN,TRUE
T2OV,STORE Jhunjhunu,"Metro Cash & Carry India Private Limited,Plot",,JHUNJHUNU,RAJASTHAN,TRUE
t2OW,Central Warehousing Corporation (A Govt. of India ,",lndraprasth md. Area, Road,No. 1, Near Daknia Railway Station Kota",324005,KOTA,RAJASTHAN,TRUE
T2OX,Central Warehousing Corporation,"(A Govt. of India Undertaking),Opp. FCI Depot, Udaisagar Road,Udaipur",313001,UDAIPUR,RAJASTHAN,TRUE
T2OZ,STORE BHIND Metro Cash & Carry India Priva,Center Warehouse Metro Bhind ,477001,BHIND,MADHYA PRADESH,TRUE
T2PE,STORE SIkar,"Godown no 1, Jagmalpura via Katrathai Central Warehouse Post Bhadwasi, Sikar",332001,SIKAR,RAJASTHAN,TRUE
T2PF,Fine Tech Corporation Private Limited," Gallops Industrial Park-1 NH-8A, Village Rajoda Taluka Bavla Dist Ahmedabad ",382220,AHMEDABAD,GUJARAT,TRUE
T2PL,ICD- Verna GOA,"Plot No 50 to 54,Phase III, ( B) Verna Industrial Estate, Verna, Goa  ",403710,GOA,GOA,TRUE
T2PS,METRO CASH & CARRY INDIA PVT LTD,"Ruchi Infrastructure Ltd SAGAR M.P SY no 21,22 and 23, Village Berkhedi",470002,Berkhedi,MADHYA PRADESH,TRUE
T2PT,Metro Cash & Carry India Private Limited,"Central Warehouse, Narsingpur Road Godown No. 1 Jamuniya Chhindwara Dist- Chhindwara Madhya Pradesh",480223,CHINDWARA,MADHYA PRADESH,TRUE
T2PU,Burhanpur,Central Warehouse Godown No 1 Bhadurpur Road,450331,BURHANPUR,MADHYA PRADESH,TRUE
T2PV,METRO CASH AND CARRY INDIA PVT LTD,"Village Manpur, singpur Panna road Tehsil & Dist. Damoh Pin",470662,DAMOH,MADHYA PRADESH,TRUE
T2PW,STORE Gwalior Gospura,"Behind Amazon warehouse , Prestressed Concrete Industries , Gwalior (MP)",,GWALIOR,MADHYA PRADESH,TRUE
T2PY,Near Krishi Mandi Parisar,", Nainagarh Road, Morena  (MP)                                           ",,MORENA,MADHYA PRADESH,TRUE
T2PZ,STORE Neemuch,"Village Semli Choudhry and Jamuniyakaln , Mhow - Neemuch road , neemuch Tehsil & district - neemuch ( MP ) Survey No. 711,712, 713/1 ,713/2 , 713/3 & 37 ,38  ",458441,NEEMUCH,MADHYA PRADESH,TRUE
t2QA,Satna RRL,"Khasra No. 75,76 , 78/1 , 78/3 ,79/1,79/2 , 167/1 , 168/1 and 173/1 at Village Saristal , Satna Panna Main Road , Trhsil Rahuganj nagar , district Satna - ",485441,SATNA,MADHYA PRADESH,TRUE
T2QB,METRO CASH & CARRY INDIA PVT LT (Reliance Retail L,"Godown 6 CWC, Jaida Mandi Near Navoday School Sheopur Kalan, Madhya Pradesh",476337,Sheopur,MADHYA PRADESH,TRUE
T2QC,CWC AMRAVATI,"Central Warehousing Corporation, Ward no21, Vilas Nagar Road, Rampuri Camp",444604,AMRAVATI,MAHARASHTRA,TRUE
T2QD,AURANGABAD MIDC,"Plot no. 91 , MIDC Area, Chikalthana Dist. Aurangabad  ",431210,AURANGABAD,MAHARASHTRA,TRUE
T2QF,STORE Gondia,"Metro Cash & Carry India Pvt. Central Warehouse Sindhi Colony Udia Muhalla Road Gondia 1, Near Sindhi High School GONDIA",441601,GONDIA,MAHARASHTRA,TRUE
T2QK,M/s Hinganghat Infrastructure Pvt. Ltd,"Survey No. 119, 54/1, Godown No. 4 & 5, Borgaon (Nandgaon) Tah. Hinganghat, District - Wardha (Maharashtra) ",442301,HINGANGHAT,MAHARASHTRA,TRUE
T2QR,STORE AGRA,"Mathura Road,Mauza Runkata Near Dolphin Water world,KIRAOLI(Uttar Pradesh)",282007,KIRAOLI,UTTAR PRADESH,TRUE
T2QS,STORE Narsinghpur,"CWC,Capus Krishi Upaj Mandi Campus , Godown no.1                                               ",,NARSINGHPUR,MADHYA PRADESH,TRUE
T2QV,SMART HUB AKOLA RRL,Reliance Retail Limited Wh Bearing No 1A1B 2A 2B 3C Survey No 59 1B Grampanchayat House No 706 Mouza Ridhora Tehsil Balapur AKOLA,444302,AKOLA,MAHARASHTRA,TRUE
T2RD,CWC Mandi Yard,"Chirgaon, Jhansi Godown No .1 and Godown No. 3 ",248301,JHANSI,UTTAR PRADESH,TRUE
T2RG,STORE Saharanpur,"3ABD, Central warehouse, Janta Road, Saharanpur, Uttar Pradesh",247001,SAHARANPUR,UTTAR PRADESH,TRUE
T2RH,STORE Varanasi,"STORE Varanasi Tadia,Kaswar Sarkari Varanasi,Banaras Bedas Ltd Karnadandi,VARANASI(UP)-221302",221302,VARANASI,UTTAR PRADESH,TRUE
T2RJ,STORE Gorakhpur,"Arazi No. 735-737 , Ram nagar Karjaha,Tehsil chouri choura ,Gorakhpur",,Gorakhpur,UTTAR PRADESH,TRUE
T2RU,STORE Raipur Giroud,"Khasra No 577 1 Patwari Halka no 22,Village Giroud , Near Railway Stn Bridge",,RAIPUR,CHHATISGARH,TRUE
T2SB,"Nawal Warehouse , KH No 5/4/A Mouza"," - Muradpur , Tal : Achalpur , District Amravati  Paratwada Dist : Amravati 444805 ",444805,AMRAVATI,MAHARASHTRA,TRUE
T2TD,Metro cash & carry  Pvt Ltd.,"Gati realtors P L, S NO 471to476, Mouza khumari PSK12, KhasraNo41-43, mouza kokarda khumari, Kamleshwar NAGPUR,Maharashtra(27),",441502,NAGPUR,MAHARASHTRA,TRUE
T2TG,RRL BHARATPUR,"Reliance Retail Limited, Central Warehousing Plot No G 162-165 Brij Industrial Area behind Nafed Plant Bharatpur",321001,BHARATPUR,RAJASTHAN,TRUE
T2TH,"STORE BIKANER RRL Bikaner,"," Karmi industrial area, Phase II Bikaner",334004,BIKANER,RAJASTHAN,TRUE
T2TL,SMT GJ VADODARA SAMA,VADAODARA,,VADODARA,GUJARAT,TRUE
T2TP,Yavatmal-T2TP,"Plot No C-162, C – Zone,  Yavatmal Industrial area , Mouza- Lohara , Within the limits of Yavatmal Municipal Corporation, Dist Yavatmal",413608,YAVATMAL,MAHARASHTRA,TRUE
T2UN,SMART VEDAYAPALEM,VEDAYAPALEM MANDAL  A.P.,,VIDAYAPALEM,ANDHRA PRADESH,TRUE
T2YP,SMT PANDHURNA,PANDHURNA,,PANDHURNA,MADHYA PRADESH,TRUE
T33X,SMART BHADRAWATI,BHADRAWARTI MAHARASHTRA,,BHADRAVATI,MAHARASHTRA,TRUE
T35N,RRL TST Sangria,Sangria,,HANUMANGARH,RAJASTHAN,TRUE
T35X,SIHOR,"Plot No 19 20 Rev Sy No 1063 & 1064 Opp Malay Bunglowbhavnagar Rajkot Road Sihor, Bhavnagar     ",364240,SIHOR,GUJARAT,TRUE
T3DR,STORE Mathura,Agra Road Pacific Mall Plot No C 1/B site B Agra Road Uttar Pradesh - ,281001,MATHURA,UTTAR PRADESH,TRUE
T3DS,JALANDHAR,"per ground Floor, Vasal Tower, Khewat no.4033/3678, Khatauni no.4782 khasra no.30891/26134/6230,Civil Line, Near Ladowali Road,Jalandhar Tehsil, Jalandhar, Punjab, ",144001,JALANDHAR,PUNJAB,TRUE
T3ED,RRL SAKSHI HOME SHOPEE,"RRL SAKSHI HOME SHOPEE A702843377, NEAR SATISH MALTIPLEX,CIVIL LINES,Belapurkar Ward NARSINGHPUR,KARELI MP-487001",,NARSINGHPUR,MADHYA PRADESH,TRUE
T3HV,Metro Cash & Carry India,"Priva,Near Laxmibai Nagar Krishi Mandi,Bagarda Road, Indore,INDORE(Madhya Pradesh)",,INDORE,MADHYA PRADESH,TRUE
T3JI,SMT MH PATLE COMPLEX TUMSAR,TUMSAR MH.,,TUSMAR,MAHARASHTRA,TRUE
T41N,SMT AS Mangaldoi,GUWAHATI,,GUWAHATI,ASSAM,TRUE
T48W,SMART MADIKERI,MADIKERI HASSAN KARNATAKA,,HASSAN,KARNATAKA,TRUE
T4EJ,"RRL Swadesh Eros Churchgate,Reliance Retail Limite","Cambata Building, 42, M Karve Road""""Grd Flr, 1st Flr, Eros Theatre,"",""Churchgate, Mumbai MUMBAI.",400020,MUMBAI,MAHARASHTRA,TRUE
T4GX,Reliance Retail Limited RAMGARH,",Vijay Mandir Road Scheme No 2,Shubhdeep GF FF Plot No 17A,Lajpath Nagar Alwar RAMGARH",301001,RAMGARH,JHARKHAND,TRUE
T57E,RRL TST Pandharkawda,Pandharkawda,,YAVATMAL,MAHARASHTRA,TRUE
T5BA,SMT UPGAZIPUR MLGODAM ROAD,FF HOUSE NO. 131 140 AND 141 MOHALLA - FUNDANPUR GAZIPUR CITY,233001,GHAZIPUR,UTTAR PRADESH,TRUE
T5CQ,"Metro Rajokri, Metro Cash & Carry India Private Li",BIJWASAN,,DELHI,DELHI,TRUE
T5DI,Metro Cash and Carry Pvt. Ltd Rajkot Popatpara,"CWC Warehouse, Godown No. 4, Popatpara, Rajkot  ",360001,RAJKOT,GUJARAT,TRUE
T5GZ,STORE JAMNAGAR,"Jamnagar	STORE JAMNAGAR 361140",361140,JAMNAGAR,GUJARAT,TRUE
T5JC,"STORE Khandwa Jio Mart, Central Warehouse,","Godown no-17,Khandwa,",450001,KHANDWA,MADHYA PRADESH,TRUE
T5JG,STORE Ludhiana Dugri,"Reliance Retail Limited, STORE Ludhiana Dugri,",141002,LUDHIANA,PUNJAB,TRUE
T5JI,Metro Cash & Carry India Private limited GF on blo, khasra 376 Reliance road ditt hapur opp jindal nagar pilakhwa,245304,PILKHUWA,UTTAR PRADESH,TRUE
T5KB,STORE RAIGANJ,"G Flr Situated at Uttar Dinajpur,Mouza Madhupur Khaitan LR926,GramPanchayat Bahin SCH L1 Plot LR54 475,Raiganj,West Bengal",733134,Raiganj,WEST BENGAL,TRUE
T5KK,Central Warehouse,"P&T COLONY ,SHAHALAM, AHMEDABAD CITY GUJARAT",380028,AHMEDABAD,GUJARAT,TRUE
T5LO,STORE Morena,MORENA,,MORENA,MADHYA PRADESH,TRUE
T5MD,STORE Akola Balapur,"WH no 1A 1B 2A 2B 3C on G and Middle fl,Mouza Ridhora Tehsil balaspur,Survey 59 1B Gram Panchyt House no 706 Balapur Akola Maharashtra",444302,AKOLA,MAHARASHTRA,TRUE
T5NY,JALANDHAR Village Nupur,"Pathankot Road, Near Petrol Pump, Jalandhar",,JALANDHAR,PUNJAB,TRUE
T5OQ,Rajkot Popatpara,"Reliance Retail Limited,Rajkot Popatpa ,Pin code",360001,RAJKOT,GUJARAT,TRUE
T5SZ,"RRL CDIT Rewa Satna Main Road Satna, Khasara No 27","trends,Rewa Satna Main Road Satna (MP)-485001-RAGHURAJNAGAR",485001,SATNA,MADHYA PRADESH,TRUE
T5XL,"RRL Azorte Alpha one Amrtisar,Reliance Retail Limi","Sultan Wind Commercial Complex,Alpha One FF MBM Farms,GT Road AMRITSAR",143001,AMRITSAR,PUNJAB,TRUE
T621,SMART RAIPUR,RAIPUR,,RAIPUR,CHHATISGARH,TRUE
T81E,SMT MHKOLHAPUR RING ROAD PHUL,KOLHAPUR,,KOLHAPUR,MAHARASHTRA,TRUE
T84L,SMART ROONGTA SIGNATURE,SURAT,,SURAT,GUJARAT,TRUE
T86W,KALAMESHWAR,"Sy No 471 to 476, Mouza Khumari, PSK 12 and Survey No41, 42/142/2 and 43  Mouza Kokardi, PSK 12      ",441502,KALAMESHWAR,MAHARASHTRA,TRUE
T86Z,"RRL, JIO WORLD CENTRE","Plot No.C-64 G-Block Bandra-Kurla Complex Bandra East Mumbai, Mumbai Suburban, Mumbai, Maharashtra ",400051,MUMBAI,MAHARASHTRA,TRUE
T88Q,NAUPADA,"Bldg Nr Maa Dakhina Kali Temple plot 1254 Khata No 678/85 Stitibanboden Chowk Khariar Unit 1 Naupada, Khariar",766107,THANE,MAHARASHTRA,TRUE
T8GF,SMT MH JALGAON SADOBA COMPLEX,JALGAON,,JALGAON,MAHARASHTRA,TRUE
T8WP,"RRL Centro-PUNE-MSM PARANJAPE,Reliance Retail Limi","Centro MSM PARANJAPE MALL,CTS No 25/20 Plot 25-C off Karve Road,Near MES Collage Pune     PUNE",411004,PUNE,MAHARASHTRA,TRUE
T913,SMART JAIPURIA MALL GHAZIABAD,"JAIPURIA MALL GHAZIABAD, PLOT NO-12A, LOWER GROUND FLOOR, JAIPURIA SUNRISE PLAZA, AHINSA KHAND, INDIRAPURAM, GHAZIABAD, PIN NO - 201010",201010,GHAZIABAD,UTTAR PRADESH,TRUE
T914,MBD NEOPOLIS MALL ,"MBD NEOPOLIS MALL,  1121 / 1-2, 1122 / 2, 1120/2, 1119-1113-1114, BAREWAL AVANNA, FEROZPUR ROAD ADJ, RAJGURU NAGAR, LUDHIANA, PIN NO - 141012",141012,LUDHIANA,PUNJAB,TRUE
T915,SMART SIGNATURE STREET GHAZIABAD,"LGF, SIGNATURE STREET, G BOCK GOVINDPURAM,GHAZIABAD, PIN NO - 201013",201013,GHAZIABAD,UTTAR PRADESH,TRUE
T917,SMART SUBHADRA MALL BARAMATI,"SUBHADRA MALL,PLOT NO P-60,BHIGWAN ROAD,BARAMATI MIDC,BARMATI 413133",413133,BARAMATI,MAHARASHTRA,TRUE
T918,SMART CLOUD 9 GHAZIABAD,"CLOUD 9,PLOT NO. RC 1 / 2 LOWER GROUND FLOOR, SECTOR -1 VAISHAL, GHAZIABAD, UP, PIN NO. - 201010",201010,GHAZIABAD,UTTAR PRADESH,TRUE
T945,RIDDHI SIDDHI MALL,"RIDHI SIDHI MALL,LGF,RIDHI SIDHI ENCLAVE,HANUMANGARH ROAD,SRI GANGANAGAR, RAJASTHAN - PIN NO - 335001",335001,GANGANAGAR,RAJASTHAN,TRUE
T946,SMART PARAS MALL UDAIPUR,"PARAS MALL, NH-8 LG FLOOR, NEAR PARAS MAHAL HOTEL, HIRAN MAGRI, SECTOR 11, UDAIPUR, RAJASTHAN - PIN NO - 313001",313001,UDAIPUR,RAJASTHAN,TRUE
T967,QUIKMART - SANPADA,"PLOT NO-7, SECTOR-18, PALM BEACH ROAD, SANPADA, NAVI MUMBAI – 400 705.",400705,NAVI MUMBAI,MAHARASHTRA,TRUE
T96Z,RRL SIS Jalandhar Johal Complex,"Reliance Retail Limited, Johal Complex Ladhewali N269/276692/799 KhN21/11/ 22/6/15/21/10/3 Had Bast N220,Nr Johal HospitalRama Mandi Hoshirpur Rd, Jalandhar",144007,JALANDHAR,PUNJAB,TRUE
T971,RRL VF SMART M3M URBANA PREMIUM,RRL VF SMART M3M URBANA PREMIUM,122102,GURGAON,HARYANA,TRUE
T976,QUIKMART AMBAWADI,"SURVEY  NO 55/1, TP NO 21,  FP NO 400, BESIDE CN VIDYALAYA, AMBAWADI CIRCLE, AHMEDABAD, GUJARAT, PIN NO.- 380015",380015,AHMEDABAD,GUJARAT,TRUE
T977,QUIKMART AJWA ROAD VADODARA,"TP SCHEME 4, FINAL PLOT NO 81/P,NEAR MANKI COMPLEX, AJWA WAGHODIA ROAD, BARODA, GUJARAT, PIN NO -  390019",390019,VADODARA,GUJARAT,TRUE
T978,QUIKMART RV DESAI ROAD VADODARA,"SURVEY NO 998/A,OPPOSITE JAYRATNA BUILDING, R V DESAI ROAD, VADODARA, GUJARAT, PIN NO - 390004",390004,VADODARA,GUJARAT,TRUE
T9CH,SMART MEERUT,MEERUT,,MEERUT,UTTAR PRADESH,TRUE
T9GK,ROURKELA," GFFF FE2 Arcade beside Bhajan Bhawan 1P133P, Rourkela Town UN20 SN5 Nr  Ambagan  ",769002,ROURKELA,ODISHA,TRUE
T9HE,BARGARH,"Comm Building Gfffsf Rev Plot No 652 684/10365 Khata No 2414/976 Opp Yamaha Showroom Bhatli Chhak Staus Rayati, Bargarh ",768030,BARGARH,ODISHA,TRUE
T9IN,RRL UDAIPUR,"Reliance Retail Limited, Udaipur Central Gf Next To Artist, House Town Hall Road Surajpole, Udaipur  ",313001,UDAIPUR,RAJASTHAN,TRUE
T9US,RRL Yousta Bilaspur,"Bilaspur Link Road,Land Bearing No.Khasra No-641/8(Old-641),The Ark Link Road BILASPUR",495001,BILASPUR,CHHATISGARH,TRUE
TA10,SMART RAMCHANDRA LANE MALAD (W),"RAMCHANDRA LANE, 6/7 GF,MOTI UDYOG NAGAR,KANCHPADA,MALAD WEST MUMBAI, PIN NO - 400064",400064,MUMBAI,MAHARASHTRA,TRUE
TA6P,RRL CDIT-Palledium Ahemdabad,Palledium Ahemdabad Final Plot No Town Planning Scheme No 1 Thalte Ghatiadia Ahmedabad AHMEDABAD,380054,AHMEDABAD,GUJARAT,TRUE
TA7A,SMART SIWAN,PATNA,,PATNA,BIHAR,TRUE
TA7H,SMART GORAKHPUR,GORAKHPUR,,Gorakhpur,UTTAR PRADESH,TRUE
TA9O,SMART ISANPUR,ISANPUR,,AHMEDABAD,GUJARAT,TRUE
TA9P,SMART CITY GOLD CENTRE,SMART CITY GOLD CENTR,,AHMEDABAD,GUJARAT,TRUE
TAA2,RRL SMART,BURHANPUR,450331,BURHANPUR,MADHYA PRADESH,TRUE
TAA4,"RRL, SMART CURRENCY TOWER","RRL SMART CURRENCY TOWER, RAIPUR",492001,RAIPUR,CHHATISGARH,TRUE
TAFW,SMART R MALL,THANE,,THANE,MAHARASHTRA,TRUE
TAH3,SMTUP GORAKHPUR GORAKHNATH VA,GORAKHPUR,,Gorakhpur,UTTAR PRADESH,TRUE
TAID,SMART KHANDGAON LATUR,LATUR,,LATUR,MAHARASHTRA,TRUE
TAIW,RRL TST AGAR,AGAR,465441,NAGPUR,MAHARASHTRA,TRUE
TAJ4,SMART HINGANGHAT,HINGANGHAT,,HINGANGHAT,MAHARASHTRA,TRUE
TAJ5,SMART VIDISHA,VIDISHA,,VIDISHA,MADHYA PRADESH,TRUE
TAJ8,SMART SEEPAT ROAD BILASPUR.,BILASPUR,,BILASPUR,CHHATISGARH,TRUE
TAJB,SMART SEEPAT ROAD BILASPUR,BILASPUR CHHATTISGARH,,BILASPUR,CHHATISGARH,TRUE
TAJF,SMART BADLAPUR WEST,BADLAPUR,,MUMBAI,MAHARASHTRA,TRUE
TASGAON,TASGAON,NA,416312,TASGAON,MAHARASHTRA,TRUE
TAU6,Reliance Retail Limited Smart Sehore,Pl 10 sheet 117 S 480 MCR Business ParkNazool Land Bearing Pl Indore Bhopal Rd Nr Bus Stand Sehore Tehsil & Dist. Sehore SEHORE Madhya Pradesh - 466001,466001,SEHORE,MADHYA PRADESH,TRUE
TAUX,SMART SOLA SCIENCE CITY AHMEDABAD,AHMEDABAD,,AHMEDABAD,GUJARAT,TRUE
TAW5,RRL TRENDS NAGPUR-LAND MARK,NAGPUR,,NAGPUR,MAHARASHTRA,TRUE
TAWP,SMART RIO EMPIRE SURAT,SMART RIO EMPIRE SURAT,,SURAT,GUJARAT,TRUE
TB11,APOLLO ENCLAVE,"APOLLO ENCLAVE,PLOT NO 14/1,OLD PALASIA,INDORE, MP 452001",452001,INDORE,MADHYA PRADESH,TRUE
TB15,VIRASHA STC COMMERCIAL COMPLEX,"BABADIYA KALAN, GULMOHAR, ROHIT NAGAR, AKRATI ECO CITY,MAIN ROAD BHOPAL, MP, PIN NO. - 462038",462038,BHOPAL,MADHYA PRADESH,TRUE
TB22,GALAXY DIAMOND PLAZA,"LGF, GALAXY DIAMOND PLAZA, PLOT NO. C-1A, SECTOR - 4, GAUTAM BUDHHA NAGAR, GREATER NOIDA WEST,  UP, PIN NO. - 201301",201301,NOIDA,UTTAR PRADESH,TRUE
TB23,CAPITAL GALLERIA,"CAPITAL GALLERIA, LGF, PLOT NO 4, MANU MARG, OPP GURUDWARA, ALWAR, RAJASTHAN - PIN NO - 301001",301001,ALWAR,RAJASTHAN,TRUE
TB35,"RRL BAMNOLI, DELHI",NA,110033,DELHI,DELHI,TRUE
TB4R,RRL SHREE NATHJI,"MOBILE A704502308 Reliance Retail Limited ""0, BHATHAN CHOWK,"" ""Devbhoomi Dwarka,"" ""DWARKA OKHAMANDAL",361335,OKHAMANDAL,GUJARAT,TRUE
TB61,QUIKMART RAJKOT,"RELIANCE PETROL PUMP NEAR TO PASSPORT OFFICE, MAKKAM CHOWK KATHIAWADI CAR BAZAR ,GONDAL ROAD. RAJKOT, GUJARAT, PIN NO. -  360002",360002,RAJKOT,GUJARAT,TRUE
TB65,QUIKMART SURAT,"FP NO 34P, SUB PLOT NO.2, RS NO. 21/1/1, VED ROAD, SURAT, GUJARAT, PIN NO -  395004",395004,SURAT,GUJARAT,TRUE
TB67,QUIKMART,"QUIKMART AJMER,SRINAGAR ROAD, AJMER CITY, AJMER, RAJASTHAN, PIN NO. -  305001",305001,AJMER,RAJASTHAN,TRUE
TBAG,SMT OD PHULBANI ELECTRICT COLO,BHUBNESHWAR,,BHUBANESHWAR,ODISHA,TRUE
TBBC,RRL SMART POINT BHILWARA,SUZUKI COLONY HAMIRGARH ROAD NEAR GURUNANAK PETROL PUMP BHILWARA,311001,BHILWARA,RAJASTHAN,TRUE
TBDN,SMT AS KHAIKUCHI,GUWAHATI,,GUWAHATI,ASSAM,TRUE
TC52,QUIKMART RIL TOWNSHIP JAMNAGAR,"OPP.RELIANCE REFINERY MAIN GATE,NEAR RELIANCE PETROL PUMP,MOTI KHAVADI JAMNAGAR, GUJARAT, PIN NO. - 361140 ",361140,JAMNAGAR,GUJARAT,TRUE
TC95,SMART PINNACLE MALL NASIK,"ATAL BUILDCON PVT LTD,PINNACLE MALL, TRIMBAK CHOUK, NASIK, PIN NO - 422001",422001,NASIK,MAHARASHTRA,TRUE
TCD6,CUDDALORE,"NO.1, S N CHAVADI ROAD (SOORAPPANAICKENCHAVADI ROAD), CUDDALORE, TAMIL NADU, PIN NO. - 607001",607001,CUDDALORE,TAMIL NADU,TRUE
TCH8,FRESH STORE VAYUSHAKTI AIRFORCE GANDHINAGAR,"SOUTH WESTERN AIR COMMAND, VAYUSHAKTINAGAR, GANDHINAGAR, GUJ, PIN NO. - 382042",382042,AHMEDABAD,GUJARAT,TRUE
TCM3,RRL SMART SUNTECK AIROLI,RRL SMART SUNTECK AIROLI,,MUMBAI,MAHARASHTRA,TRUE
TCM4,RRL SMART SUNTECK,NAIGAON,401207,NAIGAON,MAHARASHTRA,TRUE
TCV6,SMART ARJAN'S MALL GANDHIDHAM,"GF & FF, SHOP NO. G-07B, G-08, G-09, G-10, PLOT NO. 118 & 119, SECTOR NO.8, KUTCH GANDHIDHAM, GUJARAT, PIN. NO.- 370203",370203,GANDHIDHAM,GUJARAT,TRUE
TCX5,MOTIAZ BUSINESS PARK ZIRAKPUR,"MOTIAZ BUSINESS PARK, AMBALA CHANDIGHAR HIGHWAY, SUB TEHSIL ZIRAKPUR, TEHSIL DERABASSI, DIST SAS NAGAR MOHALI, PUNJAB, PIN NO. - 140603",140603,MOHALI,PUNJAB,TRUE
TD02,SMART TRILIUM MALL NAGPUR,"RS TRILIUM MALL, 504, GREAT NAG ROAD, NEAR MEDICAL SQUARE, RAMBAGH, NAGPUR, MAHARASHTRA, PIN NO. - 440003",440003,NAGPUR,MAHARASHTRA,TRUE
TD03,MUKUT HOUSE,"M C NO.X362 / XLL-9,PLOT NO.3, KASHMIR AVENUE,MALL ROAD,AMRITSAR, PUNJAB, PIN NO. - 143001",143001,AMRITSAR,PUNJAB,TRUE
TD04,SHELTER MALL,"SHELTER MALL, OPPOSITE NEXA SHOW ROOM,RATU ROAD,NEAR PANDRA,PISCAMORE, RANCHI, JHARKHAND, PIN NO. -  834001",834001,RANCHI,JHARKHAND,TRUE
TDB2,JALSA CARNIVAL RAU ,"KHASRA NO. 363/3, NEAR MEDICAPS, A.B. ROAD, VILLAGE   PIGDAMBER, TEHSIL  MHOW, INDORE, MADHYA PRADESH, PIN NO. - 453331",453331,INDORE,MADHYA PRADESH,TRUE
TDB7,SMART AUSA ROAD LATUR,"GF, MAULI SANKUL, NO. R-1-195-A CTS NO. 9906, AUSA ROAD,  LATUR, MAHARASHTRA, PIN. NO.- 413531",413531,LATUR,MAHARASHTRA,TRUE
TDB8,AISHWARYAM ONE CHINCHWAD,"LGF, AISHWARYAM ONE MALL, KALBHOR NAGAR, MIDC, CHINCHWAD, PIMPRI-CHINCHWAD, PUNE, MAHARASHTRA, PIN NO. - 411019",411019,PUNE,MAHARASHTRA,TRUE
TDC1,PALWAL,"KHASRA NO.281/27, OPPOSITE TATA POSCO,RAM NAGAR, NH-2, PALWAL, HARYANA, PIN NO. - 121102",121102,PALWAL,HARYANA,TRUE
TDC2,MUKTSAR RAJPAL CINEMA,"GF, KHASRA NO. 2117/1,  RAJPAL CINEMA AT MALOUT ROAD, TEHSIL & DISTRCIT SRI MUKTSAR SAHIB, PUNJAB, PIN NO.- 152026",152026,MUKTSAR,PUNJAB,TRUE
TDC9,SMART ICHALKARANJI,ICHALKARANJI,416115,ICHALKARANJI,MAHARASHTRA,TRUE
TDE3,SMART UNDRI PUNE,RRL Smart Undri Sky Pavilion Shop No  602 & 603 Near Bishop High School Atur  Ngr Undri PUNE - 411060,411060,PUNE,MAHARASHTRA,TRUE
TDI2,OMKAR TOWER,"UGF, OMKAR TOWER , NO.377/3 & 377/5, MAHADEV GHAT ROAD, VILLAGE RAIPURA, CHHATISGARH, PIN NO.- 492013",492013,RAIPUR,CHHATISGARH,TRUE
TDN0,GARHWA,"GF & FF, VIDYA CITY MALL, PLOT NO. 37, 38 , 39, CHINA ROAD, BESIDES GP PLAZA, GARHWA, JHARKHAND, PIN NO. - 822114",822114,GARHWA,JHARKHAND,TRUE
TE0O,"B-1 , Reliance Mall, Suzuki Colony","Near Gurunanak Petrol Pump , Bhilwara, Rajasthan - 311001  ",311001,BHILWARA,RAJASTHAN,TRUE
TE0S,RRL Centro Nagpur Empress,"Mall,Empress Mall GF Plot No 101/5 Shop No40,CTS No 101 2399 Sheet No 199 65-66,Walkar Road Sitabuldi,NAGPUR,Maharashtra",440018,NAGPUR,MAHARASHTRA,TRUE
TEA8,CHHINDWARA,"LGF & UGF, NO. 8/4, 8/9, 8/16 &8/17 BLOCK 49, NAGPUR RD, OPPOSITE CHURCH,  CHHINDWARA TEHSIL 480001 MADHYA PRADESH",480001,CHHINDWARA,MADHYA PRADESH,TRUE
TEI0,SMT MP SATNA MODI TOWER,SATNA,,SATNA,MADHYA PRADESH,TRUE
TEI1,JAIGAON,"GF & FF, TOUZI NO. 129, J L NO. 2, N S ROAD, PARGANA PURBA MADARI,  PO & PS - JAIGAON ALIPURDUAR, WEST BENGAL, PIN NO. - 736182",736182,JAIGAON,MAHARASHTRA,TRUE
TEL2,SMART ARD MALL BULDANA,"PLOT NO. 18 TO 25, ARD MALL , DESHLAHRA LAYOUT. MALKAPUR ROAD, BULDANA, MAHARASHTRA, PIN NO. - 443001",443001,BULDANA,MAHARASHTRA,TRUE
TEL3,SKM TOWERS,"SKM TOWER, PLOT NO. 7A -6A, AJMER RD , JEEVAN DEEP COLONY, NEAR AGRASEN CIRCLE, KISHANGARH, RAJASTHAN, PIN NO. - 305801",305801,KISHANGARH,RAJASTHAN,TRUE
TEL4,SMART PALGHAR,RRL Smart Raj Icon Palghar GF & FF Raj Icon Mall Survey No 99/A/2(p) Tembhode Rd Opp Neelshrusti Complex Palghar W PALGHAR 401404,401404,MUMBAI,MAHARASHTRA,TRUE
TEY5,NOKHA,"PLOT NO. 352 & 353, NEAR BAGRI SHIV MANDIR, SUJANGARH ROAD, NOKHA BIKANER 334803 RAJASTHAN",334803,NOKHA,RAJASTHAN,TRUE
TF14,SMART CENTRE POINT PANVEL,"UNIT G1/G2 - 123-A, CENTER POINT, KOLKHE PHALLASPA PHATA, MUMBAI PUNE HIGHWAY, PANVEL DIST RAIGAD, PIN NO - 410206",410206,NAVI MUMBAI,MAHARASHTRA,TRUE
TF5N,SMT GJ Unjha Araman Complex,Nr Balaji Avenue Shopping Mall Unjha Araman Complex GF FF Opp Bus Depo Tal Unjha Dist Mehsana- UNJHA,,MEHSANA,GUJARAT,TRUE
TFA1,SMART RAJSAMAND,"GF & FF, KHUSBU MARKET, TVS CHOURAHA, RAJSAMAND, RAJASTHAN, PIN NO. - 313324",313324,RAJSAMAND,RAJASTHAN,TRUE
TFB8,SMART MEHAR STAR WAGHOLI PUNE,"PLOT NO. 516, CST NO. 740/1+2 , BAKORI ROAD, WAGHOLI, PUNE, MAHARASHTRA, PIN NO. - 412207",412207,PUNE,MAHARASHTRA,TRUE
TFC5,PRATAP NAGAR,"NO. 86 SP/91-95 SEC-08, PRATAP NAGAR , SANGANER JAIPUR, RAJASTHAN, PIN NO. - 302033",302033,JAIPUR,RAJASTHAN,TRUE
TFD6,COLORS MALL,"COLORS MALL KHASRA NO. 458/1&2 458/5, 485/7 & 485/9 NEAR PACHPEDI NAKA, TIKRAPARA RAIPUR, CHHATTISGARH, PIN NO. - 492001",492001,RAIPUR,CHHATISGARH,TRUE
TFM2,KORBA,"CITY CENTRE MALL, KHASRA NO. 551/26, 551/33, 594/1, 594/2KHA, 594/2GA, 595 & 596/2, POWER HOUSE ROAD KORBA, CHHATTISGARH, PIN NO. -  495677",495677,KORBA,JHARKHAND,TRUE
TFM4,"SMART VIRAR, VASAI","GF &FF, ANANT SPACES, SY NO. 299 A, HISSA NO. 1C & 5, VILLAGE VIRAR, TALUKA VASAI, MAHARASHTRA, PIN NO. - 401303",401303,MUMBAI,MAHARASHTRA,TRUE
TFM5,RRL SMART HINGNA,RRL SMART HINGNA RELIANCE RETAIL LIMITED K NO 76/2 CITY SQUARE NO 743 & 858 JALARAM MANGALAM SAI NAGAR SRP CAMP RD HINGNA RD NAGPUR  ,440016,NAGPUR,MAHARASHTRA,TRUE
TFP9,OM NAMAH SHIVAY KARANJADE PANVEL,"GF, SHOP NO. 1-18, OM NAMAH SHIVAY KALASH, PLOT NO. 55, SECTOR 3, KARANJADE,  PANVEL MUMBAI, MAHARASHTRA, PIN NO. - 410206",410206,NAVI MUMBAI,MAHARASHTRA,TRUE
TFQ0,BALAJI TOWER ,"BALAJI TOWER, GF,FF& SF, DEEDWANA ROAD, KUCHAMAN CITY 341508,  NAGAUR  RAJASTHAN",341508,KUCHAMAN CITY,RAJASTHAN,TRUE
TFY0,RRL SMART PIMPLE N,"AKASH TOWER, PIMPLE SAUDAGAR",411057,PUNE,MAHARASHTRA,TRUE
TFY8,MAKRONIA SQUARE SAGAR,"KHASRA NO. 46, 46/1, 50/1, 50/2, 51/13 & 55/2 NEAR PARADISE HOTEL, JABALPUR RD, MAKRINIA BUJURG SAGAR 470004 MADHYA PRADESH",470004,SAGAR,MADHYA PRADESH,TRUE
TG20,SMART BHUSAWAL,JALGAON,,JALGAON,MAHARASHTRA,TRUE
TG2K,Smart Bhuj Reliance Retail Limited,GJ-SM-BHU-902-FG Naroji Est Nr RamKrisha Colony Opp GAIMS  Camp Area Bhuj 370001 Bhuj ,370001,BHUJ,GUJARAT,TRUE
TG59,M K SHAH NERUL,"M K SHAH EXPORTS LTD, D141, TTC INDUSTRIAL AREA, SHIWRANE, NERUL, NEW MUMBAI, PIN NO - 400706",400706,NAVI MUMBAI,MAHARASHTRA,TRUE
TG60,ASHIMA MALL,"ASHIMA MALL LOWER GROUND FLOOR, BHOPAL,VILLAGE,BAWDIAKALA,HOSHANGABAD ROAD, TEHSIL HUZUR,BHOPAL, PIN NO -  462026",462026,BHOPAL,MADHYA PRADESH,TRUE
TG7Q,SMART VARACHHA,VARACHHA SURAT,,SURAT,GUJARAT,TRUE
TGC1,"VISION FLORA, PIMPLE SAUDAGAR, PIMPRI","SY. NO. 83, 84, GF & FF, VISION FLORA, OPPO PCMC PLAYGROUND, ROSELAND RESIDENCY RD, PIMPLE SAUDAGAR, PIMPRI - CHINCHWAD PUNE, MAHARASHTRA, PIN NO. - 411027",411027,PUNE,MAHARASHTRA,TRUE
TGL3,SMT ROM PUNE KALATE BLDG WAKAD,PUNE,,PUNE,MAHARASHTRA,TRUE
TGL6,SMT MP SAGAR SUNRICE PLAZA,SAGAR,,SAGAR,MADHYA PRADESH,TRUE
TGO8,SMART RADHE PALLADIUM MAHESANA,"""RRL Smart Radhe Palladium Mehsana Reliance Retail Limited Shop No 1-8 FG & 1-4 FF Radha Palladium Radhe Palladium Mehsana Panchot Circle Kunal 384002 Mehsana"" ",384002,MAHESANA,GUJARAT,TRUE
TGV2,RRL SMART GST BHAWAN PANCHKULA,RRL SMART GST BHAWAN PANCHKULA,134112,PANCHKULA,HARYANA,TRUE
TH3N,SMART VAVOL,VAVOL AHMEDABAD,,AHMEDABAD,GUJARAT,TRUE
TH4W,SMT RJ,JHUNJHUNU,,JHUNJHUNU,RAJASTHAN,TRUE
TH5U,SMART DABHOI,DABHOI AHMEDABAD,,AHMEDABAD,GUJARAT,TRUE
TH86,BETA PLAZA,"LGF,BETA PLAZA ,LS - 1, SECTOR BETA - 1,GREATER NOIDA, UP, PIN NO. - 201301",201301,NOIDA,UTTAR PRADESH,TRUE
TH91,SUNNY TRADE CENTRE,"SUNNY TRADE CENTRE,NEW AATISH MARKET, MANSAROVER,GOPALPURA BYEPASS,JAIPUR RAJASTHAN - PIN NO - 302020",302020,JAIPUR,RAJASTHAN,TRUE
TH94,KHORI HOUSE,"KHORI HOUSE, DEVIPURA,NEAR BAJAJ CIRCLE,OPP BANK OF BARODA,SIKAR, RAJASTHAN, PIN NO. -  332001",332001,SIKAR,RAJASTHAN,TRUE
THANE,RAKESH TRADING COMPANY,"SHOP NO - 1415, A,B,K, NEAR VIGHNAHARTA APARTMENT, PIMPLAS ROAD, KONGAON, BHIWANDI, THANE,e ",421311,THANE,MAHARASHTRA,TRUE
THANE1,SHREE SHYAM TRADING CO,"67/1, GALA NO 2, KHADAK ROAD, BHUDWADA, KUWARI COMPOUND, BHIWANDI, THANE, MAHARASHTRA",462026,THANE,MAHARASHTRA,TRUE
TI3H,SMART AMAINER,AMAINER,,AMAINER,MAHARASHTRA,TRUE
TI76,SMART CHANDRA MALL PALGHAR,"1 & 2,GURUKRUPA, NEAR CHANDRA MALL, DAHANU ROAD, DIST - PALGHAR, MUMBAI MAHARASHTRA, PIN NO. - 401602",401602,MUMBAI,MAHARASHTRA,TRUE
TIBI,STORE Hanumangarh,"STORE HANUMANGARH,METRO CASH N CARRY,CENTRE WAREHOUSE,TIBI ROAD,HANUMANGARH - III",,HANUMANGARH,RAJASTHAN,TRUE
TIJARA,KANHA ENTERPRISES,"Shop No  5,M/S Kanha Enterprises Near Suraj School Villege  Karampur Bhiwadi Alwar Main Road Tehsil Tijara Alwar Rajasthan ",301707,BHIWADI,RAJASTHAN,TRUE
TIQ4,RRL SMART SAI COMPLEX,CUTTAK,,CUTTACK,ODISHA,TRUE
TIT4,RRL SMART SHAHA COMPLEX SATARA,RRL SMART SHAHA COMPLEX SATARA,415001,SATARA,MAHARASHTRA,TRUE
TIT8,RRL SAI SEVA COMPLEX,SEVA COMPLEX,423109,SHIRDI,MAHARASHTRA,TRUE
TIT9,RRL SMART AMAYA VIDISHA RD ASHOKNAGAR,RRL SMART AMAYA VIDISHA RD ASHOKNAGAR,473338,ASHOKNAGAR,MADHYA PRADESH,TRUE
TIU2,RRL SMART BINAKAHERITAGE JAGD,RRL SMART BINAKAHERITAGE JAGD,494001,JAGDALPUR,CHHATISGARH,TRUE
TIU6,DUMKA,"GF & FF, HOLDING NO. 87, WARD NO. 13, KHATA NO. 38/100, DAAG NO. 1663, PS DUMKA DUMKA, JHARKHAND, PIN NO. - 814101",814101,DUMKA,JHARKHAND,TRUE
TIY4,SMART SUREEL BUSINESS HOUSE NARODA,"""RRL Smart Sureel Business House Naro Reliance Retail Limited GF & FF Sureel Business House Sureel Naroda Vasant Vihar 2 Nava Naroda 382330 Ahmedabad"" ",382330,AHMEDABAD,GUJARAT,TRUE
TIZ5,"RRL SMART ASHOSHI COMPLEX, WANI",WANI,445304,WANI,MAHARASHTRA,TRUE
TJG2,RRL SMART DHUNGAPUR,RAIGHAR,,RAIGAD,MAHARASHTRA,TRUE
TJX0,RRL NCB MALL NANDURBAR,RRL SMART NCB MALL NANDURBAR RELIANCE RETAIL LIMITED SMART NANDURBAR BUSINESS CENTER NCB MALL OPP KOKANI HILL,425412,NASIK,MAHARASHTRA,TRUE
TK48,CITY CENTRE MALL,"PLOT NO 247-249,256, COMBINED BUILDING MAIN ROAD, MAUZA - HIRAPUR, DHANBAD, JHARKHAND, PIN NO - 826001",826001,DHANBAD,JHARKHAND,TRUE
TK4O,Jio Mart Dark Store BM Tower N,Nashik,,NASIK,MAHARASHTRA,TRUE
TKD3,SMART ARYAN PLAZA BOTAD,"""Smart Aryan Plaza Botad Reliance Retail Limited GF Aarya Plaza  Paliyad Road GIDC Botad Gujarat 364710"" ",364710,BOTAD,GUJARAT,TRUE
TKD4,SMART BOTAD,BOTAD,364710,BOTAD,GUJARAT,TRUE
TKE5,SMART SKY MALL MORBI,"""RRL Smart Sky Mall Morbi Reliance Retail Limited Sky Mall Nr Ramayvatika Societ Sanala Rd Morbi Gujarat 0 Sky Mall Sanala Road 363641 Morbi"" ",363641,MORBI,GUJARAT,TRUE
TKE6,SMART C3 CELEBRATION MALL MALL BOPAL,RRL Smart C3 Celebration Mall Bopal Reliance Retail Limited GF Shop No  A1 to A3 A 64 and 65 and FF A 101 to A 112 Oppo C S Bopal Main Rd South Bopal 380058 Ahmedabad ,380058,AHMEDABAD,GUJARAT,TRUE
TKS4,"MALHAR SANKUL, KALYAN (W)","MALHAR SANKUL CHS, SHOP NO. 4 - 8, MOHINDER SINGH KABUL ROAD, CROSS AGRA ROAD, KALYAN WEST, MAHARASHTRA, PIN NO.- 421301",421301,KALYAN,MAHARASHTRA,TRUE
TKS6,RRL SMART DERA BASSI,"HVQ4+4VF, Shiv Puri Colony, Dera Bassi, Punjab 140507",140507,MOHALI,PUNJAB,TRUE
TKV5,MBC PARK AMBERNATH,"MASTER BUSINESS CENTER AMBERNATH, SHOP NO 7,8,9 & 10, PLOT NO 34, KALYAN BADLAPUR ROAD, AMBERNATH, MAHARASHTRA, PIN NO. - 421505",421505,AMBERNATH,MAHARASHTRA,TRUE
TKX6,RRL SMART BILASPUR,BILASPUR,495001,BILASPUR,CHHATISGARH,TRUE
TKX8,RRL SMART VISHAL CAPITAL CHAKAN,RELIANCE SMART VISHAL CAPITAL CHAKAN ,410501,PUNE,MAHARASHTRA,TRUE
TKY1,RRL TRENDS AMRAVATI,RACHANASHR,444601,AMRAVATI,MAHARASHTRA,TRUE
TKY2,RRL Trends Tarn Taran Reliance Retail Limited,"Mohindra Enclave Village Nalagarh HB  69 Amritsar Road Bypass Tarn Taran, Punjab TARN TARAN",143401,TARN TARAN,PUNJAB,TRUE
TL07,MADDOX MALL ,"MADDOX MALL,DOOR NO 8-8-78-8-8,STATION ROAD WARANGAL CITY,WARANGAL CORPORATION & DISTRICT , TELANGANA, PIN NO  - 506002",506002,WARANGAL,TELANGANA,TRUE
TLI2,SMART CITY CENTRE MALL UMRED,CENTRE MALL,441203,UMRED,MAHARASHTRA,TRUE
TLT9,SMART TARN TARAN,RRL SMART TARN TARAN GS TOKI COMPLEX OPP MAHINDRANENCLAVE MARKET AMRISTSAR ROAD ,143401,TARN TARAN,PUNJAB,TRUE
TM0E,"CWC,CENTRAL WAREHOUSING CORPROTION",",Nawabundra ,Ananadnagar, bhavnagar 364005",364005,BHAVNAGAR,GUJARAT,TRUE
TM15,TRENDS HANUMANGARH,TRENDS HANUMANGARH,,HANUMANGARH,RAJASTHAN,TRUE
TM95,SAI KRUPA KHARGHAR,"UNIT NO 1 TO 8, SAI KRUPA HILL VIEW CHS,SECTOR - 12,KHARGHAR NAVI MUMBAI, PIN NO -  410210",410210,NAVI MUMBAI,MAHARASHTRA,TRUE
TMI3,SMART BANGLORE,BANGLORE,,BANGALORE,KARNATAKA,TRUE
TMN0,RRL SMART MOSHI,-,,PUNE,MAHARASHTRA,TRUE
TMS4,"SMART SURYAN MONOLITH, GANDHINAGAR",NA,382421,AHMEDABAD,GUJARAT,TRUE
TMW6,SMART SEWRI,NA,400015,MUMBAI,MAHARASHTRA,TRUE
TMW7,SMART KALWA THANE,KALWA,400601,THANE,MAHARASHTRA,TRUE
TMW9,CDIT DC 20 Cube Ahmedabad,"Reliance Retail Limited RRL, 20Cube Warehousing And Dist Pvt Ltd, Wh No Block B 799 Cadila Estate, Ahmedabad ",382427,AHMEDABAD,GUJARAT,TRUE
TMX1,SMART PIONEER TOWER SATARA,PIONEER TOWER SATARA,415001,SATARA,MAHARASHTRA,TRUE
TMZ9,SMART NISARG GREENS,AMBERNATH,421501,MUMBAI,MAHARASHTRA,TRUE
TN54,CHANDRA SQUARE,"CHANDRA SQURE,NEAR HYUNDAI SHOWROOM,VIDHAN SABHA ROAD,MOWA,CHHATTISGARH,RAIPUR, MP, PIN NO. -  492001",492001,RAIPUR,CHHATISGARH,TRUE
TN56,ANANDA EXPORT,"PLOT NO-468/4586 &468/4254, NAYAPALLI,BESIDE KRISHNA TOWER,BHUBANESWAR, ORISSA, PIN NO. - 751012",751012,BHUBANESHWAR,ODISHA,TRUE
TNA8,SMART CELEBRATION MALL BOPAL,"""RRL Smart C3 Celebration Mall Bopal Reliance Retail Limited GF Shop No  A1 to A3 A 64 and 65 and FF A 101 to A 112 Oppo C S Bopal Main Rd South Bopal 380058 Ahmedabad"" ",380058,AHMEDABAD,GUJARAT,TRUE
TNAB,SMART ADVANCE MILLS,SMART ADVANCE MILLS,380001,AHMEDABAD,GUJARAT,TRUE
TNB2,AURANGABAD,AURANGABAD,431001,AURANGABAD,MAHARASHTRA,TRUE
TNB4,BILASPUR,Reliance Retail Limited  City Mall 36 Mangla Chowk  Bilaspur,495001,BILASPUR,CHHATISGARH,TRUE
TNB5,SMART HIMALAYA MALL BHAVNAGAR,"""Smart Himalaya Mall Bhavnagar Reliance Retail Limited Himalaya Mall Opp victoria park Besides Iscon Mega City 120 feet Ring road 364001 BHAVNAGAR"" ",364001,BHAVNAGAR,GUJARAT,TRUE
TNB7,SMART,SMART MANGLA CHOWK,495001,BILASPUR,CHHATISGARH,TRUE
TNC5,SMART VISHWAKARMA JAIPUR,"198. Sikar Rd, Udyog Nagar, Vishwakarma Industril Area, Jaipur, Rajasthan 302013",302013,JAIPUR,RAJASTHAN,TRUE
TNC6,SMART JALANDHAR PUDA,RELIANCE DIGITAL SECOND FLOOR RELIANCE MALL PUDA MULTIPLEX,144001,JALANDHAR,PUNJAB,TRUE
TNC9,SMT MKT TG Nizambad Vinayak N,SMT MKT TG Nizambad Vinayak N,,NIZAMABAD,TELANGANA,TRUE
TND1,SMART NANA MAVA RAJKOT,"""Smart Nana Mava Rajkot Reliance Retail Limited Plot No 2 ASurvey No 30 Scheme No 3Nana Mava Rajkot 360005  ",36001,RAJKOT,GUJARAT,TRUE
TND3,SMART SANGLI,SANGLI,416406,SANGLI,MAHARASHTRA,TRUE
TND5,SMART VESU SURAT,"""Smart Vesu Surat Reliance Retail Limited JH Ambani Saraswati Vidya Mandir School Vesu Char Rasta Udhana Magdalla Rd 395007 SURAT"" ",395007,SURAT,GUJARAT,TRUE
TNJ5,SMART SAKINAKA HUB SPACE,MUMBAI,400072,MUMBAI,MAHARASHTRA,TRUE
TNK6,ResQ SVC Iconic Service,"G/01, Chitrakut Apt., Nr. Rocket Circle, Opp Vijay Sales, Rander, Surat, Gujarat,",395005,SURAT,GUJARAT,TRUE
TNM1,SMART VADODARA UNDHERA,"UNDHERA CIRCLE, VADODARA",390001,VADODARA,GUJARAT,TRUE
TNP8,SMT ROM PUNE MANJIRI BUDRUK,PUNE,,PUNE,MAHARASHTRA,TRUE
TO18,GP MALL,"GP MALL, GROUND FLOOR,SUBHASH WARD, BUS STAND ROAD,HARDA, MP, PIN NO. -  461331",461331,HARDA,MADHYA PRADESH,TRUE
TO20,ROLEX TOWER,"ROLEX SQUARE  COMMERCIAL COMPLEX,CITY CENTRE TULSI VIHAR COLONY,GWALIOR, MP, PIN NO.- 474002",474002,GWALIOR,MADHYA PRADESH,TRUE
TO36,RRL SUPER WAHID PROPERTY,CUTTAK,,CUTTACK,ODISHA,TRUE
TO54,REGAL CIVIC CENTRE ,"KHASRA NO 147/3/1,148/1,148/4/2/2, (PLOT 31/19),PHOT NO 2,VILLAGE KHAJURIKALAN,AWADHPURI,TEHSIL HUZUR ,BHOPAL, MADHYA PRADESH, PIN NO. - 462022",462022,BHOPAL,MADHYA PRADESH,TRUE
TOD0,SMART SINNAR,NASIK,422103,NASIK,MAHARASHTRA,TRUE
TOG4,SMART FARIDKOT,SMART FARIDKOT,,FARIDKOT,PUNJAB,TRUE
TOG7,SMART PLATINUM TOWER PUNE,SMART PLATINUM TOWER PUNE,411001,PUNE,MAHARASHTRA,TRUE
TOG9,Deen Dayal Hastkala Sankul,"Badalalpur, Lamhi, Varanasi,",221003,VARANASI,UTTAR PRADESH,TRUE
TOH0,RRL TRENDS YAVATMAL,YAVATMAL,445001,YAVATMAL,MAHARASHTRA,TRUE
TOJ6,SMART R CITY MALL,"SMART R CITY MALL , GHATKOPAR",400086,MUMBAI,MAHARASHTRA,TRUE
TOL2,SMART FORTUNE PLAZA SHIVPURI,GWALIOR,,GWALIOR,MADHYA PRADESH,TRUE
TOL7,RRL SB DOMBIVALI,"CST Side E-W FOB, Vishnu Nagar, Dombivli West, Dombivli, Maharashtra 421201",421201,MUMBAI,MAHARASHTRA,TRUE
TOM0,SMART KORUM MALL,THANE,410206,THANE,MAHARASHTRA,TRUE
TONK,JOYTI COLONY,JOYTI COLONY JAHAZPUR ROAD DEOLI TONK -,304804,TONK,RAJASTHAN,TRUE
TOY3,SMART BHARAT ECOVISTA,AMBARNATH,,AMBERNATH,MAHARASHTRA,TRUE
TP04,FRESH KARTAR TOWER ,"E 4/41, NEAR GURDWARA,ARERA COLONY, BHOPAL,MP, PIN NO. -  462016",462016,BHOPAL,MADHYA PRADESH,TRUE
TP61,SMART YASH PINNACLE AHMEDABAD,"YASH PINNACLE ,GF SHOP NO.3 TO 9,NEAR ANJALI CROSS ROAD, PALDI,ASHRAM ROAD,AHMEDABAD, GUJARAT, PIN NO. - 380009",380009,AHMEDABAD,GUJARAT,TRUE
TP74,SMART OMKARA VADODARA,"OMKARA APARTMENTS GF & FF , MANJALPURA,VADODARA, GUJARAT, PIN NO.- 390011",390011,VADODARA,GUJARAT,TRUE
TP75,SHASHTRI BRIDGE,"COMMERCIAL COMPLEX, PLOT NO. 71/4, STREET NO. 262,MAHANADDA, OPPO GULZAR HOTEL,JABALPUR, MADHYA PRADESH, PIN NO. - 482002",482002,JABALPUR,MADHYA PRADESH,TRUE
TP76,SARASWATI NAGAR,"RELIANCE MARKET,PLOT NO 7,DIST SHOPPING CENTRE, NEW PALI ROAD,SARASWATI NAGAR JODHPUR 342005",342005,JODHPUR,RAJASTHAN,TRUE
TPM4,SMART SUYOG PALACE NAGPUR,SMART SUYOG PALACE NAGPUR RELIANCE RETAIL LIMITED SUYOG PALACE 8 RASTA SQR LAXMI NAGAR NAGPUR TEL & DIST NAGPUR ,440015,NAGPUR,MAHARASHTRA,TRUE
TPT7,SMART SHANTAI CITY CENTER TALEGAON,SMART SHANTAI CITY CENTER TALEGAON SHANTAI CITY CENTER OLD S NO 714 NEW S NO 532 SURVEY NO 2431 T0 2435 & 3294 TALEGAON DABHADE TAL MAVAL DIST PUNE  ,410507,PUNE,MAHARASHTRA,TRUE
TPU4,"SMART VISION MALL, GADCHIROLI","RRL, VISION MALL, NEAR BUS STAND, DHANORA ROAD",442605,GADCHIROLI,MAHARASHTRA,TRUE
TQ10,SMART YASH ARRIAN AHMEDABAD,"GF NO. 11-18, NEW GURUKUL,SWAMI VIVEKANAND CROSS ROAD,AHEMDABAD, GUJARAT, PIN NO. - 380052",380052,AHMEDABAD,GUJARAT,TRUE
TQ21,SANTOSH NAGAR GOREGAON,"GF & FF, OPP DINDOSHI BUS DEPOST,SANTOSH NAGAR, FILM CITY ROAD,GOREGAON (EAST), MUMBAI, PIN NO. - 400065",400065,MUMBAI,MAHARASHTRA,TRUE
TQ58,SMART SIDDHIVINAYAK KOLHAPUR,"SIDDHIVINAYAK CITY CENTRE,GROUND FLOOR SIDDHIVINAYAK NAGAR, SHIVAJI NAGAR, KOLHAPUR, MAHARASHTRA, PIN NO. - 415639",415639,RATNAGIRI,MAHARASHTRA,TRUE
TQ59,RRL smart Goodlife Boisar,MUMBAI,,MUMBAI,MAHARASHTRA,TRUE
TQ60,VERTEX MALL KALYAN,"VERTEX  COMMERCIAL COMPLEX,  GROUND N FIRST FLOOR, PLOT NO A, BEHIND MOHAN HEIGHTS, OFF BHIWANDI MURBAD RD, KALYAN WEST KHADAKPADA THANE MUMBAI, MAHARASHTRA, PIN NO. -  421301",421301,MUMBAI,MAHARASHTRA,TRUE
TQ63,SMART ADHESHWAR ROYAL PALI,"ADESHWAR ROYALE, MAIN SUMERPUR ROAD, PALI, RAJASTHAN, PIN NO. - 306902",306902,PALI,RAJASTHAN,TRUE
TQ70,REALITY WAREHOUSE WAGHOLI,"REALITY WAREHOUSING, GATE NO 1337/1, NEAR KAVERI HOTEL, WAGHOLI, TAL – HAVELI, PUNE, MAHARASHTRA, PIN NO. - 412207",412207,PUNE,MAHARASHTRA,TRUE
TQ74,SAI SAGAR ,"SAI SAGAR HEIGHTS, PLOT NO 1,2,3,  A B ROAD,  GUNA, MP, PIN NO - 473001",473001,GUNA,MADHYA PRADESH,TRUE
TR31,RRL SMART VARDHAMAN HEIGHT BE,AURANGABAD,,AURANGABAD,MAHARASHTRA,TRUE
TSDH,SMART AHMEDABAD,AHMEDABAD,,AHMEDABAD,GUJARAT,TRUE
TSP9,RRL Trends Lahartara Varanasi,"RRL Trends Lahartara Varanasi Reliance Retail Limited,Property Plot No,D65/319,Lahartara,VARANASI UP 221103",221103,VARANASI,UTTAR PRADESH,TRUE
TTS7,SMARTNET UNITY LOGISTICS PARK,JABALPUR,482002,JABALPUR,MADHYA PRADESH,TRUE
TU19,SMART MOTIWALA SQUARE AURANGABAD,"UGF, MOTIWALA SQUARE, CTS NO. 15814/3,AKASHWANI CHOWK, JALNA ROAD,AURANGABAD, MAHARASHTRA, PIN NO. - 431003",431003,AURANGABAD,MAHARASHTRA,TRUE
TU22,RRL SMART YASHPRAPTI TOWER AHMEDNAGAR,RRL SMART YASHPRAPTI TOWER AHMEDNAGAR,414001,AHMEDNAGAR,MAHARASHTRA,TRUE
TU42,SMART ADAJAN SURAT,"""RRL Smart Surat Adajan Reliance Retail Limited 1ST FLOOR  ANAND MAHAL BUILDING ANAND MAHAL MAIN Rd BESIDE GAIL TOWER 395009 SURAT"" ",395009,SURAT,GUJARAT,TRUE
TU48,SURBHI SQUARE,"GF, SURBHI SQAURE, SHOP NO. 1-42, OPPO GAYATRI ASHRAM, AJMER ROAD,BHILWARA RAJASTHAN, PIN NO.- 311001",311001,BHILWARA,RAJASTHAN,TRUE
TU50,SHIRANI MOTORS,"MUNICIPAL PLOT NO.12/1, BLOCK NO.F, VEER SAWARKAR MARG,MHOW NEEMUCH ROAD, RATLAM MADHYA PRADESH, PIN NO. - 457001",457001,RATLAM,MADHYA PRADESH,TRUE
TUD1,SMART SAKHARKAR CELEBRATION BHANDARA,BHANDARA,441904,BHANDARA,MAHARASHTRA,TRUE
TUM8,NEAR BALAJI HOTEL NAWALGARH,NEAR BALAJI HOTEL NAWALGARH,333042,JHUNJHUNU,RAJASTHAN,TRUE
TUR4,SMTMHSOLAPUR ASHA CINEMA,SOLAPUR,,SIDDIPET,TELANGANA,TRUE
TV15,SMT ROM AMRAVATI ACC LANDMARK T,AMRAVATI,,AMRAVATI,MAHARASHTRA,TRUE
TV29,RRL TRENDS AMRA,AMRAVATI,444601,AMRAVATI,MAHARASHTRA,TRUE
TV53,SMART BAJAJ GALAXY NANDED,"SHOP 2 TO 39, PLOT NO. 106 TO 111 & 133, S NO. 216/B, 217/C, CANAL ROAD,WADI(BK), NANDED MAHARASHTRA, PIN NO. - 431605",431605,NANDED,MAHARASHTRA,TRUE
TWOX,RRL TRENDS CHANDRAPUR,CHANDRAPUR,,CHANDRAPUR,MAHARASHTRA,TRUE
TX0W,SMARTNET SAGAR COMLEX,SMARTNET SAGAR COMLEX,400086,MUMBAI,MAHARASHTRA,TRUE
TX1X,RRL Trends Raipur Vishal Mega Mart,"RRL Trends Raipur Vishal Mega Mart,Reliance Retail Limited,Khsrano 536/2Plno 11/2Kakha11/6Khaka, Beside Vishal Mega Mart Main Road,Pandri Pandritarai Raipur ",492004,RAIPUR,CHHATISGARH,TRUE
TX3Z,RRL Trends Srinagar,Rajbagh   SRINAGAR JK,190008,SRINAGAR,JAMMU & KASHMIR,TRUE
TX40,SMART ELPRO CHINCHWAD PUNE,"SMART ELPRO CHINCHWAD PUNE Bus stand,  GF,  Elpro City Square,CTS No 4270, Elpro Compound, opp. Chinchwad gaon, Chinchwad,",411033,PUNE,MAHARASHTRA,TRUE
TX4U,RRL TST MANASA,MANASA,,INDORE,MADHYA PRADESH,TRUE
TX51,RRL TST Wadi,NAGPUR,,NAGPUR,MAHARASHTRA,TRUE
TX7R,RRL TST JASDAN,RAJKOT,360001,RAJKOT,GUJARAT,TRUE
TX83,KALANAGAR SAHAKARI BHANDAR BANDRA (E),"ZAPOORZA-A WING,SAHITYA SAHAWAS/COORDINATES,MADHUSUDAN KALELKAR RD, KALA NAGAR, BANDRA EAST, MUMBAI, PIN NO. - 400051",400051,MUMBAI,MAHARASHTRA,TRUE
TX85,RRL SMART SIRHIND BASSI RD,RRL SMART SIRHIND BASSI RD,140406,SIRHIND,PUNJAB,TRUE
TX8X,HIMMATNAGAR,"Sky One Opp Reliance Mallshop 1 6 Mahavir Nagarsabarkantha Khed Tasia Rd, HIMATNAGAR( GJ) ",383001,HIMMATNAGAR,GUJARAT,TRUE
TXCF,SMART NET CWC - THURBE DC, NAVI MUMBAI,400703,NAVI MUMBAI,MAHARASHTRA,TRUE
TXGA,RATANLAL PLOT YAVATMAL,RATANLAL PLOT YAVATMAL,445001,YAVATMAL,MAHARASHTRA,TRUE
TXOA,RRL SB SMART,RAIGAD BAZAR,402107,RAIGAD,MAHARASHTRA,TRUE
TXQV,SMARTNET DR. DAYMA PROPERTY,AHMEDNAGAR,414001,AHMEDNAGAR,MAHARASHTRA,TRUE
TXTD,SMTRJBIKANER RAM RATAN KOCHE,BIKANER,,BIKANER,RAJASTHAN,TRUE
TXTU,RRL MILK BASKET SITAPURA CWC WAREHOUSE,SITAPURA JAIPUR RAJASTHAN,302022,SITAPURA,RAJASTHAN,TRUE
TXUJ,SMARTNET CENTRAL AVENUE NAGPUR,SMARTNET CENTRAL AVENUE NAGPUR,440018,NAGPUR,MAHARASHTRA,TRUE
TXUK,SMARTNET DESHMUKH PERTH AKOLA,SMARTNET DESHMUKH PERTH AKOLA,44403,AKOLA,MAHARASHTRA,TRUE
TXVW,RRL SMART NYATI EMPRESS,PUNE,,PUNE,MAHARASHTRA,TRUE
TXWU,CHACHARWADI SMARTNET,CHACHARWADI SMARTNET,382213,AHMEDABAD,GUJARAT,TRUE
TXYF,SMART ANAND TARANG,SMART ANAND TARANG,,PUNE,MAHARASHTRA,TRUE
TY38,FRESH STORE AIRFORCE JAMNAGAR,"AFWWA, AIRFORCE 1, AIRFORCE STATION JAMNAGAR, NEAR DIGJAM CIRCLE,JAMNAGAR, GUJARAT, PIN NO. -  361003",361003,JAMNAGAR,GUJARAT,TRUE
TY86,SMART CINE MALL KOTA,"CINE MALL KOTA, A- 15, (A), MAIN JHALAWAR ROAD, INDRAPRASTHA INDUSTRIAL AREA, KOTA, RAJASTHAN, PIN NO. - 324005",324005,KOTA,RAJASTHAN,TRUE
TZ53,ONE MALL RAVET PUNE,"SR NO. 22/2, AUNDH RAVET BRTS ROAD, RAVET PUNE, MAHARASTRA, PIN. NO. - 412101",412101,PUNE,MAHARASHTRA,TRUE
TZ54,REFILLERS KONDHWA,"S NO. 11 H.NO 3/2B + 2 TO 6 & 11/3/5, KHADI MACHINE CHOWK, KONDHWA BK PUNE, MAHARASHTRA, PIN NO.- 411048",411048,PUNE,MAHARASHTRA,TRUE
TZ55,RRL SMART JAGTAP PROPERTY PIMPLE GUR,RRL SMART JAGTAP PROPERTY PIMPLE GUR RELIANCE RETAIL LIMITED  SR NO 15 OPPO ENGRACIA APARTMENT PIMPLE GURAV PUNE ,411061,PUNE,MAHARASHTRA,TRUE
TZ5Y,SMARTNET,MOTIKHAVADI,,AHMEDABAD,GUJARAT,TRUE
TZ6V,SMART CONCEPTARENA,THANE,,THANE,MAHARASHTRA,TRUE
TZ6W,SMART THANEKAR PALASIA,SMART THANEKAR PALASIA,,MUMBAI,MAHARASHTRA,TRUE
TZ7I,SMART AMRELI GJ,AMRELI,,AHMEDABAD,GUJARAT,TRUE
TZ7J,SMART JUNAGADH,GJ,,AHMEDABAD,GUJARAT,TRUE
TZ7K,SMART NIKOL AHMEDABAD,NIKOL,,AHMEDABAD,GUJARAT,TRUE
TZB7,SMT TN RAJAPALAYAM SANKARANKOV,TIRUNELVELI,,TIRUNELVELI,TAMIL NADU,TRUE
TZKK,SMART KD BUSINESS CENTRE,THANE,,THANE,MAHARASHTRA,TRUE
TZNT,SMT ROM SOLAPUR THE EMPORIUM,SOLAPUR,,SOLAPUR,MAHARASHTRA,TRUE
TZS2,Smart Veraval,Smart Veraval,,VELLORE,TAMIL NADU,TRUE
TZT7,RRL SB SMART POONAM NAGAR ANDHERI,ANDHERI MUMBAI,NA,MUMBAI,MAHARASHTRA,TRUE
U001,BALAJI HERITAGE KHARGHAR,"BALAJI HERITAGE, PLOT NO. 83, SECTOR 11, KHARGHAR, NAVI MUMBAI 410210",410210,NAVI MUMBAI,MAHARASHTRA,TRUE
U002,SP TYCOON SAPPHIRE KALYAN,"SHOP NO. 7, TYCOON SAPPHIRE, BARAVE ROAD, GODREJ HILL, KALYAN, 421301",421301,KALYAN,MAHARASHTRA,TRUE
U005,IMPERIAL HEIGHTS CHAVINDRA,"IMPERIAL HEIGHTS, OLD NASHIK ROAD, CHAVINDRA, BHIWANDI 421302 ",421302,BHIWANDI,MAHARASHTRA,TRUE
U006,MRUNMAYEE PALACE KALYAN WEST,"MRUNMAYEE PALACE, GF NEAR CHATRI BUNGALOW, CHIKHANGHAR, KALYAN WEST  421301",421301,KALYAN,MAHARASHTRA,TRUE
U007,ALLIANCE HERITAGE KALYAN WEST,"ALLIANCE HERITAGE, BESIDE HONDA SHOWROOM, KON GAON, NEXT TO RELIANCE PETROL PUMP, KALYAN WEST 421311",421311,KALYAN,MAHARASHTRA,TRUE
U008,SP SHAGUN WHITE WOOD ULWE,"GF, SHAGUN WHITE WOOD, PLOT NO 204, SECTOR 23, SHIVAJI CHOWK, ULWE, NAVI MUMBAI, MAHARASHTRA, PIN NO. - 410206",410206,NAVI MUMBAI,MAHARASHTRA,TRUE
U009,UMA PARADISE TITWALA EAST,"UMIYA PARADISE, A WING , GANAPATI MANDIR ROAD, TITWALA EAST - 421605",421605,THANE,MAHARASHTRA,TRUE
U010,SATYAM IMPERIAL GHANSOLI,"SATYAM IMPERIAL HEIGHTS, SECTOR 11, PLOT NO. 11,GHANSOLI, NAVI MUMBAI 400701 MAHARASHTRA",400701,NAVI MUMBAI,MAHARASHTRA,TRUE
U011,SHANKESHWAR PLAZZO ULWE,"SHANKESHWAR PALLAZO SHOP NO. 1-8, PLOT NO. 182, SECTOR 9, ULWE, NAVI MUMBAI 410206",410206,NAVI MUMBAI,MAHARASHTRA,TRUE
U013,SAI PROVISO KOPARKAIRANE,"SAI PROVISO SHOP NO 1&2, SECTOR 4A, PLOT NO. 13,14,15,16 KOPARKHAIRANE, NAVI MUMBAI 400709 MAHARASHTRA",400709,NAVI MUMBAI,MAHARASHTRA,TRUE
U014,SP OM HARMONY KHARGHAR,"OM HARMONY SHOP 1-5, PLOT NO. 267, ANUSHAKTI NAGAR, SECTOR 10, NEAR EASY DAY KHARGHAR, MUMBAI, MAHARASHTRA, PIN NO. -  410210",410210,NAVI MUMBAI,MAHARASHTRA,TRUE
U015,SP ANCHIT TOWER ROADPALI KALAMBOLI,"ANCHIT TOWER SHOP NO. 1-2, KALAMBOLI LINK RD, ROADPALI, NAVI MUMBAI, MAHARASHTRA, PIN NO.  - 410218",410218,NAVI MUMBAI,MAHARASHTRA,TRUE
U017,AMAR HARMONY TALOJA,"AMAR HARMONY, SHOP NO 17-22, PHASE -1, TALOJA, NAVI MUMBAI, MAHARASHTRA, PIN NO. - 410208",410208,NAVI MUMBAI,MAHARASHTRA,TRUE
U018,SP MAHAVIR KRUPA BLDG BHIWANDI,"SHOP NO. S 4 - 9 & S 11, GF, SHREE MAHAVIR KRUPA, OSWAL PARK , BHIWANDI- VASAI ROAD, BHIWANDI, MAHARASHTRA, PIN NO. - 421308",421308,BHIWANDI,MAHARASHTRA,TRUE
U019,SDEV EXOTICA BADLAPUR EAST ,"DEV EXOTICA, NR. INDIAN OIL PETROL PUMP, BADLAPUR KARJAT HIGHWAY, BADLAPUR EAST 421503",421503,BADLAPUR,MAHARASHTRA,TRUE
U020,SARVODAY LEELA THAKURLI,"SARVODAY LEELA, 90 FEET RD, THAKURLI, DOMBIVLI EAST , MUMBAI 421301",421301,NAVI MUMBAI,MAHARASHTRA,TRUE
U021,MOHAN ARECA BADLAPUR,"MOHAN ARECA, SHOP NO. 11,12,13,14 NEAR MOHAN PALM, KATRAP, BADLAPUR EAST 421503",421503,BADLAPUR,MAHARASHTRA,TRUE
U022,RATTAN ICON SEAWOODS NERUL,"SHOP NO. 1, RATTAN ICON, SEAWOODS PLOT NO. 121, SECTOR - 50, NERUL, NAVI MUMBAI 400706",400706,NAVI MUMBAI,MAHARASHTRA,TRUE
U023,SP KOHINOOR LUXURIA KALYAN,"SHOP NO. 2,3 & 4, KOHINOOR LUXURIA , POONA LINK ROAD, KALYAN EAST 421306",421306,KALYAN,MAHARASHTRA,TRUE
U024,VIHANG SHANTIVAN MAJIWADA,"VIHAN SHANTIVAN, GF, NEAR RUTU PARK, SERVICE ROAD, MAJIWADA, THANE WEST 400601",400601,THANE,MAHARASHTRA,TRUE
U025,SHREEJI SPLENDOR THANE WEST,"MUKESH SMART MARKET, SHREEJI SPLENDER, SHOP NO. 8,9 & 10, THANE WEST 400607",400607,THANE,MAHARASHTRA,TRUE
U026,KOHINOOR WAVES ULHASNAGAR,"SHOP NOS. 11,12,13,KOHINOOR WAVES, KALYAN AMBERNATH ROAD,SHANTI NAGAR, ULHASNAGAR, MAHARASHTRA, PIN NO.- 421003",421003,THANE,MAHARASHTRA,TRUE
U027,SP TRICITY SKYLINE SANPADA,"SHOP NO. 1-4, TRICITY SKYLINE, PLOT 21, SANPADA STATION RD, SECTOR 4, SANPADA, NAVI MUMBAI, MAHARASHTRA, PIN NO. -  400704",400704,NAVI MUMBAI,MAHARASHTRA,TRUE
U028,SP MAHAVIR HEIGHTS DOMBIWALI,"SMART POINT MAHAVIR HEIGHTS NX, SHOP NO.1, PENDSE NAGAR, DOMBIVALI, MAHARASHTRA, PIN NO. - EAST 421201",421201,DOMBIVALI,MAHARASHTRA,TRUE
U030,SP KESHAV KUNJ VASHI,"SMART POINT KESHAV KUNJ, PLOT NO. 39/39, SECTOR- 30, VASHI, NAVI MUMBAI, MAHARASHTRA, PIN NO. - 400703",400703,NAVI MUMBAI,MAHARASHTRA,TRUE
U031,SP REGENCY ELANZA ROADPALI,"SMART POINT REGENCY ELANZA ROADPALI,REGENCY ELEENZA , SHOP NO. 4 TO 9,ROADPALI KALOMBOLI LINK ROAD , PANVEL, NAVI MUMBAI, PIN NO. - 410218",410218,NAVI MUMBAI,MAHARASHTRA,TRUE
U033,SP KONARK ARCADE BHIWANDI,"SHOP NO. 26 KONARK ARCADE, NEXT TO NEW MUNICIPAL CORPORATION, JAKAT NAKA, BHIWANDI, MAHARASHTRA, PIN NO.-  421308",421308,BHIWANDI,MAHARASHTRA,TRUE
U034,SMART POINT MAPLE HILLS KHARGHAR,"PLOT NO.22, GOLF COURSE ROAD, SECTOR 35, KHARGHAR NAVI MUMBAI, MAHARASHTRA, PIN NO. - 410210",410210,NAVI MUMBAI,MAHARASHTRA,TRUE
U035,SMART POINT KRISH CORNER THANE (W),"KRISH CORNER, ANAND NAGAR, KAVESAR - TOPICANA,THANE-WEST, MAHARASHTRA, PIN NO. - 400615",400615,THANE,MAHARASHTRA,TRUE
U061,SMART POINT SAACHI COMPLEX SURAT,"""Smart Point Saachi Complex  Surat Reliance Retail Limited Saachi Complex Ward No 7 Noondh No 4032/14032/3 4032/4 4032/4 and 4032/6 Rughnathpura Near Lal Darwaja Surat 395003 SURAT"" ",395003,SURAT,GUJARAT,TRUE
U062,SMART POINT NEW DTC SURAT,"""Smart Point New DTC Surat Reliance Retail Limited New DTC Ward No 5 Noondh No 1089 1187 and 1190 1191 Haripura Bhavaniwad Near Bhavani Mata Temple Surat 395003 SURAT"" ",395003,SURAT,GUJARAT,TRUE
U063,SMART POINT SILVER PALM SURAT,"""Smart Point Silver Palm Surat Reliance Retail Limited Silver Palm Shop No 2 to 7 GF Kadampalli Opp Mahavir Hospital Nanpura Surat 395001 SURAT"" ",395001,SURAT,GUJARAT,TRUE
U11C,SP FLORAL CITY RAIPUR,SP FLORAL CITY RAIPUR,492001,RAIPUR,CHHATISGARH,TRUE
U11J,RRL SP PARAS ESTATE DUNGARPUR,PARAS ESTATE PLOT NO337 HOSPITAL MAIN RD DUNGARPUR,314001,DUNGARPUR,RAJASTHAN,TRUE
U12S,SP AFZALGARH ROAD JASPUR,SP AFZALGARH ROAD JASPUR,244712,JASPUR,UTTARAKHAND,TRUE
U14Z,SP 150 FT RD UDAIPUR,PLOT NO 378 OPP TATA CLASSIC HIRAN MANGRI SECTOR 6 SP 150 FT RD UDAIPUR RAJASTAHAN - 313001,313001,UDAIPUR,RAJASTHAN,TRUE
U178,SP PATNI COMPLEX,NAGPUR,440003,NAGPUR,MAHARASHTRA,TRUE
U1A1,SP DHARA ARCADE NEAR MAHADEV C,Dhara Arcade Shop No 12B 14 To 12 Near R Mahadev Chowk Mota Varachha Surat Gujarat - 394101,394101,SURAT,GUJARAT,TRUE
U1AX,SP TAAL ROAD JHUNJHUNU,SP TAAL ROAD JHUNJHUNU RELIANCE RETAIL LIMITED PLOT NO 109 NEAR KEMI SHAKTI BUS STAND TAAL ROAD  JHUNJHUNU,333001,JHUNJHUNU,RAJASTHAN,TRUE
U1AY,SP SAVINA MAIN ROAD UDAIPUR,Khasra No. 796 Nr Ram Krishna Vatika Jaismand Savina Main Road,313001,UDAIPUR,RAJASTHAN,TRUE
U1BW,SP CHANDRAKANT ARORA KICCHA,SP CHANDRAKANT ARORA KICCHA,263148,RUDRAPUR,UTTARAKHAND,TRUE
U1C2,SP SHAVION SHOPPING PARADISE SURAT,SHAVION SHOPPING PARADISE NEAR NAKSHATRA EMBASSY GAURAVPATH PAL ADAJAN 395009 SURAT,395009,SURAT,GUJARAT,TRUE
U1E6,SP COURT ROAD RAM NAGAR,SP COURT ROAD RAM NAGAR,247667,ROORKEE,UTTARAKHAND,TRUE
U1F6,SP SANGAM NAGAR,NEW 51 MALL SANGAM NAGAR INDORE -452006,452006,INDORE,MADHYA PRADESH,TRUE
U1GO,SP AWAS VIKAS MAINPURI,SP AWAS VIKAS MAINPURI,205001,MAINPURI,UTTAR PRADESH,TRUE
U1HK,SP ARU TEELBAREILY,SP ARU TEELBAREILY,,BAREILY,UTTAR PRADESH,TRUE
U1I9,SP SAPNA SANGEETA COMPLEX,SP SAPNA SANGEETA COMPLEX RELIANCE RETAIL LIMITED SAPNA SANGEETA COMPLEX INDORE ,452001,INDORE,MADHYA PRADESH,TRUE
U1IE,SP AHMA COMPLEX GADARPUR,SP AHMA COMPLEX GADARPUR ,,HALDWANI,UTTARAKHAND,TRUE
U1N2,SP GOVIND NAGAR KANPUR,KANPUR,208001,KANPUR,UTTAR PRADESH,TRUE
U1N7,SP VINAY PLAZA BAREILY,SP VINAY PLAZA BAREILY,,BAREILY,UTTAR PRADESH,TRUE
U1NW,SP PREM SWEETS SHIVPURI,SP PREM SWEETS SHIVPURI RELIANCE RETAIL LIMITED PREM SWEETS MADHAV CHAWK SIDDHESWAR ROAD IN FRONT OF VISNU MANDIR,473551,SHIVPURI,MADHYA PRADESH,TRUE
U1NX,SP SUNGATE RESIDENCY CHALA VA,SUNGATE RESIDENCY SHOP NO GF 15 TO 20 RS NO 2284 OLD 310 MOUJE CHALA 396191 VAPI,396191,VAPI,GUJARAT,TRUE
U1OH,SP CHATTARGI MARG PANNA,SP CHATTARGI MARG PANNA,488001,PANNA,MADHYA PRADESH,TRUE
U1P4,SP OPP BANK OF BARODA MAHOBA,SP OPP BANK OF BARODA MAHOBA,210427,MAHOBA,UTTAR PRADESH,TRUE
U1QV,SP MAHENDRA HOUSE UDAIPUR,MAHENDRA HOUSE MULA TALAINEAR RAMPURA CIRCLE UDAIPUR RAJASTHAN -313001,313001,UDAIPUR,RAJASTHAN,TRUE
U1RE,SP GYATRI VIHAR CHANDAUSI,SP GYATRI VIHAR CHANDAUSI,,CHANDAUSI,UTTAR PRADESH,TRUE
U1RP,SP MAHARSHI DAYANAND MARG RATLAM,GF MAHARSHI DAYANAND MARG WARD NO 49 RATLAM MADHAYA PRADESH ,457001,RATLAM,MADHYA PRADESH,TRUE
U1RS,SP AGARWAL COMPLEX SHUJALPUR,SP AGARWAL COMPLEX SHUJALPUR RELIANCE RETAIL LIMITED  AGARWAL COMPLEX 340/2 GAYTRI MANDIR ASHTA ROAD SUJALPIR ASHTA ROAD  SHUJALPUR,465333,SHUJALPUR,MADHYA PRADESH,TRUE
U1SK,SP NEAR GAURAV PATH DEOLI,SP NEAR GAURAV PATH DEOLI RELIANCE RETAIL LIMITED  PLOT NO 50 TAGORE NAGAR NEAR GAURAV PAATH TONK,304023,DEOLI,RAJASTHAN,TRUE
U1T2,SP SHANTI PALACE KANPUR,KANPUR,208002,KANPUR,UTTAR PRADESH,TRUE
U1TI,SP FRIENDS COLONY ETAWAH,SP FRIENDS COLONY ETAWAH,,ETAWAH,UTTAR PRADESH,TRUE
U1UH,SP CIVIL LINE ROORKEE,SP CIVIL LINE ROORKEE,247667,ROORKEE,UTTARAKHAND,TRUE
U1WJ,SP TC NAGAR JAIPUR,"T C NAGER (B SECTOR) JAIPUR, RAJASTHAN 302012",302012,JAIPUR,RAJASTHAN,TRUE
U1XT,SP FARIDPUR BAREILY,SP FARIDPUR BAREILY,243201,BAREILY,UTTAR PRADESH,TRUE
U1YZ,PITHAMPUR,MHOW MALL NIMACH ROAD PITHAMPUR ,453441,PITHAMPUR,MADHYA PRADESH,TRUE
U1ZH,SP SUNDAY HUB ANKUR CHOWDI  KATARGAM,SUNDAY HUB SHOP NO 24 TO 31 ANKUR CHOWK KDI CHIKUWADI KATARGAM SURAT 395008 SURAT,395008,SURAT,GUJARAT,TRUE
U1ZR,SP TAPASYA BHAWAN ABHISHEK NAG,SP TAPASYA BHAWAN ABHISHEK NAG,,HARIDWAR,UTTARAKHAND,TRUE
U246,SP PAVILION 79 PUNE,PAVILION,411016,PUNE,MAHARASHTRA,TRUE
U26I,SP Aatman Heights Bhavanagr,Aatman Heights Opp Shaktimata Temple Kaliyabid Bhavnagar BHAVNAGAR Gujarat -364001,364001,BHAVNAGAR,GUJARAT,TRUE
U284,SP PADMANABHPUR,DURG,491001,DURG,CHHATISGARH,TRUE
U29T,SP DHABAI COMPLEX UDAIPUR,SP DHABAI COMPLEX UDAIPUR,313001,UDAIPUR,RAJASTHAN,TRUE
U2CI,SP AGARSEN NAGAR CHURU,SP AGARSEN NAGAR CHURU,331001,CHURU,RAJASTHAN,TRUE
U2FU,SP PATEL PLAZA NEEMUCH,SP PATEL PLAZA NEEMUCH RELIANCE RETAIL LIMITED PATEL PLAZA 46 2 TENOR MARG,458441,NEEMUCH,MADHYA PRADESH,TRUE
U2HL,SP CK TOWER UDAIPUR,"SP CK TOWER UDAIPUR RELIANCE RETAIL LIMITED PLOT NO 1 & PLOT NO1,2,3,4 OPPO HIGHER SEC SCHOOL SALUMBAR",313027,UDAIPUR,RAJASTHAN,TRUE
U2JT,SP AMRAKUNJ AYAN,AHMEDABAD,,AHMEDABAD,GUJARAT,TRUE
U2NK,SP GJ AHMD SAMPAD WOODS,AHMEDABAD,,AHMEDABAD,GUJARAT,TRUE
U2PO,SP PRESIDENT PLAZA,SAMANA,147101,SAMANA,PUNJAB,TRUE
U2XO,SP AIR FORCE STATION JODHPUR,JODHPUR,342002,JODHPUR,RAJASTHAN,TRUE
U310,SP SWARN RESIDENCY,"SP SWARN RESIDENCY, BILASPUR",495001,BILASPUR,CHHATISGARH,TRUE
U356,SP SADIQ TOWER NAGPUR,NAGPUR,440001,NAGPUR,MAHARASHTRA,TRUE
U374,SP JATALE SQUARE,AURANGABAD,431001,AURANGABAD,MAHARASHTRA,TRUE
U3CX,SP ANJANEYA WINGS,BHAVNAGAR,,BHAVNAGAR,GUJARAT,TRUE
U3DC,SP SATYAM COLONY,JAMNAGAR,,JAMNAGAR,GUJARAT,TRUE
U3PT,SP ABHORE ROAD FAZIILKA,SP ABHORE ROAD FAZIILKA,152123,FAZILKA,PUNJAB,TRUE
U3VX,SP DWARIKA,COMPLEX,,JAMNAGAR,GUJARAT,TRUE
U3WA,SP SHIOK BUSSINESS,HUB,,AHMEDABAD,GUJARAT,TRUE
U434,SP GANDHI GRAIN MARKET,NAGPUR,440001,NAGPUR,MAHARASHTRA,TRUE
U445,SP DR PLAZA UJJAIN,NA,456001,UJJAIN,MADHYA PRADESH,TRUE
U458,"SP BHATTS COMPLEX, BHOPAL",NA,462001,BHOPAL,MADHYA PRADESH,TRUE
U462,SP SOVEREIGN SHOPPERS,SURAT,395003,SURAT,GUJARAT,TRUE
U470,SP KARMETA,JABALPUR,482001,JABALPUR,MADHYA PRADESH,TRUE
U483,SP SURBHI SMART PLAZA,BHOPAL,462026,BHOPAL,MADHYA PRADESH,TRUE
U487,SP TIMES SQUARE,VAPI,396195,VAPI,GUJARAT,TRUE
U499,RRL MAHENDRA HOUSE UDAIPUR,"MAHENDRA HOUSE MULA TALAI, NEAR RAMPURA CIRCLE",313001,UDAIPUR,RAJASTHAN,TRUE
U512,SMART POINT KADAMBINI COMPLEX BARAMATI,"RELIANCE RETAIL LTD, GATE NO 5, GIDC NARODA, AHMEDABAD",NA,BARAMATI,MAHARASHTRA,TRUE
U581,SP SHUBHAM COMPLEX NAGPUR,PLOT NO 4 KH NO 158 NEW SHUBHAM COMPLEX MAIN ROAD DATTAWADI BUS STOP NAGPUR ,440023,NAGPUR,MAHARASHTRA,TRUE
U619,SP SOLTAIRE QUAYS SUART,"GF SHOP NO, G 13 G 18 SOLITAIRA QUAYS JAHANGIRABAD TAL. ADAJAN DIST SURAT GUJARAT 395005 SUART",395005,SURAT,GUJARAT,TRUE
U637,SP AGRAWAL COMPLEX NAGPUR,GF PLOT NO 39 KH NO 319/1234 AGRAWAL COMPLEX RAJENDRA NAGAR KDK COLLEGE ROAD NANDANVAN NAGPUR MAHARASHTRA,440009,NAGPUR,MAHARASHTRA,TRUE
U655,SP RAILWAY ROAD MUKTSAR,SP RAILWAY ROAD MUKTSAR,,MUKTSAR,PUNJAB,TRUE
U704,SP ROM AKOLA NARAYANI SANKUL,SANKUL,,Amreli,GUJARAT,TRUE
U708,SP KALIKA BAZAAR CHITTORGARH,"GF UNIT.1-6,51& 54-57, BEHIND GORA BADAL STADIUM, NEAR SABJI MANDI, KALIKA BAZAR",312001,CHITTORGARH,RAJASTHAN,TRUE
U715,SP SHAUKAT ALI KHAN ROAD,SP SHAUKAT ALI KHAN ROAD,,RAMPUR,UTTAR PRADESH,TRUE
U723,SP NATRAJ SABHAGRAH WARDHA,SP NATRAJ SABHAGRAH WARDHA,442001,WARDHA,MADHYA PRADESH,TRUE
U742,SP JS MALL SIDHI,SP JS MALL SIDHI RELIANCE RETAIL LIMITED JS MALL KHASRA NO 537/2 MAUZA KOTAR KALA WARD NO 5 SANJAY WARD TEHSIL GOPADBANAS DIST SIDHI ,486661,SIDHI,MADHYA PRADESH,TRUE
U747,SP Berasia rd Bhopal,SP BERASIA ROAD BHOPAL RELIANCE RETAIL LIMITED GF KHASRA NO 358/2/1 AND 358/2/2 BERASIA RD TENSIL HUZUR BHOPAL,462001,BHOPAL,MADHYA PRADESH,TRUE
U748,SP TULSI MALL BURHANPUR,SP TULSI MALL  BURHANOUR RELIANCE RETAIL LIMITED  MAA TULSI COMPLEX SURVEY NO 305 & 306 GRAM LALBAGMAAL ,450331,BURHANPUR,MADHYA PRADESH,TRUE
U750,"SP OM GURUDEV PLAZA, INDORE","RRL, MECHANIC NAGAR EXTENSION",452014,INDORE,MADHYA PRADESH,TRUE
U904,SP INDIRA BHAVAN CHANDRAPUR,SP INDIRA BHAVAN CHANDRAPUR,442402,CHANDRAPUR,MAHARASHTRA,TRUE
U944,SP KOTA FATAK NAGDA,ASHISH AGRAWAL KOTA FATAK NAGDA MADHYA PRADESH,456335,NAGDA,MADHYA PRADESH,TRUE
U967,SP SUPERB BUILDING,INDORE,451010,INDORE,MADHYA PRADESH,TRUE
U983,SP DIVYA CHAMBER,WADI,440023,WADI,MAHARASHTRA,TRUE
U985,SP CITY CELEBRATION NAGPUR,"Unnamed Road, Digori Nagpur, Maharashtra 441204 ",441204,NAGPUR,MAHARASHTRA,TRUE
UAM1,AMAZON SELLER -SHAMLA,"Angan Banquet Hall, Ground Floor, Onyx Room, Nandanvan -4 Ahmedabad, Gujarat 380015",380015,AHMEDABAD,GUJARAT,TRUE
UAMB,AMAZON SELLER SHYAMAL,"Ground Floor,onyx Room,nandanvan-4,near Prernatirth Derasar Ahmedabad, Gujarat 380015",380015,AHMEDABAD,GUJARAT,TRUE
UDAIPUR,UDAIPUR,"Sector3, bsanlr road roop nagar oop side, Pooja Backery Udaipur",313001,UDAIPUR,RAJASTHAN,TRUE
UDHNA,New Haridham So Udhna,"Plot No 50 To 53 And 100 To 103, New Haridham So Udhna Surat",394210,SURAT,GUJARAT,TRUE
UDRI,AMAZON SELLER -UDAIPUR,"Plot Number 3,besides Archi Paradise  Udaipur, Rajasthan 313001",313001,UDAIPUR,RAJASTHAN,TRUE
UJJAIN,UJJAIN 2,"MP-DC-UJJ-001-RRL, Mangal Murty Tarana Road Village Undasa ",456006,UJJAIN,MADHYA PRADESH,TRUE
UJJAIN2,"46,TRAPTI PARISAR","46,TRAPTI PARISAR ,NANAKKHEDA SQUARE ,UJJAIN",456001,UJJAIN,MADHYA PRADESH,TRUE
UKNB,"J-63, Gowra Industrial Area","Gowra, Vadodara, Gujarat 39000 VADODARA, GUJARAT",391250,VADODARA,GUJARAT,TRUE
UO85,SP MP JABALPUR,S R MALL,,JABALPUR,MADHYA PRADESH,TRUE
Utkal Sale,Malgodam Food Bazar Pvt Ltd,"PLOT NO-235,233, RAJARANI TEMPLE ROAD,TANKAPANI ROAD, LINGARAJ, Bhubaneswar, Khordha.",751002,BHUBANESHWAR,ODISHA,TRUE
Uttrakhand,Atul Gen Store,"Kilkeswar,Thapli,Chauras,Srinager,Uttrakhand-",249161,SRINAGAR,JAMMU & KASHMIR,TRUE
V012,"RRL Trends Kurkumbh NDC, Pune","Reliance Retail Limited, D1 Kurkumbh Midc Industrial Area, Pune-Solapur Highway, Kurkumbh Taluka - Daunddist. Pune",413802,PUNE,MAHARASHTRA,TRUE
V017,PUNE,D1 Kurkumbh MIDC  Industrial Area Pune Solapur road  ,413802,PUNE,MAHARASHTRA,TRUE
V054,RRL  NDC  SULTANPUR,"NDC SULTANPUR, DADRI",124103,JHAJJAR,HARYANA,TRUE
V12L,"VHERBAL,1-2,LAKHAWALI","VHERBAL,1-2,LAKHAWALI ESTATE,NEAR ICICI BANK,BHUWANA,UDAIPUR(RAJ.)",313001,UDAIPUR,RAJASTHAN,TRUE
V1HH,CDC- LUCKNOW-NATKUR PARGANA,"PH2-(FOO, FRL-8341, Cdc  Lucknow Natkur Pargana Ph, Village Serial No 39020500650, Survey No 566A Behind Crpf Headquarters Lucknow, Uttar Pradesh  ",226008,LUCKNOW,UTTAR PRADESH,TRUE
VAAH,#NAME?,#NAME?,380003,AHMEDABAD,GUJARAT,TRUE
VADODARA,RRL VADODARA,Reliance Retail Ltd. Near Reliance town ship undera circle goreva refinery road Vadodara  ,391330,VADODARA,GUJARAT,TRUE
VDDD,AMAZON SELLER -Aryan,"Plot – 2 Aryan Industrial Estate,  Vadodara, Gujarat 390024",390024,VADODARA,GUJARAT,TRUE
VDDG,AMAZON SELLER -,"D-28, Road No -3, Sardar Estate,opp. Santushti Ice Cream  Vadodara, Gujarat 390019",390019,VADODARA,GUJARAT,TRUE
VGAN,"Shreenathji Commercial Hub Shed No- C-87,88,129,13","Ahmedabad, Gujarat 382415  ",382415,AHMEDABAD,GUJARAT,TRUE
Visakhapat,"RRL Vizag Digital DC,Reliance Retail Limited","Sy S-60/345-61/345-62 Ward-58,Fakeerthekya,Gajuwaka Dist - Visakhapatnam-VIZAG",530531,Visakhapatnam,ANDHRA PRADESH,TRUE
VLAD,AMAZON SELLER -VLAD,"Vlad, Plot No. 1,2,3,nandanbag Society ,  Ahmedabad, Gujarat 380058",380058,AHMEDABAD,GUJARAT,TRUE
VLZU,Sanawad  NS,Mhow Cantt.,,Sanawad,MADHYA PRADESH,TRUE
VO27,D2C  F&L E-comm Tumkur,QWIK SUPPLY CHAIN PRIVATE LIMITED Survey No. 54 / 1  Nandihalli Village 55th KM Stone NH-4 Oordigree Hobli  Taluka Tumkur ,572101,TUMKUR,KARNATAKA,TRUE
VT05,COIMBATORE,RRL NEELAMBUR DC VS,,COIMBATORE,TAMIL NADU,TRUE
VZ1X,JAI BHAGWAN REALITIES PVT LTD,"B-7, UNIT 1,2,3, GREEN SPACE,BHIWANDI NASHIK HIGWAY,VAHULI VILLAGE,BHIWANDI ",421302,BHIWANDI,MAHARASHTRA,TRUE
WBG,Dhulagori,RRL VF WB Jala Dhulagori GCR DC,711101,HOWRAH,WEST BENGAL,TRUE
WESTDELHI,CLEARPRISE TECHNOLOGIES PRIVATE LIMITED  Delhi,"KHASRA NEW POLE LINE, VILLAGE BAMNOLI South West Delhi",110061,DELHI,DELHI,TRUE
WKSP,EICHER AUTHORISED WORKSHOP,ASLALI,382427,AHMEDABAD,GUJARAT,TRUE
XBLA,AMAZON SELLER- KAKUPUR RAILWAY STATION,"Kalupur Railway Station Rd, Sakar Bazzar,  Ahmedabad, Gujarat 380002",380002,AHMEDABAD,GUJARAT,TRUE
XBLV,Vadodara Railway Parcel Booking Offic,"Vadodara, Gujarat 390020",390020,VADODARA,GUJARAT,TRUE
XBSA,AMAZON SELLER-SANAND,"Fccil Railway Station,  Ahmedabad, Gujarat 382115",382115,SANAND,GUJARAT,TRUE
Y114,Ligical DC Private label,"RFL Delhi Cold storage, C/o. Hindustan Ice & Cold storage, C-25 Lawrence Road Industrial Area DELHI",110035,DELHI,DELHI,TRUE
Y122,"RRL, BHIWANDI GM",DISTRIBUTION CENTRE,421202,BHIWANDI,MAHARASHTRA,TRUE
Y126,RFL Panvel Dry Warehouse Reliance Retail Limited,"Saastha Warehousing Limited At Bhingar, Panvel PANVEL,MAHARASTRA",410206,PANVEL,MAHARASHTRA,TRUE
Y267,"HC COLD STORE (ESKIMO), NARODA","HC COLD STORAGE (ESKIMO) NEAR ULTRATECH CEMENT OPPOSITE INGERSOIL RAND   GIDC NARODA, AHMEDABAD",382330,AHMEDABAD,GUJARAT,TRUE
Y350,RRL Digital Chennai DC,"Reliance Retail Limited, Survey No.461/2C,Redhills-Ambattur Road Puzhal Village, Ambattur Taluk, CHENNAI",600062,CHENNAI,TAMIL NADU,TRUE
Y363,RRL Digital Ahmedabad,"DC Reliance Retail Limited, Vimal Compound Gate No 5103/106 GIDC Naroda, Ahmedabad",382330,NARODA,GUJARAT,TRUE
Y456,M/S JOLLY ICE AND COLD STORAGE DELHI,RRL Cold Storage  C/o M/s  Jolly Ice & Cold Storage  A-18 Lawrence Road Industrial Area  Delhi,110035,DELHI,DELHI,TRUE
Y458,RDRL DEHRADUN DC,"ELDER PHARMA GATE NO 1, SIDCUL SELAKUI",1 SIDCUL Selakui Dehradun 248197,DEHRADUN,UTTARAKHAND,TRUE
Y481,PCS RAI,"PLOT NO. 401 PHASE V, FOOD PARK, HSIIDC INDUSTRIAL ESTATE RAI, OPP YAKULT MILK DAIRY SONIPAT",131029,SONIPAT,HARYANA,TRUE
Y524,"RRL, TUMKUR","Reliance Retail LimitedRRL Trends Tumkur NDCSurvey No. 54 / 1, Nandihalli Village,55th KM Stone, NH-4, Tumkur Road,Oordigree Hobli Taluka",572101,TUMKUR,KARNATAKA,TRUE
Y695,RRL DIGITAL DC JAMMU,"RRL, KHEWAT NO 38, CHANNI HIMMAT REVENUE VILLAGE  ",180010,JAMMU,JAMMU & KASHMIR,TRUE
Y708,VF Bhiwandi DC," Warehouse Nos 77 80 111 & 120, Indian Corporation Dapoda Road,Opp Gajanan Petrol Pump, Mankoli Naka",421302,BHIWANDI,MAHARASHTRA,TRUE
Y710-CPC,CPC NARODA,"RELIANCE RETAIL LTD, GATE NO 5, GIDC NARODA, AHMEDABAD",382330,AHMEDABAD,GUJARAT,TRUE
Y710-DC,DC NARODA,"RELIANCE RETAIL LTD, GATE NO 5, GIDC NARODA, AHMEDABAD",382330,AHMEDABAD,GUJARAT,TRUE
Y712,"VARUN WARE HOUSING CORPORATION, PUNE","C/o Varun Warhousing,,Gat No. 497 / 498,KatkewadiI, Wagholi",412207,PUNE,MAHARASHTRA,TRUE
Y754,AHMEDABAD CPC,NA,380001,AHMEDABAD,GUJARAT,TRUE
Y808,PCS NARODA,"RELIANCE RETAIL LTD, GATE NO 5, GIDC NARODA, AHMEDABAD",382330,AHMEDABAD,GUJARAT,TRUE
YASHASVI,YASHASVI AGENCIES,"G-17, APMC MARKET 1, PHASE 2, MASALA MARKET, VASHI, TURBHE, NAVI MUMBAI, MAHARASHTRA",400705,MUMBAI,MAHARASHTRA,TRUE
YPA2,RRL PCS HYDERABAD,RRL HYDERABAD PROCESSING CENTRE ,501401,HYDERABAD,TELANGANA,TRUE
Z412,"RRL HO-Common-Trends , Reliance Corporate","Park , 5 TTC Industrial Area, Ghansoli , Thane Belapur Road, Navi Mumbai",400701,NAVI MUMBAI,MAHARASHTRA,TRUE
ZGJ8,RRL GUJRARAT STATE OFFICE,RRL GUJRARAT STATE OFFICE,380007,AHMEDABAD,GUJARAT,TRUE
ZIRAKPUR,Sumit & Co,"Sumit & Co, Sumit & Co , Opp Hotel Ramada, Zirakpur",140603,MOHALI,PUNJAB,TRUE
ZYD1,PRADEEP KUMAR,"WARD NO 20, KALI STHAN ROAD BELDAUR DIST- KHAGARIYA BIHAR",852161,BELDOUR,BIHAR,TRUE
ZYD2,Medivet Agencies,BK PORA ROAD NEAR RAILWAY BRIDGE NOWGAM kashmir ,190015,SRINAGAR,JAMMU & KASHMIR,TRUE
ZYD3,UMANG ENTERPRISES,UMANG ENTERPRISES HERA-MOTI LINE GYAN BHAWAN RAJNANGAON,491441,RAJNANDGAON,CHHATISGARH,TRUE
ZYD6,JAYNATH DISTRIBUTORS PVT LTD,"JAYNATH DISTRIBUTORS PVT LTD,S N 326, behind Jay Parking, opposite Transport Nagar, Aslali, Ahmedabad, Gujarat",382427,AHMEDABAD,GUJARAT,TRUE
ZYD7,SHREE AMOD SIDDHI ASSOCIATES,"G-21/49,FIRST FLOOR, TRANPORT NAGAR,PARKING NO 9, LUCKNOW- UTTAR PRADESH",226012,LUCKNOW,UTTAR PRADESH,TRUE
ZYD9,M/s Muthiah Beverage and Confectionery Private Lim,"Plot No. 146, Badanaguppe, Keelampalli Insuaretial Area,Chamarajanagar Taluk & District, Karnataka",571313,Chamarajanagar,KARNATAKA,TRUE
ZYE2,Aarav Marketing,"Aarav Marketing  sidharth vihar,kandoli,dehradun , ",248001,DEHRADUN,UTTARAKHAND,TRUE
ZYE3,LAKSHYA TRADE LINK,"15/5, Sneshlata Gang Indore MP",452016,INDORE,MADHYA PRADESH,TRUE
ZYE6,M/S SAI NATH TRADERS, 63/2A NEAR ELECTRIC STATION KHAIR NAGAR  ,250005,MEERUT,UTTAR PRADESH,TRUE
ZYE9,Magic Foods India Pvt. Ltd.,SF 57 / 1C  Keeranatham (PO) Sarvanampatti Via Coimbatore,641035,COIMBATORE,TAMIL NADU,TRUE
ZZI0,Bismi DC,"Bismi DC, KE-DC-EAR-007, 7 483 B C Old No 352 B C,Airport road Mannam PO, North Paravur, PARAVUR",683520,PARAVUR,KERALA,TRUE
AF_JD_FR_,"""plot No -23e To 25e, Road No 3 Diamon",Surat,SURAT,394230,TRUE,
AF_WONDE,_201003_,"Khasra No. 824 Vardhman Puram, Morta Ghaziabad (u.p.) - 2010  Ghaziabad, UP 201003",GHAZIABAD,201003,TRUE,
AF_PLAN_3,_AF_PLAN_382430_565,"Plantex, Plot No-5/a, Road No-1, Kathwada Gidc,  Ahmedabad, GJ 382430",AHMEDABAD,382430,TRUE,
AF_RUHE,_AF_RUHE_382213_603,"Survey No. 606 (old Survey No. 1439) Rishi Kiran Logisitics  Moraiya  Ahmedabad, GJ 382213",AHMEDABAD,382213,TRUE,
T2XD,_RJ.BHILWARA,"Plot no- B-1, Hamirgarh Road,Bhilwara",BHILWARA,311001,TRUE,
OBXR,"01/a 1st Floor, Anz Infinitynear Ranipur Churchn, ","Ahmedabad, Gujarat 382405",AHMEDABAD,382405,TRUE,
20 CUBE,20 CUBE WAREHOUSING & DISTR PVT LTD,"20 Cube Warehousing & Distribution Pvt. Ltd., Kh. No. 39/40/41-229/194-42,Deeppura sikar road, Hamada, jaipur-302013",JAIPUR ,302013,TRUE,
KHEDA,20 Cube Warehousing and Distribution Pvt. Ltd.,"Shed “C1”Prime warehouse Survey no.691,National highway-8 Vill-hariyala",KHEDA,387120,TRUE,
OAAI,23 Maharaja EstateBehind Anand Hotel,"Sarkhej Sanand RoadSar AHMEDABAD, GUJARAT 382210",AHMEDABAD,382210,TRUE,
FIDA,370/2/1 near Bharat petrol pump,"Nemwar Road, INDORE, MADHYA PRADESH",INDORE,452003,TRUE,
SMPR,"532, Nr. Maan Lake, Village","Ode, Nr. SP Ring Road,  Ahmedabad",AHMEDABAD,382423,TRUE,
V027,A.R. ENTERPRISESE,"74, SITE-C UPSIDC INDUSTRIAL AREA SIKANDRA AGRA  Uttar Pradesh ",AGRA,282007,TRUE,
60400209,AAKASH FOOD PRODUCTS PRIVATE L,"DEWANMARO AYMA,AAKASH FOO",Kharagpur,721304,TRUE,
221964446,AB POLYMER,"A B POLYMERS, Khasra no. 76/14/1, mie-b,  Bahadurgarh, Haryana ",BAHADURGARH,124507,TRUE,
BAHADURGAR,ABHAY FOOTWEAR PVT. LTD.,"KH NO. 76,OPP PLOT NO. 1535, MIE PART-B,  BAHADURGARH, HARYANA ",BAHADURGARH,124507,TRUE,
32001157,Abhinav Craft,"F-2150/2151, RIICO INDUSTRIAL AREA RAMCHANDRAPURA, SITAPURA,",SITAPURA,302022,TRUE,
11100895,ABSTRACT MANNEQUINS,"ABSTRACT MANNEQUINS PVT LTD.,PLOT NO 12 HEMLA INDUSTRIAL ESTATE, Faridabad :  HR,",FARIDABAD,121001,TRUE,
ACME CLOTH,ACME CLOTHING LLP,"AARCEE NETTING PREMISES,  C/O ACME PVT LTD, NEAR YOGESWAR ESTATE AMRAIWADI ROAD, AHMEDABAD",AHMEDABAD,380026,TRUE,
220835314,ACTION INTERNATIONAL PVT. LTD.,"D-5, UDYOG NAGAR, MAIN ROHTAK ROAD, NEW DELHI ",DELHI,110041,TRUE,
FC-AHDABAD,ADARSH WAREHOUSE GODOWN,"RELIANCE RETAIL LIMITED [AHMEDABAD2 FC ADARSH WAREHOUSE GODOWN NO.3,4,5 AND 6(20,21),JAMNAGAR ESTATE BEHIND ALPHA HOTEL ASLALI AMD GJ ",AHMEDABAD,382427,TRUE,
ADHESHWAR,ADHESHWAR TEXTILES,"JAI ADHESHWAR TEXTILES GROUND FLOOR 16 BBC, MARKET PANCHKUVA, KALUPUR, GUJARAT AHMEDABAD 380002 ",AHMEDABAD,380002,TRUE,
ADPL,Adhya Design Pvt Ltd,Plot No 124 Sector 68 IMT Faridabad Haryana,FARIDABAD,121004,TRUE,
AF_DAS_F_P,AF_DAS_F_PRANTIJ_215,"Block No 1234,salal-sonasan Road,sonasan Ta:- Prantij,sabark  Prantij, GJ 383210",Prantij,383210,TRUE,
AF_MOTHE,AF_MOTHE_360311_902,"Behind Shemla Bus Stop, National Highway 27, Billiyala  Billiyala, GJ 360311",RAJKOT,360311,TRUE,
AF_NIVEA S,"AF_NIVEA_382110_909 Sanand,","S.no.112/p, 113p, 124p, 125p, 132/p, Plot No. Sm-9/1,  Sanand, GJ 382110",SANAND,382110,TRUE,
AF_PACIF,AF_PACIF_360004_795,"P-34,nr-tirth Agrotech & Krishna Park,gondal Road,village-ra  Rajkot, GJ 360004",RAJKOT,360004,TRUE,
AF_PAN_I_1,AF_PAN_I_122050_961,"Plot No. 308 A, Sector 6, Imt Manesar, Manesar, Gurugram, Ha  Gurugram, HR 122050",GURUGRAM,122050,TRUE,
AF_SAMAR,AF_SAMAR_382427_839,"Jayantibhai Dahyabhai, Amarnath Estate Naz Road, Ta, Daskroi  Jetalpur, GJ 382427",JETALPUR,382427,TRUE,
AF_SECUR,AF_SECUR_382213_685,"""e-77,e-42, Moraiya  Ahmedabad, GJ 382213",AHMEDABAD,382213,TRUE,
AGRA SINE,AGRA SINE FOOTWEAR,"39,40A, Shivam Vatika Mauja Miyapur,  Fatehabad Road, Agra",AGRA,282006,TRUE,
EH_CONC,AHMEDABA_168,"Plot no 532, Behind meldi mata temple, Village - ODE Piplej - Pirana road , Nr SP ring road , Ahmedabad - 382427 Ahmedabad, GJ India 382427  Ahmedabad, GJ 382427",AHMEDABAD,382427,TRUE,
AF_MERHA,"AHMEDABAD ,GJ","AF_MERHA_387411_602  Tci Supply Chain Solutions, Block No 656/b, Khata No 453, Bl  Ahmedabad, GJ ",AHMEDABAD,387411,TRUE,
SC30,AJIO BAGRU DC,"JAIPUR LOGISTICS & WAREHOUSE, VILLAGE RAVAN, BAGRU",JAIPUR,303007,TRUE,
SE02,AJIO Surat GJ JIT DC R,Reliance Retail Limited Stockstack logistic solutions pvt ltd Labdhi industrial park Mumbai Ahmedabad Highway NH48 Baleshwar Village  SURAT,SURAT,394317,TRUE,
10187250,Akash Yog Health Products Pvt ltd,PLOT NO 03 SECTOR 1B IIE UTTARAKHAND SIDCUL HARIDWAR,HARIDWAR,249403,TRUE,
PL-HARIDWA,AKASHYOG,Akashyog Health Products Private Limited,HARIDWAR,248401,TRUE,
SLSO,"AKOLA , MAHARASHTRA","Wh Bearing No 1A1B 2A 2B 3C, Survey No 59 1B, Grampanchayat, House No. 706, Mouza Ridhora, Tehsil Balapur, AKOLA, Maharashtra ",AKOLA,444302,TRUE,
10216942,Alok Industries,Silvassa,SILVASSA,396230,TRUE,
30309438,Alok Industries Ltd,"Survey No 148 ,149,150,143/1, Morai, Valsad",VAPI,396191,TRUE,
60400325,ALPHA MILKFOODS PRIVATE LIMITED,HATHRAS,HATHRAS,,TRUE,
30850086,ALSTEN ENTERPRISES, PLOT NO. 848  & 849 MIE PART - A BAHADURGARH HARYANA ,BAHADURGARH,124507,TRUE,
VX9C,AMBALA,"Reliance Retail  616/794, Village Mohra , Hadbast no. 188 Ambala",AMBALA,133004,TRUE,
30108460,AMBER ENTERPRISES (INDIA) PVT LTD,"AMBER ENTERPRISES (INDIA) PVT LTD, P 14, STREET 1, SECTOR 3 MET INDUSTRIEAL COLOLNY, JHAJJAR GURGAON ROAD DISTT. JHAJJAR, JHAJJAR HARYANA INDIA",JHAJJAR,124103,TRUE,
221781495,AMBER HOME,"E92/3, RAJHANS INDUSTRIES COMPOUND NEAR NILAM NAGAR BUS STOP, AKKALKOAT ROA SOLAPUR , MAHARASHTRA     ",SOLAPUR,413006,TRUE,
60110803,AMITOJE INDIA PRIVATE LIMITED,NOIDA,NOIDA,,TRUE,
33000001,Anmol knitters pvt ltd,"Bahadur Ke Road Near Dana Mandi, Ludhiana  ",LUDHIANA,141007,TRUE,
Aroma De,Aroma De France,"BLOCK NO. 324, VILLAGE-RANU, TALUKA-PADRA, DISTRICT- VADODARA, Gujarat ",VADODARA,391445,TRUE,
VAAF,ASF - Sindhubhavan,"Road, Oxygen Park, Sindhu Bhavan Marg, beside Monte Carlo, PRL Colony, Thaltej, Ahmedabad, Gujarat",AHMEDABAD,380058,TRUE,
10156959,Ashirwad Oils Pvt Ltd,"E 374 Phase I, Industrial Area Bhiwadi , ALWAR Rajasthan",BHIWADI,301019,TRUE,
221471205,ASHISH JAIN HOSIERY,"ASHISH JAIN HOSIERY B-24-3112, STREET NO 6-1/2, NEAR SIDHARTH PUBLIC SCHOOL, KULDEEP NAGAR, BASTI JODHEWAL, LUDHIANA, PUNJAB, LUDHIANA       ",LUDHIANA,141007,TRUE,
10070498,Asian Lakto Industries Ltd,"VPO JANDIALI, NEAR KOHARA, CHANDIGHAD ROAD, LUDHIANA",LUDHIANA,141001,TRUE,
SH92,"Aslali Warehouse, Located at Old Survey","Aslali Warehouse, Located at Old Survey No./Block No. 1389 and New Survey No/ Block No. 1461 of village Aslali, Taluka Daskroi District Ahmedabad",AHMEDABAD,382427,TRUE,
AURANGABAD,AURANGABAD,"Central Warehousing Corporation, Plot No 91,Backside of United Spirits, Chikalthana MIDC Aurangabad ",AURANGABAD,431006,TRUE,
221076934,Avana Overseas,"19/177, Peer Kalyani, Moti lal Nehru Road, Agra  ",AGRA,282003,TRUE,
60400485,"B.B. INTERNATIONAL, KUTAIL",112 MILESTONE N.H. 1 G.T. ROAD VILL. KUTALI KARNAL HARYANA,KARNAL,,TRUE,
SLE9,BADLI,Building No B 1100 Indospace Industrial park pvt ltd Badli vlg pahasour Faizabad,BADLI,124105,TRUE,
30403131,BAHADURGARH,"SUPER KICKS, PLOT NO. 168, SECTOR 16, HSIIDC, BAHADURGARH , JAHAJJR, HARYANA ",BAHADURGARH,124507,TRUE,
T2RB,Bareilly METRO CASH & CARRY INDIA PVT LTD (Relianc,"Faridpur- Bukhara Road, Near ITBP Camp Bareilly-",BAREILY,243001,TRUE,
BB-AGORA,BB AGORA MALL AHMEDABAD,RING ROAD AHMEDABAD,AHMEDABAD,382424,TRUE,
BB-ALPHA,BB ALPHA ONE AHMEDABAD,THALTEJ ROAD,AHMEDABAD,380059,TRUE,
BB-INORBIT,BB-INORBIT VADODARA,GORWA ROAD,VADODARA,390023,TRUE,
BB-EVAMALL,BB-MANJALPUR EVA MALL,VAJRADHAM MARG,VADODARA,390011,TRUE,
BB-7 SEAS,BB-SEVEN SEAS MALL,SWARNIM GIJARAT RING ROAD,VADODARA,390002,TRUE,
BB-TUMKUR,BB-TUMKUR,"(10252083)FUTURE CONSUMER LIMITED India Food Park Limited, Plot No-10-11, Vasanthanarshapura Ind. Area, KIADB phase-3,Kotra Hobli- Tumkur-572138",TUMKUR,572138,TRUE,
216951356,Bella Casa Fashion & Retail Ltd,"E102-103 EPIP Sitapura Industrial Area,",JAIPUR,302022,TRUE,
T2IU,BHOPAL,"Ashima Mall, Narmadapuram Rd, Danish Nagar, Bawaria Kalan, Bhopal, Madhya Pradesh ",BHOPAL,462026,TRUE,
10129676,Bikanerval Foods Private Limited,"Bikanervala Foods Private Limited M MURAD GARHI, Yamuna Expressway  Industrial Development Area Noida UP UTTAR PRADESH",NOIDA,203209,TRUE,
BIKANO,BIKANERVALA FOODS PRIVATE LIMITED,"PLOT NO-21, SECTOR-24, FARIDABAD, FARIDABAD HARYANA ",FARIDABAD,121001,TRUE,
RAI,Bikanervala Foods Pvt. Ltd.,"HSIIDC Industrial Estate, Phase-II, Plot no-2272-2275, Rai Haryana",RAI,131029,TRUE,
29000563,Bikanerwala Food Pvt Ltd,"Khasra No 1765,66,68,69,70,71,72,73,74,75, 1872, 1873/2 &1874/2, Village Jatola, Tehsil Kharkhauda, Kharkhoda, Sonipat, Haryana",SONIPAT,131 402,TRUE,
BNG,BNG FASHION GEARS. PVT.LTD,"Plot No- 319,320, Sec-17, HSIIDC, Bahadurghar, HR ",BAHADURGARH,124507,TRUE,
MISC-009,BOTAD,BOTAD,BOTAD,NA,TRUE,
BHRT,BRIJ HONEY PRIVATE LIMITED,"VILLAGE TEHRA LODHA NH 11 AGRA HIGHWAY BHARATPUR,RAJASTHAN INDIA",BHARATPUR,321001,TRUE,
SL43,Burhanpur,Central Warehouse Godown No 1 Bhadurpur Road,BURHANPUR,450331,TRUE,
PL-BHILWAR,"Calvintex Ventures Private Limited, BHILWARA","Mandapiya Choaraha , Chittor Road,Near Janki Process , Bhilwara ",BHILWARA,311001,TRUE,
PALGHAR,Canbara,"canbara ind pvt Ltd,Unit-3 1017/3, old satpati road, Shirgaon,palghar(w),dis-palghar-401404",PALGHAR,401404,TRUE,
222084005,CAPITAL FOOTWEAR INDUSTRIES,"Capital Footwear Industries, Ganga Vihar Colony, Tajganj Agra UP ",AGRA,282001,TRUE,
T5JK,Central Warehouse,"Kapadra Near GEB Office,Varanchha Road CWC Surat II,Surat City GUJARAT",SURAT,395006,TRUE,
TBGR,"Centro Mall, Panchavati Rd","beside Kaivanna Complex, Panchavati Society, Ambawadi, Ahmedabad, Gujarat",AHMEDABAD,380006,TRUE,
CHANDISAR,Chandisar – Palanpur,"VAISHNODEVI REFOILS & SOLVEX PLOT NO.235/3 VILLAGE - CHANDISAR TALUKA-PALANPUR, DIST-BANASKANTHA ",PALANPUR,385510,TRUE,
217233490,Charan Paaduka,"Khasra. No. 86/25/1, G/F, Village Ghevra, Mundka",DELHI,110041,TRUE,
SAJ4,CHEMCO PLASTIC INDUSTRIES PVT LTD," Plot No 32/33 Survey No 188/P,189/P Chemco Plastic Ind  Savli Industrie Alindra,Manjusar  Vadodara Gujarat",VADODARA,391775,TRUE,
SANAND,Chemco Plastic Industries Pvt. Ltd," BOL INDUSTRIAL ESTATE PHASE II,  ,BOL INDUSTRIAL ESTATE PHASE II,  ,PLOT NO. PE 45, SANAND GIDC, ROAD NO. F/38, SANAND Ahmedabad Gujarat",AHMEDABAD,382170,TRUE,
218249648,Chetak Plastics,"1501, Gokul Bala Gate, Magarwara,",UNNAO,209862,TRUE,
32180697,CMT Arts,"PLOT NO. 39, SAI VILLA, MISSION COMPOUND, NEAR AJMER PULIA ,JAIPUR,  RAJASTHAN",JAIPUR,302001,TRUE,
CONA FWEAR,"CONA FOOTWEAR INDIA PVT LTD,","C29/1 SITE-C UPSIDC SIKANDRA, AGRA ",AGRA,282007,TRUE,
Y-710,CPC NARODA,"RELIANCE RETAIL LTD, GATE NO 5, GIDC NARODA, AHMEDABAD",AHMEDABAD,382330,TRUE,
30304770,CREATIVE GARMENTS PVT LTD,"SURVEY/PLOT NO. 440/1,2,3, 443/1,2, 482/1,2,3 ,482/4&5 ( 1st,2nd FLR&EXCEPT 358.325 SQM.IN GR.FLR)482/2, NR.DABHELCHECK POST,DABHEL DAMAN & DNH",DAMAN & DIU (UT),396210,TRUE,
DAMOH,DAMOH,DAMOH,DAMOH,470661,TRUE,
30402832,DAZZLE FOOTWEAR,"Selaqui, Dehradun, SELAQUI",DEHRADUN,248197,TRUE,
Y734,DC,"19/8 Milestone, Saad Warehouse, Village Chhan, ",BHOPAL,462047,TRUE,
Y715,DC Jaipur,Vishwakarma Industrial Area,JAIPUR,,TRUE,
Y726,DC Pataudi,"Tajnagar Road, Jamalpur Chowk,",GURUGRAM,123502,TRUE,
DEEP,DEEP ENTERPRISES," PLOT NO 3278, G.F BLOCK-J, DSIDC NARELA INDUSTRIAL AREA, NEW DELHI",DELHI,110040,TRUE,
10204267,Deep Green Incorporation,"B-267, Sector-3, Bawana Industrial Area, Bawana, Delhi",DELHI,110039,TRUE,
32181081,DESIGN DESTINATION,"J-125, PARSHWANATH CITY, PAL SANAGRIYA BYE PASS, SANGARIYA, JODHPUR, RAJASTHAN,",JODHPUR,342013,TRUE,
60400379,DEVARPAN FOODS PRIVATE LIMITED,KASHIPUR,KASHIPUR,244713,TRUE,
AF_RABBY_R,Devpara Plot Charaniya Village Charaniya Taluka - ,"Rajkot, GJ 365480  ",RAJKOT,365480,TRUE,
SKFU,DIGITAL DC BHOPAL,BHOPAL,BHOPAL,464993,TRUE,
DIXON,Dixon Technologies,"C-3/1CENTRAL HOPE TOWN INDUSTRIAL AREA SELAQUI Dehradun, Uttaranchal    ",DEHRADUN,247670,TRUE,
30108484,DIXON TECHNOLOGIES (INDIA) LIMITED,"Dixon Technologies, , C-3/1CENTRAL HOPE TOWN INDUSTRIAL AREA SELAQUI, Dehradun, Uttaranchal , 248197,",DEHRADUN,248197,TRUE,
TUMKUR,DJ Brothers,"INDIA FOOD PARK, Plot No.33. Vasanthanarsapura,  KIADB Industrial Area Phase lll,Kora Hobli, Tumkur taluk, Tumkur District",TUMKUR,572138,TRUE,
G-NOIDA,"ECOTECH-11, UDYOG VIHAR","PLOT NO.42(Khasra no6661-662) ECOTECH-11, UDYOG VIHAR, GREATER NOIDA,UP,Gautam Buddha nagar, uttar pradesh-",NOIDA,201306,TRUE,
219768432,Elahi Footwear Concepts,"78/A, 125 Feet Road, Torah, Opp Nalanda Estate, Fatehabad Road",AGRA,282003,TRUE,
32000828,"F 199, EPIP, SITAPURA, JAIPUR","F 199, EPIP, SITAPURA, JAIPUR (RAJ) INDIA",JAIPUR,302022,TRUE,
SAMPAKA,F&L ECOMM SAMPAKA JIT CDC,QWIK SUPPLY CHAIN PRIVATE LIMITED Farukhnagar Gurgaon Village Sampaka,GURGAON,122503,TRUE,
FFPP,FABLE FOOD PRODUCTS PRIVATE LIMITED,MEHSANA,MEHSANA,,TRUE,
R465,FC GROCERY AHMEDABAD,NA,AHMEDABAD,380004,TRUE,
S837,FC VADODARA,"OPP RELIANCE GUJARATI MEDIUM SCHOOL, PETROCHEMICALS TOWNSHIP, REFINERY ROAD  VILLAGE UNDHERA, SECTOR-1 PO PETROCHEMICALS TOWNSHIP, VADODARA",VADODARA,391345,TRUE,
FERRO PL,FERRO SONA GARMENTS," PVT. LTD. RAHON ROAD, MANGAT ROAD, VILLAGE- KHAWAJKE, LUDHIANA- ",LUDHIANA,141007,TRUE,
F1CG,"FF-KALYAN-SARVODAYA MALL , Reliance Retail Limited","SARVODAYA MALL , KALYAN SHILPHATA ROAD , NEAR PATRI POOL , KALYAN ",KALYAN,421301,TRUE,
60400079,FICUS FOOD LAB PRIVATE LIMITED," PLOT NO. 228 BARODA JAMBUSAR HIGHWAY NEAR PADRA,   DABHASA, VADODARA VADODARA, Gujarat ",VADODARA,391440,TRUE,
OEE5,Final plot no 21,"Revenue Survey no:530 AHMEDABAD, Gujarat",AHMEDABAD,382427,TRUE,
FTFP,Fine Taste Foods Private Limited,"Plot No. 26/A, Ozone Industrial Park, Kerala G.I.D.C., Rajkot National Highway, Bavla, Ahmedabad, Gujarat-382220 (6359630406) Ahmedabad, Gujarat",AHMEDABAD,382220,TRUE,
STEELCO,FOOTCARE,"C-32 SITE C UPSIDC INDUSTRIAL AREA, SIKANDRA, AGRA",AGRA,282007,TRUE,
SD32,FRAO CDC RANCHI VILLAGE TETRI,"Address- CDC RANCHI VILLAGE TETRI FOOD L, Cdc Ranchi Village Tetri Bb F, Village Tetri  Thana Namkum, Ranchi, Jharkhand",RANCHI,834010,TRUE,
AF_EASY__3,"G-40 ( Wing B), Raghuvir Celeum Market, Opp. Sangi","Surat, GJ 395010  ",SURAT,395010,TRUE,
222349572,G.M HOSIERY,"G.M HOSIERY, TIRUPATI ESTATE,  292/1 PAIKI, USHA 5727/4, OPP. SWASTIC- BANSIDHAR,  NAROL ,AHMEDABAD, GUJARAT, INDIA",AHMEDABAD,382405,TRUE,
220810938,Ganga Sales Corporation,"PLOT NO 107, KH NO 111/17, NEAR RAJENDRA LAKRA SCHOOL,  PHIRNI ROAD, INDUSTRIAL AREA, MUNDKA, NEW DELHI,  INDIA    ",DELHI,110041,TRUE,
PL-KHAMBHA,Ghanshyam Rice Mill,"AT- Hariyan  Kanisha hariyan Road TA -Khambhat,",KHAMBHAT,388620,TRUE,
KOLHAPUR2,GHODAWAT CONSUMER,"GAT NO 593, 594, 611 & 612 A/P CHIPRI, JAYSINGPUR 416101, 416101, KOLHAPUR Maharashtra",KOLHAPUR,416101,TRUE,
KOLHAPUR,GHODAWAT CONSUMER LIMITED,"GHODAWAT CONSUMER LIMITED GAT NO-470/5/6/8, A/P-CHIPRI, TAL-SHIROL DIST-KOLHAPUR(MAHA) Kolhapur,Maharashtra",KOLHAPUR,416101,TRUE,
HARIDWAR 2,GINNI FILAMENTS LTD.,"(Consumer Product Division) Plot No.-98, Sector-5, IIE, SIDCUL, HARIDWAR (U.K) ",HARIDWAR,249403,TRUE,
Y710,GM DC,"Gate No 5, GIDC Naroda,",AHMEDABAD,382330,TRUE,
GNNN,GNNN AMAZON SELLER-Gandhinagar,"Nr.sparsh Divine2,behindbalajivillabungalow,tp 44,chandkheda  Gandhinagar, Gujarat 382424",GANDHINAGAR,382424,TRUE,
AF VADOD,"Godown no 3,4 vadodra","Godown no 3,4 vadodra bhiyala 391410",VADODARA,391410,TRUE,
GR-INTERNA,GR INTERNATIONAL,"KHASRA NO.1410, MAUJA BAIPUR AGRA-MATHURA ROAD, SIKANDRA ",AGRA,282007,TRUE,
R414,GURGAON 2 DRY DC,"Rect-47/Khasra-9/2-10/1-11/2-1-2/12/1-2/,Village Tajnagar Tehsil Farrukhnagar",GURGAON,,TRUE,
SL54,GWALIOR,"PLOT NO 72 & 73, GOSPURA INDUSTRIAL AREA, BEHIND CIMMCO STEEL FOUNDRY GOLE KA MANDIR BIRLA NAGAR, GWALIOR",GWALIOR,474004,TRUE,
AF_MERHA_4,"H1 Warehouse Sai Dhara Logistics Park, Mumbai Nasi","Mumbai, MH 421302  ",MUMBAI,421302,TRUE,
HANUMANGAR,HANUMANGARH,"SB warehousing, Chak 7 HMH, Tibbi road, Hanumangarh Town ",HANUMANGARH,335513,TRUE,
SD29,HAPUR,"village bhovapur, reliance road hapur",HAPUR,245101,TRUE,
HALDIYA,HARRSHIV HEALTHY FOODS 7 MORE,"KH NO 100/5, VD DHARGAON, NAGPUR, 4",NAGPUR,,TRUE,
600124,HERBAL CONCEPTS,"PLOT NO. 2,SECTOR 1A, INTEGRATED INDUSTRIAL ESTATE ,SIDCUL, 249403",HARIDWAR,249403,TRUE,
60400242,HERSHEY INDIA PRIVATE LIMITED,BHOPAL,BHOPAL,,TRUE,
10178928,HITKARI GRAM UDYOG SANGH,"VPO ISMAILLA 18 57 KM STONE DELHI ROHTAK ROAD ROHTAK ROHTAK, Haryana India ph",ROHTAK,124001,TRUE,
2015004655,Hoshiarpur trends,"M.B. Towers, Court Rd, Krishna Nagar, Hoshiarpur, Punjab ",HOSHIARPUR,146001,TRUE,
Haryana,INDO NISSIN FOODS PRIVATE LIMITED.,"91 KMS, NH-8, Delhi- Jaipur Road , Village Deodhai, Teshi Bawal. Dist: Rewari , Haryana",REWARI,123401,TRUE,
PL- KHURDA,INDO NISSIN FOODS PVT LIMITED,"Plot No : A/2 , IDCO Food Processing Park , Khordha Industrial Estate , Khorda , Odisha ",KHURDA,752055,TRUE,
10305529,INDOCHEM,"Indo Chem Laboratories ; A-2/2 Industrial Area, Gorwa, Vadodara, Gujarat India ; Mfg Lic No GC/1202 ",VADODARA,390016,TRUE,
AF_KRISH_,INDORE,"Krishnendu Enterprises Add: C-2, Shukla Warehouse  Indore, MP 453555",INDORE,453555,TRUE,
HAME,Indraprashtha Industrial logistics hub,"Kheda, GUJARAT 387570",KHEDA,387570,TRUE,
COCA-COLA,INTERNATIONAL REFRESHMENTS PRIVATE LIMITED,B-400 ARMAN LOGISTICS PARK KERALA VILLAGE BAVLA AHMEDABAD,BAVLA,32220,TRUE,
225540787,ITALICA INTERNATIONAL,"PLOT NO.28, SECTOR-17, HSIIDC, BAHADURGARH, HARYANA ",BAHADURGARH,124507,TRUE,
221348336,J N SODAGAR HOSIERY,"B-5 583,575 AND 577,  WAIT GANJ, LUDHIANA PUNJAB, 141008 ",LUDHIANA,141008,TRUE,
60400262,J R FOODS & BEVERAGES,NAVSARI,NAVSARI,,TRUE,
32000837,Jain Shwetamber,"Moorti Kala Kendra, 1975, 4TH CROSSING KHANJANE WALON KA RASTA, CHANDPOL JAIPUR Rajasthan ",JAIPUR,302001,TRUE,
20001741,Jainam Invamed Pvt. Ltd.,"111/112, Shubh Industrial Estate, Near Chinchpada Bus Stop, Waliv Road, Vasai East – 401208, Palghar, Maharashtra, ",PALGHAR,103230,TRUE,
JDPL,JAIPUR DESIGNS,"JAIPUR DESIGNS PVT LTD H-11, RIICO INDUSTRIAL AREA MANSAROVER ",JAIPUR,302020,TRUE,
PL-GO'GARH,"JALLAN FOOD PRODUCTS, GOVINDGARH","KHASRA NO. 1566/2, VILLAGE DHOBLAI, GOVINDGARH ",JAIPUR,303718,TRUE,
JANAK LUDH,JANAK SONS KNITWEAR PVT LTD,"VILLAGE MEHARBAN, RAHON ROAD, LUDHIANA -  PUNJAB, INDIA   ",LUDHIANA,141007,TRUE,
32605049,JAYESH FURNITURE MART SANKHEDA,"162, BAZAR ROAD SANKHEDA, DISTT VADODARA GUJARAT ",VADODARA,391145,TRUE,
10037115,Jeetmal Lakhmichand,Krishi Upaj Mandi,ASHTA,466116,TRUE,
10023414,Jewel Consumer Care Pvt Ltd," Jewel Consumer Care Pvt Ltd Subhaag B 15 16 Ramin Park Old Padra Road Vadodara, Gujarat",VADODARA,390020,TRUE,
SKDU,Jhajjar,"Reliance Retail Limited,  Jhajjar Rewari Ro, Nh 71 New Nh 352 Chainage Rd 401 370 ,  Village Ghijarod Jhajjar  ",JHAJJAR,124103,TRUE,
32000768,JIYA WOODS FURNITURE,"OM SHANTI COMPLEX, NEAR LLDC BHUJ-BACHAU HIGHWAY, OPP. ANCHOR CO VILL. AJRAKHPUR, BHUJ, KUTCH GUJARAT ",BHUJ,370105,TRUE,
T5OB,Jodhpur Basni,"Plot No B8 C9 and 10 A,Industrial Area Phase 1,Basni,Jodhpur RAJASTHAN",JODHPUR,342005,TRUE,
JRV NOIDA,JRV INDUSTRIES LLP,"INDUSTRIAL PROPERTY, B-6 2ED FLOOR, SEC-88, GAUTAM BUDDHA NAGAR, NOIDA, UTTAR PRADESH   ",NOIDA,201305,TRUE,
KB CREATIO,K. B. CREATION,Individual or Proprietor  RAM GOPAL CHHIPA PALOWALON KA BAGH NEAR SAINI MISTHAN BHANDAR SANGANER,JAIPUR,302029,TRUE,
30312412,KAILASH FAB PRINT,"PLOT NO.-2, SERVE NO. 112PA, YAS WAY BRDG., STREET, DHORAJI ROAD , JETPUR",JETPUR,360370,TRUE,
NASIK,KALWAN,"Reliance Retail Ltd, Girnar CC, Near BPCL Petroleum pump, Dugaon, Nashik",NASIK,422003,TRUE,
30403412,KALZADO INITIATIVES LLP,"CENTRAL, HOPE TOWN KHASRA NO 323 MI TEHSIL,  VIKAS NAGAR, SELAQUI SARA INDUSTRIAL ESTATE,  DEHARADUN ",DEHRADUN,248197,TRUE,
60400396,KANCHRATAN PACKAGING PRIVATE LIMITED,INDORE,INDORE,452010,TRUE,
PL,KANPUR EDIBLES (P) LTD,MAYUR HOUSE KANPUR,KANPUR,209304,TRUE,
KANPUR,"KANPUR EDIBLESS PRIVATE LIMITED,","GATE NO.190.201.RANIA, Akbarpur tahsil. Kanpur dehat, UP",KANPUR,209304,TRUE,
32180539,KANSAWALA,"VANA GIGA NO KHANCHO, SURVEY NO.465, KANSARA BAZAR, BHUTA VADI, SIHOR BHAVNAGAR GUJARAT",BHAVNAGAR,364240,TRUE,
AGRA,KAPOOR OVERSEAS,"1/132/1, FIRST FLOOR, SYED ALI NAVI, SHAHGANJ ROAD, AGRA",AGRA,282010,TRUE,
KARANJA,"Karanja Lad, Washim","Buldhana Urban WH Nagpur Highway Raod, Sawarkar Chowk Karanja Lad Dist. Washim - ",Karanja,444105,TRUE,
KASHYAP,KASHYAP FOOTWEAR INDUSTRIES,"C-96 EPIP Export Park Shastripuram Sikandra, Agra",AGRA,282007,TRUE,
10348418,Kayem Food Industries Pvt Ltd,"Plot No. 2244-47, Hsiidc,Industrial Estate, Rai Sonipat,KAYEM FOOD,SONIPAT  ",SONIPAT,131029,TRUE,
221871829,KESHVI FASHION LLP-ASN,THIRD FLOOR SHOP NO 3043 NEW SARDAR TRADERS MARKET BARDOLI MAIN ROAD SURAT,SURAT,395010,TRUE,
KEWAL RAM,KEWAL RAM PLASTICS,KEWAL RAM PLASTICS F 1708 DSIIDC NARELA DELHI ,DELHI,110040,TRUE,
60100444,KHS MACHINERY PVT. LTD,"Near Hirapur Chowkadi, Vatva – Ahmedabad Highway,Ahmedabad, Gujarat ",AHMEDABAD,382435,TRUE,
218137432,Khushal Clothing,"428 3, Bhavna Estate, Nr Gautam Furniture, Ishanpura Narol Highway",AHMEDABAD,382443,TRUE,
80014506,KKG Industries,"KKG Industries, Plot No.31 , Sector-3A, IIE, SIIDCUL, Haridwar, Uttarakhand, India",ROORKEE,247664,TRUE,
KRAFT IMPE,KRAFT IMPEX-ASN,"Individual or Proprietor KNIT KRAFT IMPEX GR FLOOR, IX/1312, MANDIR VALI GALI, GANDHI NAGAR, EAST DELHI, DELHI  ",DELHI,110031,TRUE,
32180374,KRAFTS PALACE,"506 MALL ROAD,,PRATAP PURA CROSSING,AGRA – 282001",AGRA,282001,TRUE,
NAVSARI,Krishana food product,plot no-426 to 429 new Gidc road bardoli road NAVSARI,SURAT,396424,TRUE,
10348425,KUMAR AGRO FOODS,"SURVEY NO 40 , Kumar Compound, Soanshiv Village,Wada Tilsa Road, Taluka Wada, Dist-Palghar , Thane , Maharashtra",THANE,421303,TRUE,
222103664,KURBAAN COLLECTION,"Individual or Proprietor KURBAAN COLLECTION 1385, VARDHMAN NAGAR ST.NO.6, RAHON ROAD. LUDHIANA, PUNJAB ",LUDHIANA,141004,TRUE,
3101000705,LARSEN & TOUBRO LIMITED,"L&T Energy Hydrocarbon RIL NEW ENERGY INITIATIVE PROJECT, MEGHPAR, PADANA, GAGVA, PV SOLAR TR-1: MECHANICAL PO: MOTIKHAVDI, JAMNAGAR, GUJARAT",JAMNAGAR,361140,TRUE,
32000830,Liladhar Crafts,"PLOT NO.8-9, RAM RATAN COLONY B MUKUNDPURA ROAD, BHANKROTA JAIPUR RAJASTHAN ",JAIPUR,302026,TRUE,
32001135,Living cocoon retail limited, F-191 Sitapura industries area Jaipur Rajasthan  ,JAIPUR,302022,TRUE,
Y344,Logistics park (India) Pvt. Ltd,Logistics park (India) pvt. Ltd Village - Nimji dist - NAGPUR Taluka - kalmeshwar,NAGPUR,441501,TRUE,
847234,M/S  Pandoul Flour Mills Pvt Ltd.,"At- Plote No.-123,125 & 127 Pandoul Industrial AreaPO/PS – Pandoul, Madhubani Sadar, Madhubani, Bihar - 847234",MADHUBANI,847234,TRUE,
MATHURA,M/S CRD FOODS,"M/S CRD FOODS, VILLAGE KOSI KHURD BHARATPUR ROAD MATHURA, UTTAR PRADESH",MATHURA,281005,TRUE,
NAVBHARAT,M/s NAVBHARAT INDUSTRIES,"A-37/1  MIDC Khairane, TTC Industrial Area, Near Parimeet Hotel, Behind White house, Navi Mumbai                                                                     ",MUMBAI,400710,TRUE,
MS-NAGPUR,"M/s Nisarg Enterprises,","plot no A 13/29,MIDC Area,Near Fire Station,Buttibori,Nagpur-2,Maharashtra",NAGPUR,441122,TRUE,
PL-AKOLA,MAHAVIR INDUSTRIES,"Plot No- N-45/46 Opp. ADM Agro Ind. MIDC- 4, AKOLA - 444104",AKOLA,444104,TRUE,
60250145,MANJUSHREE TECHNOPACK LIMITED,"PLOT NO 22B,23,23A, SECTOR 2 , INTEGRATED INDL ESTATE PANTNAGAR UDHAM SINGH NAGAR, Udham Singh Nagar, Uttarakhand India",UDHAM SINGH NAGAR,263153,TRUE,
MTL,MANJUSHREE TECHNOPARK LIMITED,UDHAM SINGH NAGAR RUDRAPUR,RUDRAPUR,263153,TRUE,
222275006,MB RUBBER,"M B Rubber Pvt Ltd. D-13,14,15, SITE IV INDUSTRIAL AREA, SAHIBABAD, DISTT GHAZIABAD (U.P.) ",GHAZIABAD,201010,TRUE,
AF_FAMIL_I,"Mbc New Warehouse F-block, Survey No.315/2/2 Bhatk",MP 453441,INDORE,453441,TRUE,
MBTC,MBTC_INT_110039_609,"Pocket J, Sector - 4 Building No./flat No.: 113 And 114 Dsii  Delhi, DL 110039",DELHI,110039,TRUE,
10281327,Meerut Packaging Industries,"KHASRA NO 740, 741, 745 & OTHERS, VILLAGE MUSSIORIE, NH-119, MAWANAROAD",MEERUT,250002,TRUE,
60010261,Megastar Foods Ltd,"MEGASTAR FOODS LIMITED VILLAGE SOLKHIAN KURALI-ROPAR ROAD, RUPNAGAR, PUNJAB",RUPNAGAR,140108,TRUE,
32180897,MEHAR TRADINGS,"B240 ,Pal Shilp Gram, Pal Village, RIICO Industrial Area, Jodhpur ",JODHPUR,342014,TRUE,
Pathankot,Metro cash & carry,Pathankot by bass Jalandhar,JALANDHAR,144001,TRUE,
DC11,METRO CASH & CARRY INDIA PVT LTD,"HADBAST NO. 44 AND 46,IN ZIRAKPUR , MOHALI",MOHALI,140603,TRUE,
FRGV,"METRO CASH & CARRY INDIA PVT LTD,","T3DS, Vasal Mall, Civil Line Raod, Oppt President Hotal, Jalandhar Punjab",JALANDHAR,144001,TRUE,
T3DM,METRO CASH & CARRY STORE Sonipat,City Mall Tarana Road Near bus stand sonipat Haryana,SONIPAT,131001,TRUE,
PL-INDORE,METRO CASH AND CARRY INDIA PVT LTD,"S.NO.17/8/1,2/4/4,17/3/1,17/7/5/1, PIPLIYA KUMHAR P.H.NO.17 (NEW NO.40 INDORE(MADHYA PRADESH), INDORE, Madhya Pradesh ",INDORE,452010,TRUE,
T0RJ,Metro Pipliya Kumhar Indore,"Near Niranjanpur Circle, Dewas Naka Village Pipliya Kumhar, Indore, Madhya Pradesh",INDORE,452010,TRUE,
DEHRADUN,MG Shahani & Co Delhi Pvt Ltd,"Plot no : 30, Pharma City, industrial Area, Selaqui. Dehradun. Uttaranchal ",DEHRADUN,248197,TRUE,
S0NW,MICROTROL STERILISATION SERVICES PRIVATE LIMITED,"R.S.NO.338, STATE HIGHWAY, VILLAGE BRAHMANWADA,  TALUKA - UNJHA, MEHSANA GUJARAT",MEHSANA,384135,TRUE,
60402313,MIKHKAT AGRO INDUSTRIES PRIVATE LIMITED,DAHOD,DAHOD,380181,TRUE,
KHURJA,"Minhas Pottery,","Minhas Pottery, C-1, Industrial Estate. G.T. Road, Khurja U.P. 203131",KHURJA,203131,TRUE,
50015987,MIRC ELECTRONICS LTD,"Village Kudus Bhiwandi Wada, Dist. Palghar, Maharashtra",PALGHAR,421312,TRUE,
MORENA,Morena,"Central Warehouse Gate No.2 Near Krishi Mandi, Parishar, Naina garh road Morena MP,",MORENA,476001,TRUE,
PL-MORENA,MORENA MP,305 Shri Badridham Residenci Narayani Bali GALi Dattpur Murena ,MORENA,476001,TRUE,
399A,Mr. Deepak,"Neerja International Inc Shri Gopal Nagar, Gopal Pura Bypass, Jaipur, Rajasthan",JAIPUR,302019,TRUE,
LATUR,MSWC MIDC,MSWC MIDC Renapur Latur P2  Dist. Latur P2,LATUR,413527,TRUE,
HINGOLI,"MSWC WH Jawala Bazar, Hingoli","Jawala Bazar, Hingoli",Hingoli,431705,TRUE,
60116585,MUTUAL INDUSTRIES LIMITED,"Survey No. 166/2 Part 1, Village Tumb, Taluka Umargaon, Dist. Valsad, Gujarat - ",Valsad,396150,TRUE,
NKPPL,N K Proteins Private Limited,"Kadi – Thor  Village – Thor, Taluka – Kadi, Dist – Mehsana  Mehsana- 382721, Gujarat",MEHSANA,382721,TRUE,
BHAVNAGAR,NAFED MAHUVA,"NATIONAL AGRICULTURAL COOP MKTG FEDERATI,GSWC LOYANGA MAHUVA, BHAVNAGAR , GUJARAT ",BHAVNAGAR,364295,TRUE,
F1FH,NAMAN MALL MANAGEMENT PL,"RNTMARG,INDORE",INDORE,452001,TRUE,
NAMHO FASH,NAMHO FASHION LUDHIANA,"RRL jhajjar Rewari Road E8/1684, ST NO.6, NEW BASANT VIHAR KAKOW Nh  71 New Nh 352 Chainage Rd 401 370 LUDHIANA",LUDHIANA,141007,TRUE,
834010,Namkum Industrial Area,"AT: 10-P, Namkum Industrial Area, Opp. Aaj Press, Ranchi - 834010   ",RANCHI,834010,TRUE,
SLHD,NANDURBAR,NANDURBAR,NANDURBAR,425412,TRUE,
BIKANER,Navhari Food Products Pvt. Ltd,"F-88-89 BICHHWAL INDUSTRIAL AREA,BIKANER- (RAJASTHAN)  ",BIKANER,334006,TRUE,
RRL TRENDS,NDC SULTANPUR,"INDUSTRIAL PLOT 6, DADRI",JHAJJAR,124103,TRUE,
AF_PLANT_3,"New Servey No 1076N, Old Servy No 821, Om Sai Brid","Ahmedabad, GJ 382430  ",AHMEDABAD,382430,TRUE,
32181089,NEW VISHWAKARMA HANDICRAFTS,"Plot no. 7, khasra no. 1102 740, NEW VISHVAKARMA HANDICRAFTS, BEHIND BASNI POLICE, STATION, BASNI 2ND PHASE, Jodhpur, Rajasthan,",JODHPUR,342005,TRUE,
220025831,NEXGEN FOOTWEARS PVT. LTD.,"H-42, UDYOG NAGAR, PEERAGARHI, WEST DELHI, DELHI-110041  ",DELHI,110043,TRUE,
3101000550,"NH - 77, Bazaar, near R D High","NH - 77, Bazaar, near R D High School, Runni Saidpur Madhya, Chak Donai, Bihar",SITAMARHI,843328,TRUE,
PL-KHARGON,"NIMRANI, KHARGONE",AKSHAT AGRO MILLING COMPANY PVT LTD PLOT NO 1-8 AND 23 TO 33 FOOD PROCESSING PARK INDUSTRIAL AREA AB ROAD NIMRANI,KHARGONE,451001,TRUE,
NORANG,NORANG FLOUR MILLS PVT LTD,JHUNDPUR INDUSTRIAL AREA SONIPAT,SONIPAT,,TRUE,
STVT,NTEX Transportation Service Pvt Ltd,"Surat, GUJARAT 394107",SURAT,394107,TRUE,
30307006,"Nylon Hosiery Mills, LUDHIANA","B-32, E14/2004, Gurbax Nagar, Near Metro G.T. Road. Jalandher Bye Pass, Ludhiana ",LUDHIANA,141008,TRUE,
OAM3,OAM3-AMAZON SELLER KATHWADA-1,"Ahmedabad GIDC KATHWADA  Ahmedabad, Gujarat 380005",AHMEDABAD,380005,TRUE,
32001565,OCHRE CERAMIC & POTTERY,"SR NO 107, LAXMI NAGAR HADGUD, ANAND, GUJARAT ",ANAND,388110,TRUE,
OCSX,OCSX -AMAZON SELLER KHATWADA-2,"Accurateproductsandservices84-85,girivarglobeindustrialpark,  Ahmedabad, Gujarat 382415",AHMEDABAD,382415,TRUE,
30850092,OM POLYMERS,1404 &1417 MIE PART-B BAHADURGARH ( H.R  ,BAHADURGARH,124507,TRUE,
OSFP,OM SAI FOOD PRODUCTS,"29000750  Add-76,PO KOLSANA,VIA MORALI BAZAR,NEAR SUGA ",NAVSARI,396436,TRUE,
AF_PACIF_,"Oorja Industrial Zone - 10b, Pardi-padvala Road,be","Rajkot, GJ 360024  ",RAJKOT,360024,TRUE,
T5GI,Opp Reliance Gujarati Medium School,"Sector 1 PO Petrochemicals Township,Refinery Road Village Undhera Vadodara GUJARAT",VADODARA,391345,TRUE,
PALSANA-GJ,PALSANA SURAT,ULTRADENIM LIFESTYLE PRIVATE PLOT NO. C9  GUJARAT ECO TEXTILE PARK NATIONAL HIGHWAY 8  GUJARAT ,PALSANA,394315,TRUE,
PL-DEHGAM,PANKAJ AGRO PROCESSING PVT LTD,OPP.MARADIYA FARM NEAR.RAILWA CROSSING DEHGAM GANDHINAGAR ROAD,DEHGAM,382305,TRUE,
RAIGAD,PARAKH FOODS AND OILS LIMITED,"VILLEGE DEVNHAVE, PALI ROAD, KHOPOL RAIGAD MAHARASHTRA, 410203 RAIGARH(MH), Maharashtra ",RAIGAD,410203,TRUE,
32021104,PARASRAM APPARELS,"PARASRAM APPARELS,449/6/7,STREE NO 0,,JANAKPURI.,NEW KIDWAI NAGAR,Ludhiana,141008",LUDHIANA,141008,TRUE,
PARSONS,PARSONS NUTRITIONALS PVT LTD,"Parsons Nutritionals Pvt Ltd ,  Plot No – 5 , Site – IV , Industrial Area , Sahibabad , Ghaziabad – ( U.P. )",GHAZIABAD,201010,TRUE,
60402120,PATAN / GAGLASAN,GAGLASAN,PATAN,384151,TRUE,
32002472,PATOLA OF PATAN PRIVATE LIMITED,"PATOLAWALA FARM HOUSE, OUT SIDE PHATIPAL, GATE PATAN, GUJARAT  ",PATAN,384265,TRUE,
S3ON,PBG INDW MP,GRAM DAKACHIYA TEHSIL SANWAR INDORE RRL C/0 PRANIK LOGISTICS INDORE,INDORE,452006,TRUE,
30108556,Pg Electroplast Pvt. Ltd,"PG ELECTROPLAST PVT LTD,, KHASRA NO 268 AND 275, 15TH MILESTO, ROORKEE - DEHRADUN NATIONAL HIGHWAY, VILL-RAIPUR,PARGANA-BHAGWANPUR,, HARIDWAR UTTARANCHAL",ROORKEE,247667,TRUE,
NOIDA,PG TECHNOPLAST PRIVATE LIMITED,"PLOT NO 76 SECTOR ECOTECH 12 GAUTAM BUDH NAGAR, UTTAR PRADESH  INDIA ",NOIDA,201306,TRUE,
60115296,PGP GLASS PVT LTD,"Off-Masar Chowkadi, Masar Gajera Road, Ucchad Village, Jambusar Taluka Bharuch",Jambusar,392150,TRUE,
SLXP,PL - AHMEDNAGAR,Saideep Foams Pvt Ltd Plot No A11/2 Nagpur Midc Ahmadnagar Maharashtra,AHMEDNAGAR,,TRUE,
PL-AGRA,PL AGRA FOOTWEAR,ELAHI FOOTWEAR CONCEPTS,AGRA,223007,TRUE,
PL-ANAND,PL ANAND,SYPRAM WORLD TRADE PVT LTD  268NEAR SINJI WADA KANALTARAPUR-    AHMEDABAD ROAD - TARAPUR-388  CITY CODE -388180 DIST-ANAND,ANAND,388180,TRUE,
PL-ASANGAO,PL ASANGAON VENDOR,"VIVA COSMETICS, C1/1 TO 6, RADHEYSHYAM INDUSTRIES  ASANGAON, TALUKA - SHAHAPURA, DIST THANE ",ASANGAON,421601,TRUE,
PL-B'GARH,PL BAHADURGARH,"OM POLYMERS, MIE PART B",BAHADURGARH,124507,TRUE,
PL-GHA'BAD,PL GHAZIABAD,"SONAM COLLECTION, TRONICA CITY",GHAZIABAD,201102,TRUE,
PL-LUDHIAN,PL LUDHIANA,"LIKE KNITTING,  GT ROAD BYEPASS",LUDHIANA,141003,TRUE,
PL Mahesan,PL Warehouse,NA,MAHESANA,384001,TRUE,
PL-LIMBASI,PL WAREHOUSE LIMBASI,"KASHI AGRO BLOCK NO. 355 360 361 MALAWADA CROSSING  LIMBASI TA MATAR, LIMBASI, DIST KHEDA ",LIMBASI,387520,TRUE,
PL-MAHEMDA,"PL WAREHOUSE MAHEMADABAD, DIST KHEDA",MAHEMDAVBAD,MAHEMADABAD,387130,TRUE,
PL-RAJKOT,PL WAREHOUSE RAJKOT,RAJKOT,RAJKOT,360001,TRUE,
PL-VAPI,PL WAREHOUSE VAPI,"M/S ACCRA PAC INDIA PVT LTD. PLOT NO. 1105, 3RD PHASE, GIDC VAPI -396195",VAPI,396195,TRUE,
PL-ROORKEE,PL- ROORKEE WAREHOUSE,"Plot No: 12 (A), Raipur Sahkari Udyogik Kshetra, Village Raipur, (Bhagwanpur), Roorkee - ",ROORKEE,247667,TRUE,
PL-PALGHAR,PL-PALGHAR ATLAS COMMODITIES,"M/s Atlas Commodities, 1010 DONGRIPADA, KAMAN BHIWANDI ROAD,KAMAN,TAL-VASAI, DIST-PALGHAR- 401208",PALGHAR,401208,TRUE,
AF_PLAN__A,"Plantex, Plot No-5/a, Road No-1, Kathwada Gidc, Od","Ahmedabad, GJ 382430  ",AHMEDABAD,382430,TRUE,
AF_LEOTU,"Plot No. 3, Ode-pirana Road,","Ahmedabad, GJ 382427",AHMEDABAD,382427,TRUE,
PL(JAIPUR),"PLOT NO.A-118,B-119 & B-120","VISHWAKARMA INDUSTRIAL AREA,ROAD NO. 9,JAIPUR-",JAIPUR,302013,TRUE,
PL-SURAT,POSHTIK FOOD PRODUCTS LLP,"PLOT NO. 45, GUJARAT AGRO INFRASTRUCTURE, SURAT",SURAT,394421,TRUE,
32180600,PRACHI EXPORTS,"SF AND BASEMENT, B-104, OKHLA INDUS,AREA,PHASE-1, NEW DELHI,SOUTH DELHI, DELHI, ",DELHI,110020,TRUE,
32000107,PRAGATI HANDICRAFTS,"PRAGATI HANDICRAFTS 7/3216, DHOBISHERI SAIYEDPURA, NR. RAMPURA PETROL PUMP SURAT SURAT, Gujarat ",SURAT,395003,TRUE,
PGC,PRASAD GWK COOLTECH PVT. LTD.,"PLOT NO. 4/A-4, PHASE-I,,G.I.D.C., INDUSTRIAL ESTATE, VATVA,, AHMEDABAD-GUJARAT-",AHMEDABAD,382445,TRUE,
60400232,Pushpam Foods & Beverages Pvt. Ltd,"Gat No 104/2A,Village Borate Vasti,Nandur,Pune,Maharashtra",PUNE,412202,TRUE,
223163935,PUSHTI PRINT,"PUSHTI PRINT Tarapra Udhyog Nagar,  Bhadar Sama Kanthe, Jetpur     ",JETPUR,360370,TRUE,
LUDHIANA,PVT LTD LUDHIANA,"VPO JANDIALI, NEAR KOHARA, CHANDIGHAD ROAD, LUDHIANA",LUDHIANA,141001,TRUE,
SL3A,QSCPL VF GJ AHM BAVLA GROCERY,BAVLA,BAVLA,,TRUE,
SI05,QSCPL VF GJ AHMBAVLA GROCERY,KOCHARIYA BAVLA,BAVLA,,TRUE,
S2GZ,QSCPL VF Kolkata PL DC,HOWRAH,HOWRAH,,TRUE,
SP9J,QSCPL VF MH Kolhapur GCR DC,KOLHAPUR,KOLHAPUR,,TRUE,
S0IY,QSCPL VF MH PUNE CHAKAN DC,ESR Chakan II Industrial&Logistics ParK Village  Ambethan Tal Khed Chakan,PUNE,410501,TRUE,
SCB0,QSOPL VF TVS WADPE BHIWANDI DC,BHIWANDI MAHARASHTRA,BHIWANDI,,TRUE,
SZBL,QWIK Supply Chain Private Ltd,"SZBL Portico DC Jhajjar, QWIK Supply Chain Private Ltd, Rewari Road Nh 71 New Nh 352 Chainage Rd 401 370, Village Ghijarod, Raipur, Jhajjar",JHAJJAR,124103,TRUE,
SADW,QWIK Supply Chain Private Ltd BHW,QSCPL VF-BHW-Milestone Compound SN43/1/2A/1C 44/1D/A/C 45/1A/2A/2B 46/1A 1B/C/D/3E/4E/1E/7B/7A A5/6/8 Milestone Compd Ind Coop Vlg Dive Anjur Bhiwandi Thane,THANE,421302,TRUE,
QWIK,QWIK Supply Chain Pvt Ltd.,"Khewat/Khata No.489/503 Mustkil, Toatl Land, 17 Kannal, 7 Marla Share Salam, No 57, Killa No 8 & 9, 122004 GURGAON,Haryana(06),122004",GURGAON,122004,TRUE,
32001424,R K Studio Potteries,"Plot no. 8 Opp. S S Global School, Gurukul Industrial Area Sec - 38, Faridabad Haryana",NOIDA,121003,TRUE,
RV FOOD,R.V.FOOD PRODUCTS,"R.V.FOOD PRODUCTS  PLOT NO.624 PLOT NO.624, PHASE, NARODA",AHMEDABAD,380038,TRUE,
HMH6,"R1, Shakti Logistics Park- Phase II","R1, Shakti Logistics Park- Phase II , Mumbai-Nashik Highway (NH-160),  MUMBAI, MAHARASHTRA 421302",MUMBAI,421302,TRUE,
10199000,RAJEEV INDUSTRIES 36 INDUSTRIAL AREA,"RAJEEV INDUSTRIES TRILOKPUR ROAD KALA AMB KALA AMB SI SIRMAUR, Himachal Pradesh India",SIRMAUR,171226,TRUE,
223652937,RAJYAREKHA TRADE PVT. LTD,"PLOT NO. 1021 MIE PART A , BAHDURGARH, HARYANA",BAHADURGARH,124507,TRUE,
32001092,Ram Gopal Blue Pottery,"81, VISHNU GARDEN OPP. SANGANER AIRPORT TONK ROAD JAIPUR, Rajasthan ",JAIPUR,302029,TRUE,
BAVLA,Ramdev and Fine Taste Foods Private Limited," SURVEY NO:397, 400, 405, 406, 415, 416 VILLCHIYADA,TA-BAVLA, DI-AHMEDABAD-",BAVLA,382220,TRUE,
382220,RAMDEV FOOD PRODUCTS PVT. LTD.,"RAMDEV SPICE WORLD, CHANGODER",BAVLA,322220,TRUE,
32001152,Ramesh Handicrafts,"70, Old Amer Road, JDA Market, Kanwar Nagar, Opp. Vijay Senior School, Jaipur, Rajasthan",JAIPUR,302002,TRUE,
30852011,RASHI NX,"413, SAI DARSHAN MARKET, RING ROAD",SURAT,395002,TRUE,
RFPP,RASRASNA FOOD PRODUCTS(I)PRIVATE LIMITED,"E-66, BICHHWAL INDUSTRIAL AREA,BIKANER",BIKANER,334006,TRUE,
60400218,RAVI INDUSTRIES,",BAREILLY, Uttar Pradesh",BAREILY,,TRUE,
60400749,RAVI OIL REFINERIES,RAJKOT,RAJKOT,,TRUE,
222498730,RAVI POLYESTER PVT LTD,"PLOT NO:-2302, G.I.D.C., SACHIN, ROAD NO:-2 SURAT   ",SURAT,394230,TRUE,
PITHAMPUR,"Reliance Brands Limited, Pithampur","Millennium Babycares Pvt Ltd,Plot No 111 112 Sector No 2, Pithumpur Industrial Area Pithampur",PITHAMPUR,454775,TRUE,
SLR2,Reliance Brands Ltd - Mothercare,"Swara Baby Products Pvt Ltd,  Plot No 598 599 Sector 3,  Industrial Area Pithampur, DHAR",PITHAMPUR,454775,TRUE,
SH1R,RELIANCE CONSUMER PRODUCTS LIMITED," Plot No 1 2 3 4 Revenue Survey No 111p1 111P2,At Mota Mahika Bhunava, Mota Mahika Road Mota Mahika GONDAL Gujarat ",RAJKOT,360311,TRUE,
SARO,"RELIANCE CONSUMER PRODUCTS LIMITED,",Ms Ozpure FnB Pvt Ltd Sno -112 and 122/1Kalamkhand Manor-Wada Wada palghar VADA Maharashtra- ,PALGHAR,421303,TRUE,
SAI4,"RELIANCE CONSUMER PRODUCTS LIMITED,.", Plot no 20 GIDC Manjusar Savli SAVLI Gujarat - ,VADODARA,391775,TRUE,
SAL3,RELIANCE CONSUMER PRODUCTS LIMITED.,Plot No 228 Vadodara Jambusar Highway Near Padra Dabhasa PADRA Gujarat - ,VADODARA,391440,TRUE,
ST4S,Reliance Consumer Products Ltd Village Kulana,"Patauda,HR",JHAJJAR,124108,TRUE,
S4SZ,RELIANCE CONSUMER PRODUCTS. LIMITED, Shed No 2 Ground Floor Block No 505 Mouje Aslali Taluka Daskroi Ahmedabad Ahmedabad Gujarat -  ,AHMEDABAD,382430,TRUE,
GWL,RELIANCE RETAIL LIMITED [GWALIOR FC,"RELIANCE RETAIL LIMITED [GWALIOR FC PLOT.NO.994,WARD NO.13, BARAGHATA INDUSTRIAL AREA NEARBY VICKY FACTORY SQUARE",GWALIOR,474009,TRUE,
SK43,Reliance Retail Limited Faridabad,"Khatoni NO. 12/2, 19/1, 19/2, 22 Village Mawai 66 FT Road Faridabad Haryana. ",FARIDABAD,121002,TRUE,
VLCK,RELIANCE RETAIL LIMITED HARIDWAR FC,"RELIANCE RETAIL LIMITED HARIDWAR FC Khasra no. 1828 - 1830 Near Prince Pipe gate -4, Denso chowk, Bahadrabad Salempur Mehdood IP-II Haridwar, Uttarakhand",HARIDWAR,249402,TRUE,
T5OO,Reliance Retail Limited khasra no- 1234/3/1,Near Bapu asharam Rajokari villagenew delhi-110038,DELHI,110038,TRUE,
SZ9P,Reliance Retail Limited QSCPL VF MP Indore DC QWIK,"QSCPL-MP-DC-IND-008 135/1136/ 1141/1/1 & 142/1/2 Ab Rd, Vill Arjun Tehsil Sanwer 453771 INDORE MP",INDORE,453771,TRUE,
PATIALA,"Reliance Retail Limited, E-Grocery RMFC Patiala","Khewat No-3 Khatauni No-6,Vill-Bir Bahadurgarh and Khewat No-30,,Khatauni No-40, Village Kasba alias Rurki Tehsil Patiala",PATIALA,147021,TRUE,
S1OP,Reliance Retail Limited., AMTA AMTA BAGNAN ROAD DEORA Howrah AMTA2 West Bengal,HOWRAH,711401,TRUE,
BHAMBOLI,Reliance Retail Ltd,"Building 700, Interspace Chakan III, Chakan MIDC Phase II Bhamboli, Pune",PUNE,410501,TRUE,
SANATHAL,Reliance Retail Ltd. Sanathal Warehouse,"SURVEY NO.278 & 234 LOT NO : 54 & 95, SP RING ROAD, Sanathal OKAF, AHMADABAD GUJARAT",AHMEDABAD,382210,TRUE,
T5GJ,"Reliance Retail, Opposite Commando",Complex. Bahadargarh Patiala.,PATIALA,147021,TRUE,
20005115,RELISH FOODS,"KILERAMA, KHASRA NO 128 VILLAGE DALPATPURA, NEAR JATAKHEDA ROAD INDORE BHOPAL HIGHWAY, ASHTA, ASHTA MADHYA PRADESH",ASHTA,466116,TRUE,
BCTX,Renaissance industrial,"smart city Vashere village  BHIWANDI, MAHARASHTRA",BHIWANDI,421302,TRUE,
60115828,RISIVEDA HERBAL PRODUCTS PRIVATE LIMITED,"PLOT 30D, SECTOR 11 SIDCUL, HARIDWAR, Haridwar, Uttarakhand, 249403  Haridwar, Uttarakhand",HARIDWAR,249403,TRUE,
32001159,RK DESIGN,"56, BUS STAND, VILL KHORA SHYAMDAS, TEHSIL AMER JAIPUR RAJASTHAN",JAIPUR,303704,TRUE,
S950,RMFC Patiala,"Reliance Retail Limited, E-Grocery RMFC Patiala,  Khewat No-3 Khatauni No-6, Vill-Bir Bahadurgarh and Khewat No-30, Khatauni No-40, Village Kasba alias Rurki Tehsil Patiala, Patiala",PATIALA,147021,TRUE,
80018344,ROYAL PLASTOCRAFT PVT LTD,"ROYAL PLASTOCRAFT PVT LTD SP 5 -1, RIICO INDUSTRIAL AREA, GHILOTH TEHSIL – NEEMRANA",NEEMRANA,301706,TRUE,
RR JAIN,RR JAIN INDUSTRIES,"SHARMAN RATTAN ENCLAVE,BAHADUR KE LUDHIANA PUNJAB ",LUDHIANA,141008,TRUE,
TXIX,RRL,NOIDA GAUTHAM BUDDHA NAGAR UTTAR PRADESH,NOIDA,201301,TRUE,
KISHANGANJ,"RRL , KISHANGANJ","Central Warehousing Corporation, Reliance Retail Ltd, Paschimplai",KISHANGANJ,855107,TRUE,
NAGPUR,RRL 20 Cube Warehousing & Distribution Ltd,"W/H ADD : KH NO 16, CHINCHBHUWAN, 14 MAIL, NEAR HP PETROL PUMP, KALMESHWAR ROAD, VILLAGE NIMJI, TAH KALMESHWAR",NAGPUR,441501,TRUE,
S3WL,RRL Agri sourcing Prerna Reliance Retail Limited,"Prerna Garg Chamber No, 01 & 02 Khasra No 40-2 ,4-0, 40-3,1-0,Situated in the revenue state village Hamidpur ALIPUR",ALIPUR,110036,TRUE,
V1PX,RRL Ahmedabad Distribution Ce VS GIDC,"Naroda,Naroda Industrial Estate,AHMEDABA(Gujarat)",AHMEDABAD,382330,TRUE,
60014972,RRL Ahmedabad Processing Centr,AHMEDABAD,AHMEDABAD,,TRUE,
SB85,RRL Ajio B2B CDC,"Jaipur Logistics Park,Bagru, NH8, Jaipur (RJ) ",JAIPUR,303007,TRUE,
S3UT,RRL AJIO B2B khopoli 2 DC,Reliance Retail Limited Building No B 500 Ikshita Logistics Park Indospace logistic Park Khopoli vlg Ajivali taluka Khalapur raigad KHOPOLI,KHOPOLI,410203,TRUE,
SD72,RRL AKBARPUR SONEPAT PL DC,Reliance Retail Limited SR Techno Soft Pvt Ltd Kh No 101//1/1/21 11/2/1 102//5/2/3 5/2/2 5/4/1/2 5/4/22 6 VILLAGE AKBARPUR BAROTA DISTRICT SONIPAT ,SONIPAT,131103,TRUE,
F1UH,RRL AMBAWADI,"RRL KOLONNADE CENTRE OPP. SAFFRON TOWER, AMABAVADI",AHMEDABAD,380006,TRUE,
WALUJ,RRL AURANGABAD,Reliance Retail Limited Gut No 49 Opp Garware Hytech filling At Naigaon Post Waluj Tal Gaangapur   Dist Aurangabad Pune Nagar Highway  ,AURANGABAD,431133,TRUE,
BHARATPUR,RRL BHARATPUR,"Reliance Retail Limited, Central Warehousing Plot No G 162-165 Brij Industrial Area behind Nafed Plant Bharatpur",BHARATPUR,321001,TRUE,
8909,RRL CDIT  Orion Business Park,Reliance Retail Limited Ground flor next to cinewounder mall gb road thane gb road thane ,MUMBAI,400607,TRUE,
FARRUKHNAG,RRL CDIT FARRUKHNAGAR DC,RRL CDIT FARRUKHNAGAR DC Embassy Industrial Park,FARRUKHNAGAR,122506,TRUE,
SLGC,RRL CDIT PUNE INTERIM DC,"Reliance Retail Limited, MH-DC-PUN-019,  Sanghar Warehousing Survey No 27,  Situated At Village Lonikand, Tal Haveli dist, PUNE",PUNE,412216,TRUE,
NANDED,RRL CENTRAL WEARHOUSE,"NR, JAWAHAR NAGAR, TUPPA VILLAGE, NANDED",NANDED,431603,TRUE,
S3XT,RRL Cold storage Mother Shree,"Reliance Retail Limited GJ-DC-AHM-005 Plot no 49/50, Phase l  ""Behind, Jayhind Metal"" GIDC, Naroda AHMEDABAD",AHMEDABAD,382330,TRUE,
RRLCD,RRL Consumer Brand,RRL Consumer Brand Delhi,DELHI,110000,TRUE,
SLTO,RRL DC Building No B 1000 Indospace,"""Industrial, Jhajjar Badli RoadPahasour"" Faizabad PO Badli Badli Jhajjar",JHAJJAR,124105,TRUE,
SLLM,RRL Digital CDIT Siliguri DC,Mouza Binnaguri Po Bhaktinagar Near cannel road sahudangi,SILIGURI,735135,TRUE,
S4XC,RRL Footprint Sultanpur NDC,"Industrial Plot No 1,Village: Dadri Toe,Jhajjar Haryana JHAJJAR",JHAJJAR,124103,TRUE,
V1KF,RRL Grocery Kheda DC,VS Sumar Logistics and Indust Park NH 8 Village Hariyala Tal Dist Kheda KHEDA(Gujarat)-387411,KHEDA,,TRUE,
VS40,RRL Grocery Kheda DC-VS,",Coca-Cola Factory Betdilat,Vill Hariyala Tal Dist Kheda NADIAD,Gujarat",KHEDA,387411,TRUE,
NAVASRI,RRL Gujarat State Office - PL,"PLOT NO-16, BLOCK NO-1862, EURO FOO B/H GUJARAT HOTEL, NH-48, DEGAM,  TA-CHIKHLI, DIST-NAVSARI, GUARATNAVSARI Gujarat ",NAVSARI,396530,TRUE,
JAIPUR DC,RRL JAIPUR DIGITAL DC,SP-2033  Industrial AreaRamchandrapura Sitapura Extension Sitapura 302022 JAIPUR (RAJ.),JAIPUR,302022,TRUE,
JALANDHAR2,RRL JALANDHAR,"Reliance Retail Limited,E Grocery FC  Jalandhar NURPUR",JALANDHAR,144001,TRUE,
S3RW,RRL KASHIPUR,KHASRA NO 53MIN & 54MIN NAGAR INDUSTRIAL ESTATE BAZPUR ROAD KASHIPUR,KASHIPUR,247667,TRUE,
T5LA,RRL KOTA,Godown 1A 1B 1C Central warehouse Indraprastha md area Nr. Daknia Railway Station Kota ,KOTA,324005,TRUE,
LUCKNOW RR,RRL LUCKNOW,DC 325/4 DHAWAPUR BANI MOHANLAL GANJ ROAD LUCKNOW UP,LUCKNOW,,TRUE,
TB32,RRL Pune Wagholi CPC,Reliance Retail Limited Gate No.511 Katkewadi Village-Wagholi Taluka - Haveli Pune,PUNE,412207,TRUE,
TAL8,"RRL RAIPUR VF DC VS,"," RRL RAIPUR VF DC VS,Rrl Vf Dc Khasra No 684/1 to 684/7,Near Flyover Ring Rd N3 Raipur,RAIPUR(Chhattisgarh)-493111",RAIPUR,493111,TRUE,
S0XB,RRL SIS VF GJ Navsari Surat FFDC,"534 Canal Road, Vesma  Chokdi, Block No533,534,Vesma, Kuched Navsari ",SURAT,396475,TRUE,
S0GT,RRL Sulthanpur Trends DC,"Industrial Plot N1 Street Nimana Sector5, Model Economic Township Tehsil Badli District Jhajjar Haryana JHAJJAR",JHAJJAR,124103,TRUE,
V1JU,RRL Super RP Bagh,RRL Super RP Bagh - VS New Delhi,DELHI,110033,TRUE,
32000371,RRL TRENDs JAIPUR,"180 Ganga Vihar Colony, Mangyawas. Near Bharat Mata Circle, Mansarover, Jaipur, Rajasthan",JAIPUR,302020,TRUE,
V050,RRL TRENDS SULTANPUR NDC,RRL TRENDS SULTANPUR NDC,GURGAON,,TRUE,
F1N1,RRL VADODARA,RRL VADODARA  WADI OPP. SARABHAI CHEMICALS BARODA,VADODARA,390001,TRUE,
SR1T,RRL VF GJ AMD Pirana PL DC,"Reliance Retail Limited  RRL-GJ-PIRANA-GOGREE   Shiv Prerana Industrialplot No 32 Estate  Pirana Road, Ahmedabad     ",AHMEDABAD,382425,TRUE,
SLPR,RRL VF HR Kumaspur CPC,HR Kumaspur CPC,SONIPAT,,TRUE,
SF67,RRL VF JAIPUR SDFX DC,Reliance Retail Limited RRL VF Jaipur,JAIPUR,302013,TRUE,
PLCHOMU,RRL VF JPR Chomu,PL DC RAJ-DC-CHO-9008 Hathnoda Tehsil Chomu Dist Jaipur ,JAIPUR,303702,TRUE,
VV9A,RRL VF MP Khamkheda Grocery DC,"RRL Vlg Khamkheda Goharganj Raisen,HUZUR(Madhya Pradesh)",HUZUR,462046,TRUE,
SH66,RRL VF OD Khurda PL DC,Reliance Retail Limited Reliance Retail Limited A/21A/ 21/Aa/22A/22/Ba/22/B Pkholadwar Industrial Area Mouza Mukundaprasad Khorda,KHURDA,752055,TRUE,
JAIPUR,RRL VF RJ Jaipur,"Motu ka Bas GCR DC, Khasra No 76 To 96 98 118,Village Motu Ka Bas Tehsil Amer, Jaipur",JAIPUR,303704,TRUE,
SAJL,RRL VF UP Kanpur Chachendi PL DC,"Uttar Pradesh RRL Kalpi Rd,Chachendi urf Sachendi Ist, Arazi No 882,883, KA Mi, NH-2, Kanpur Nagar Ground Flr,",KANPUR,209304,TRUE,
S1QX,RRL VF Vidisha PL DC,"KHASRA NO 338 &340 Village Dhaturi, Haveli Management limited, Star Agri Warehousing & Collateral, VIDISHA",VIDISHA,464001,TRUE,
SN9O,RRL VF WB HWH Islampur PCS,Reliance Retail Limited Aapb Properties Llp Amta Ind Park 2 Mouza & Village Islampur Po Islampur P S Jagatballavpur Jl No 76 Howrah HOWRAH,HOWRAH,711401,TRUE,
SB70,RRL WAREHOUSE RAJKOT,AARNAV WHS  LLP  C/o DML WHS OPP SKYWIN SPINNING MILLS JIYANA KUVADA  WANKANER Road,RAJKOT,360003,TRUE,
SL07,"RRL, HOWRAH","Reliance Retail Limited, RRL Howrah Shadow Fax DC, Howrah, West Bengal",HOWRAH,711302,TRUE,
NARODA,"RRL, NARODA","Reliance Retail Limited, 103/106 - Gate No 5 |Vimal Compound| GIDC | Naroda Ahmedabad | Gujarat ",NARODA,382330,TRUE,
VASHI MKT,"RRL, TURBHE, VASHI","APMC. FRUITS MARKET,SECTOR-19,TURBHE,VASHI",NAVI MUMBAI,400705,TRUE,
DHARUHERA,RRL-NORTH-HR-DHARUHERA,Reliance Retail Limited Schenker India Pvt Ltd Hadbast No 191 Khewat Khatuni No 8 Mustatil No 17 Killa No 11 2 3 12 Dist Rewari,DHARUHERA,123106,TRUE,
221519214,S.D POLYMER,"F-1488, DSIIDC INDL. AREA., NARELA, WEST DELHI, DELHI ",DELHI,110040,TRUE,
SAEY,SAEX QSCPL - VF APPAREL DC HR,JHAJJAR REWARI ROAD NH 71 NEW NH 352 CHAINANGE RD 401 370 GHIJA ROAD JHAJJAR ,JHAJJAR,124103,TRUE,
S570,SAGAR COMPLAX,"BHIWANDI NASIK ROAD, BHIWANDI",MUMBAI,421308,TRUE,
60400628,SAGAR RATNA PRODUCTS PVT. LTD,JUPITER INDUSTRIAL & LOGISTICS UNIT VADALA ROAD KHEDA,KHEDA,387411,TRUE,
SLLR,Saharanpur,"CWC, Saharanpur",SAHARANPUR,247001,TRUE,
SAI INTERN,SAI INTERNATIONAL,"PLOT NO-315,316,SECTOR-17 HSIIDC, FOOTWEAR PARK,  BAHDURGARH, HARYANA  ",BAHADURGARH,124507,TRUE,
32001293,SALAWAS ART & CRAFTS,"NEAR KABIR ASHRAM, SALAWAS, JODHPUR, Rajasthan - Pin Code : 342001",JODHPUR,342001,TRUE,
32000829,Samarth Enterprises,"F-92, Prahladpura Industrial Area, Sitapura, Jaipur, Rajasthan ",JAIPUR,302022,TRUE,
PL-NAVSARI,SANIL TEX,"ECOSSENTIAL CLOTHING PVT.LTD, 2ND AND 3RD FLOOR, SHOP NO.1066/71, 2,3 AND 1066/73,1, OM SHOPPERS B, HANUMANBARI, VANSDA, NAVSARI ",NAVSARI,396580,TRUE,
32180022,Sanskriti Bastar,"plot no 5-6, Gandi ward, industrial state Kondagaon Chhattisgarh",RAIPUR,494226,TRUE,
32001249,SANTOSH MARBLE HANDICRAFT,"176, Laxmi Vatika, Hathoj Village, Kalwad Road, Jaipur, Rajasthan",JAIPUR,302012,TRUE,
PL-NOIDA,SARAH INTERNATIONAL,"D-172, PHASE 2 EXTN, HOSIERY COMPLEX, NOIDA",NOIDA,201304,TRUE,
PL - ASHTA,SATHVIK AGRO FOOD INDUSTRIES PVT LTD,KHASRA NO 124 4 INDORE BHOPAL HIGHWAY VILLAGE DALAPATPURA,ASHTA,466116,TRUE,
FRDR,SB Ajmer Oasis Mall Panchsheel,Block A  Rajeev Circle  Oasis Mall - Ajmer,AJMER,,TRUE,
FR28,SB Bhopal Aura Mall Gulmohar,Sector E8  Arera Colony  Aura Mall Opp Rajiv Gandhi College  Gulmohar ( BHOPAL,BHOPAL,462039,TRUE,
FRFT,SBZ PB Amritsar TRILIUM MALL VR Ambarsar,"Plot No 4 Medical. Enclave Opposite Basant, Avenue Circular Road. AMRITSAR",AMRITSAR,143001,TRUE,
FRBG,SBZ PB Ldh Silver Arc Ferozep,SBZ PB Ludhiana Silver Arc  Ferozepur Rd. Bxx 622 Gurdev Nagar. LUDHIANA (PB),LUDHIANA,141001,TRUE,
FRDO,SBZ RJ Jaipur,"Triniti Mall-Sanganer,Plot No 5  Triniti Mall,Opp Shyam Nagar  New Sanganer Road",JAIPUR,,TRUE,
GURGAON,Schenker India Warehouse,"Revenue Estate  Kila#51 17 24 Village Khurumpur Tehsil Farukhnagar Gurgaon, Haryana ",GURGAON,122506,TRUE,
SRN,SCHMITEAM RAJHANS NUTRITIONS PVT LTD,SURAT,SURAT,,TRUE,
S4VD,Schmitten - Rajhans Nutriments Pvt. Ltd.,"NH - 08, Opp. Gujarat Gas CNG Pump Tal: Mangrol, Mahuvej, Gujarat",AHMEDABAD,395006,TRUE,
225696551,Shamsons Polymer Pvt. Ltd,C-1 SITE IV INDUSTRIAL AREA SAHIBABAD GHAZIABAD U.P.-,GHAZIABAD,201010,TRUE,
SHARDA IND,"SHARDA INDUSTRIES, SANAND",SHARDA INDUSTRIES  PLOT NO.12GAYATRI IND ESTATE  NR.MANPASAND WAY BRIDGE VIRAMGAM ROAD  SANAND ,SANAND,382110,TRUE,
IDX2,Shiv logistic Park,"Khasra No 282/1/2/2 INDORE, MADHYA PRADESH",INDORE,453771,TRUE,
INDORE,Shivani Detergents,"PLOT NO. 41 C, E & F Seller Quot. Ref SECTOR II, PITHAMPUR, DHAR, DHAR MADHYA PRADESH, Pin-Code:  INDIA ",INDORE,454775,TRUE,
219772218,"Shoe Art India, DELHI","SHOE ART INDIA, A-61, DSIIDC NARELA INDUSTRIAL AREA, DELHI ",DELHI,110040,TRUE,
Shoemac,Shoemac Exports,"143-Manas Nagar, Shahganj  AGRA ",AGRA,282010,TRUE,
10004443,Shree Ambaji Food Products Pvt,RANCHI,RANCHI,,TRUE,
RAMDEV RIC,Shree Ramdev Rice And Pulse Mill,"Near lake , Nayka Nayka- Dist. Kheda- 3 Gujarat",KHEDA,387550,TRUE,
217639348,Shruti Enterprises,"E-736, DSIIDC Narela, ",DELHI,110040,TRUE,
PL-DAMAN,SHUBH SHAGUN PACKAGING PVT. LTD,"Survey No : 172/3(80) & 172/4 (81), Panchal Udhyog Nagar",DAMAN & DIU (UT),396210,TRUE,
SIKANDRABA,SIKANDRABAD,"TWIN TECH INDIA PVT LTD. R-51, 52, 53 & 37, UPSIDC, Sikandrabad (UP)                                                                                                                                                 ",SIKANDRABAD,203205,TRUE,
SIRSA,SIRSA,The Haryana state Cooperative Supply and Marketing Federation LTD. Hafed Dist Sirsa( HR),SIRSA,125055,TRUE,
30850635,SKG PLASTICS PVT LTD,"Plot No 267, sector-17, footwear park, Bahadurgarh, Haryana",BAHADURGARH,124507,TRUE,
FC Nagpur,Smart FC,"No 471 to 476 Mouza Khumari PS K 12, Khasra No 41-43 Mouza Kokarda Khumari Tehsil Kamleshwar NAGPUR, Maharashtra ",NAGPUR,441502,TRUE,
BALAGHAT,Smart Hub Balaghat,"  RRL, Central Warehouse, Godown No 3 Balaghat Waraseoni Road, Garra, Balaghat, Madhyapradesh",BALAGHAT,481001,TRUE,
BEAWAR 2,Smart Hub Beawar RRL,"Reliance Retail Limited, Central Warehouse 2,  Front Of Riico Industrial Area, Gram Gohana,  BEAWAR, Rajasthan",BEAWAR,305925,TRUE,
BHIND,Smart Hub Bhind RRL,"Central Warehouse,Godown No.1, Lahar Road ,Industrial Area,",BHIND,477001,TRUE,
SJ76,Smart Hub Bikaner RRL,"Godown No. 1A, 1B, 1C, 2A, 2B, 2C & 3A, Central Warehouse, Opp. Government Engineering College, Karni Industrial Area Phase- II, Bikaner   ",BIKANER,334004,TRUE,
SLC2,SMART HUB DHAR,VILLAGE UTAWAD,PITHAMPUR,454001,TRUE,
SLHA,Smart Hub Jhansi FCPL,Smart Hub Jhansi FCPL,JHANSI,284001,TRUE,
SLEI,"SMART HUB KOTA, RRL","CWC Warehouse, Road No. 1, Indraprasth Ind. Area, Near Dakania Railway Station, Kota",KOTA,324005,TRUE,
SKML,SMART HUB MUNDKA,MUNDKA,DELHI,110041,TRUE,
SHEOPUR KA,Smart Hub Sheopur Kalan,RRL Central Warehouse Godown no 6 Sheopur kalan II Khatouli Road Jaida ,SHAHPUR,476337,TRUE,
SI99,Smart Hub Sikar RRL,"CWC Jagmalpura Sikar, Jhigar choti road, Jagmalpura, Post bhadwasi, Sikar, Rajasthan ",SIKAR,332024,TRUE,
TNB6,SMART SUZUKI COLONY,BHILWARA,BHILWARA,311001,TRUE,
CPC-PUNJAB,Sns waxing plant,"SNS waxing plant, Sayadwala, Abhor, Panjab, ",ABHOR,152116,TRUE,
BSB,"SPIN_132103_756  Opp.mehak Farm, Shri Ram Marg,  P","BSB_SPIN_132103_756  Opp.mehak Farm, Shri Ram Marg,  Panipat, HR 132103",PANIPAT,132103,TRUE,
60400173,SRESTH PRODUCTS PRIVATE LIMITED,SINGUR,SINGUR,,TRUE,
BAREJA,"Sri Jagannath Agro industries, Bareja","Opp. Umiyapura , lali Gam",BAREJA,382425,TRUE,
217723652,"SS Enterprises, Faridabad","S.S ENTERPRISES, Plot No.61/1,Sikand Complex; Industrial Area,N.I.T Faridabad",FARIDABAD,121001,TRUE,
T2SQ,STORE AJMER,"METRO CASH & CARY C1,PANCHSHEEL SCHEME, MAKARWALI ROAD ,AJMER",AJMER,,TRUE,
TNB1,Store Amritsar,"Ajnala road, Mirakot E-grocery FC Ajnala Road",AMRITSAR,143001,TRUE,
T5NE,"STORE NAGPUR,Reliance Retail Limited","Survey no 41 42 1 42 2and43 Vill Kakrod,S no 471 1 472 473 474 474 476 Mohpa,PSK12 Gram Pnchyt Khumari Tal Kamleshwar Nagpur- Maharashtra  ",NAGPUR,441502,TRUE,
T2QI,STORE Nandurbar,"Ramdevji Warehouse Palashi, Ghuli gaon, Nandurbar",NANDURBAR,425412,TRUE,
T5ML,STORE Saharanpur,"3 A B D Central Warehouse Janta Road, Saharanpur Uttar Pradesh ",SAHARANPUR,247001,TRUE,
8000962942,STORE SIkar,"CWC Jagmalpura Sikar, Jhigar choti road,Jagma",SIKAR,332024,TRUE,
AF_SAMAR_K,"Sumar Logistics And Industrial Park, Nh-8, Ahead O","Kheda, GJ 387411  ",KHEDA,387411,TRUE,
32001545,SUMATI POLYFIBERS,"F-2171, RIICO INDUSTRIAL AREA RAMCHANDRAPURA  ",JAIPUR,302022,TRUE,
PL-BIKANER,SUN SHINE FOOD PRODUCTS PRIVATE LIMITED,"F-88-89 BICHHWAL INDUSTRIAL AREA, BIKANER, RAJASTHAN  ",BIKANER,334006,TRUE,
30850026,"SURVEY NO 216 , SHREE NATH ESTET,MAHADEV COMPLEX","SHAHVADI GAM,NAROL, AHMEDABAD",AHMEDABAD,382405,TRUE,
AF_RUHE__A,Survey No. 606 (old Survey No. 1439) Rishi Kiran L,"Ahmedabad, GJ 382213",AHMEDABAD,382213,TRUE,
T3FK,Swadesh Store Jamnagar,"Reliance Retail Limited Near ESIC Office Reliance Greens ""Moti Khavdi, Jamnagar",JAMNAGAR,361140,TRUE,
ROHTAK,SWASTH AAHAR PVT LTD,"15 K.M. MILE STONE DELHI ROHTAK NATIONAL HIGHWAY NO -10 ,  NEXT TO L.P.S. BOSSARD KHARAWAR ;  DISTT. ROHTAK HARYANA",ROHTAK,124021,TRUE,
AF_PLANT_,Swati Park 80 Feet Road,"Rakjot, GJ 360002",RAJKOT,360002,TRUE,
RUDRAPUR,SWG INDUSTRIES,"LIMITED,PLOT NO 8, SECTOR-1 II E PANTNAGAR , RUDRAPUR ,  (U.S.NAGAR) UTTARAKHAND, UDHAM SINGH NAGAR,  UTTARANCHAL ",RUDRAPUR,263153,TRUE,
10296725,SWG INDUSTRIES LIMITED,"UDHAM SINGH NAGAR,",UDHAM SINGH NAGAR,,TRUE,
32181188,TAJ HANDICRAFTS,"108, TAJ NAGARI,PHASE-1 TAJ EAST GATE ROAD, BEHIND TDI MALL,NEAR INDIA LEATHER HOUSE AGRA (UP)  ",AGRA,282001,TRUE,
214886512,The Nizam Collection,"627, Kidwai Nagar, Hapur Road",MEERUT,250002,TRUE,
SLX9,To RRL MP Ashta JLCH Wh PL DC,"Jeetmal Laxmi Chand Wh Khasra No 128, Bhopal Road Indore Bhopal Highway, Jatakheda Jod Dist Sehore",SEHORE,466116,TRUE,
32001302,trends HOSHIARPUR,"Rakesh Ohri,B 4/501, CHHATTA BAZAR, NAIABADI HOSHIARPUR, Punjab",HOSHIARPUR,146001,TRUE,
SAMN,Trends Nagpur Kalameshwar DC,"Reliance Retail Limited Sy No 471 to 476, Mouza Khumari, PSK 12 and Survey No41, 42/142/2 and 43 Mouza Kokardi, PSK 12 KALAMESHWAR",KALAMESHWAR,441502,TRUE,
32001489,U AND M DESIGNS,"Khasra No. 17/6, Tanawara, Luni Tehsil Jodhpur, Rajasthan, India ",JODHPUR,342013,TRUE,
MISC-008,UDAIPUR,UDAIPUR,UDAIPUR,NA,TRUE,
10135484,V.L.S. Foods Pvt Ltd,"V.L.S. Foods Pvt Ltd , H-1-1550 Ph-I Rico Indl. Area , Bhiwadi Distt. Alwar , Rajasthan ",BHIWADI,301019,TRUE,
10273893,VARK SNACK FOOD PVT. LTD.,"SP 1192 F RIICO INDUSTRIAL AREA PHASE IV, BHIWADI ALWAR, Rajasthan ",ALWAR,301019,TRUE,
80016312,VEELINE INDUSTRIES LIMITED,"PLOT NO : A-32, A-33 & A-34 INDUSTRIAL AREA BULANDSHAHR, Sikandrabad - 203206- Uttar Pradesh",BULANDSHAHR,203206,TRUE,
3101000583,VIA RETAIL PRIVATE LIMITED,"Arun Plaza, Civil Lines, Bijnor Uttar Pradesh",Bijnor,246701,TRUE,
VIDEOTEX,Videotex International PVT LTD,"347-C, Udyog kendra-II, Ecotech-III, G.Noida, U.P",NOIDA,201306,TRUE,
30100885,VIDEOTEX INTERNATIONAL PVT. LTD,"VIDEOTEX INTERNATIONAL (P)T LTD.75/4, kASNA 1, ECOTECH-1 EXTENSION 1,Gautam Buddha Nagar, Uttar Pradesh",NOIDA,201310,TRUE,
60402277,VIDHYASAGAR PROTIENS PVT LTD,"SARNA DUNAGR INDUSTRIAL AREA, BENAR ROAD JHOTWARA JAIPUR",JAIPUR,302012,TRUE,
PL- BAVLA,Vijay Mamra Pvt. Ltd.,"Ahmedabad- Bavla Highway                                  Rajoda, Bavla, Dist. Ahmedabad                                    ",BAVLA,382220,TRUE,
VIJAY LUDH,VIJAY VALLABH HOSIERY FACTORY,B-XXIV-3442/2H GALI NO-6 MAHAVIR JAIN COLONY SUNDER NAGAR LUDHIANA PUNJAB   ,LUDHIANA,141007,TRUE,
10149446,Vinod Kumar and Brothers Pvt Ltd.,HARIDWAR,HARIDWAR,,TRUE,
PL- DEWAS,Vippy Industries Ltd,"28 INDUSTRIAL AREA A. B. ROAD, DEWAS-455001 DEWAS ",DEWAS,455001,TRUE,
222589677,VITRAG FABRICS PVT. LTD,HUF VITRAG FABRICS PVT. LTD. F 198 MANDIA ROAD PALI PALI   ,PALI,306401,TRUE,
AF_ALOXE_K,"Warehouse-a, New Survey No. 1076, Nr. Om Sai Way B","Kubadthal,  GJ 382430    ",KUCHAMAN CITY,"Kubadthal, GJ 382430",TRUE,
30109349,WESTWAY ELECTRONICS LIMITED,"SECTOR 84 GAUTAM BUDDHA NAGAR,A-001D UTTAR PRADESH, INDIA  ",NOIDA,201305,TRUE,
10192201,Wings Agro Private Limited,"At: S. No 188, N.H.No.8 -B, Opp. Everest Fertilizer, Amul Casting Street, Veraval (Shapar) Ta. Kotda Sangani, Rajkot (Gujarat)",RAJKOT,360024,TRUE,
ROORKEE,WONDER FIBROMATS LIMITED,"KHASRA NO. 105-106, RAIPUR INDUSTRIAL AREA, Bhagwanpur, Roorkee ",ROORKEE,247667,TRUE,
AGRA (WF),WORLD FOOTWEAR,18/194 Purani Mandi Tajganj Agra,AGRA,282001,TRUE,
KUNDLI,XO FOOTWEAR PVT LTD,"XO Footwear Pvt. Ltd.Plot No. 34B, Sector-57, Phase-IV, HSIIDC Industrial Estate, Kundli Distt. Sonepat, KUNDLI ",KUNDLI,131028,TRUE,
YAVATMAL,YAVATMAL,"pt no C 162 C-zone Yavatmal, MIDC Mouza lohara",YAVATMAL,445001,TRUE,
33000073,YOUNGMAN WOOLLEN MILLS PVT LTD,VILLAGE SEERA RAHON ROAD LUDHIANA PUNJAB INDIA,LUDHIANA,141007,TRUE,
SAFY,YOUSTA Nagpur Kalameshwar DC,YOUSTA Nagpur Kalameshwar DC Reliance Retail Limited Survey No 471 To 476 Mouza Khumari P S K 12 And Survey No 41 42/1 42/2And43 Mouza Kokardi P S K 12 Kalameshwar NAGPUR,KALAMESHWAR,441502,TRUE,
JASPUR,"Zippy Edible Products Pvt Ltd,"," Talabpur Thakurdwara road Jaspur, Dist. - U S Nagar, Uttarakhand.",JASPUR,244712,TRUE,
ZOBELE,ZOBELE INDIA,"PANCHAL UDYOG NAGAR VILLAGE  BHIMPORE NANI DAMAN  DAMAN & DIU, INDIA",DAMAN & DIU (UT),396210,TRUE,
ZYD0,ZYD0 Reliance Retail Limited,8 PLOT NO TC 58 59V ELDECO CORPORATE CHAMBER 2 HASE VIBHUTI KHAND GOMTI NAGAR LUCKNOW ,LUCKNOW,226010,TRUE,
